machine_id,accession,object_id,title_en,title_zh,object_url,direct_image_url,filename_safe,public_domain,downloadable
MET:2025.357,2025.357,911822,Boys Picking Lotus,,https://www.metmuseum.org/art/collection/search/911822,https://collectionapi.metmuseum.org/api/collection/v1/iiif/911822/2319046/main-image,MET_2025_357_911822.jpg,1,1
MET:2025.358,2025.358,911824,May You Soon Bear Noble Sons,清乾隆 早生貴子圖 版畫,https://www.metmuseum.org/art/collection/search/911824,https://collectionapi.metmuseum.org/api/collection/v1/iiif/911824/2319044/main-image,MET_2025_358_911824.jpg,1,1
MET:2025.359,2025.359,911825,Mother and Child,母子圖,https://www.metmuseum.org/art/collection/search/911825,https://collectionapi.metmuseum.org/api/collection/v1/iiif/911825/2319042/main-image,MET_2025_359_911825.jpg,1,1
MET:2025.360,2025.360,911826,The Two Immortals of Harmony and Unity,和合二仙,https://www.metmuseum.org/art/collection/search/911826,https://collectionapi.metmuseum.org/api/collection/v1/iiif/911826/2319186/main-image,MET_2025_360_911826.jpg,1,1
MET:2025.361,2025.361,911827,The Two Immortals of Harmony and Unity,和合二仙,https://www.metmuseum.org/art/collection/search/911827,https://collectionapi.metmuseum.org/api/collection/v1/iiif/911827/2326431/main-image,MET_2025_361_911827.jpg,1,1
MET:2025.362,2025.362,911830,Two Beauties Gather Lotus,雙美採蓮圖,https://www.metmuseum.org/art/collection/search/911830,https://collectionapi.metmuseum.org/api/collection/v1/iiif/911830/2327000/main-image,MET_2025_362_911830.jpg,1,1
MET:2025.364,2025.364,911836,Ten Views of West Lake,西湖十景圖,https://www.metmuseum.org/art/collection/search/911836,https://collectionapi.metmuseum.org/api/collection/v1/iiif/911836/2329868/main-image,MET_2025_364_911836.jpg,1,1
MET:2025.367,2025.367,911843,Character meaning “good fortune”,,https://www.metmuseum.org/art/collection/search/911843,https://collectionapi.metmuseum.org/api/collection/v1/iiif/911843/2325924/main-image,MET_2025_367_911843.jpg,1,1
MET:2025.368,2025.368,911846,Magu Bestows Longevity,麻姑獻壽,https://www.metmuseum.org/art/collection/search/911846,https://collectionapi.metmuseum.org/api/collection/v1/iiif/911846/2325269/main-image,MET_2025_368_911846.jpg,1,1
MET:2025.370,2025.370,911849,Basin of Accumulated Treasures,聚寶盆,https://www.metmuseum.org/art/collection/search/911849,https://collectionapi.metmuseum.org/api/collection/v1/iiif/911849/2325267/main-image,MET_2025_370_911849.jpg,1,1
MET:2025.371,2025.371,911850,View of Putuoshan on the Southern Sea,南海普陀山境,https://www.metmuseum.org/art/collection/search/911850,https://collectionapi.metmuseum.org/api/collection/v1/iiif/911850/2325235/main-image,MET_2025_371_911850.jpg,1,1
MET:2025.372,2025.372,911851,One Hundred Boys,百子图,https://www.metmuseum.org/art/collection/search/911851,https://collectionapi.metmuseum.org/api/collection/v1/iiif/911851/2325234/main-image,MET_2025_372_911851.jpg,1,1
MET:2025.373,2025.373,911852,A Record of Tiger Hill in Suzhou,姑蘓虎丘誌,https://www.metmuseum.org/art/collection/search/911852,https://collectionapi.metmuseum.org/api/collection/v1/iiif/911852/2325233/main-image,MET_2025_373_911852.jpg,1,1
MET:2025.374,2025.374,911854,Ladies with Peony Flowers,牡丹仕女圖,https://www.metmuseum.org/art/collection/search/911854,https://collectionapi.metmuseum.org/api/collection/v1/iiif/911854/2325232/main-image,MET_2025_374_911854.jpg,1,1
MET:2025.375,2025.375,911857,The Holy Emperor Lord Guan,關聖帝君,https://www.metmuseum.org/art/collection/search/911857,https://collectionapi.metmuseum.org/api/collection/v1/iiif/911857/2320626/main-image,MET_2025_375_911857.jpg,1,1
MET:2025.376,2025.376,911858,New Year’s Day,歲朝圖,https://www.metmuseum.org/art/collection/search/911858,https://collectionapi.metmuseum.org/api/collection/v1/iiif/911858/2325231/main-image,MET_2025_376_911858.jpg,1,1
MET:2025.377,2025.377,911860,Scenic Sites of Famous Mount Putuo on the Southern Sea,南海名山普陀勝境,https://www.metmuseum.org/art/collection/search/911860,https://collectionapi.metmuseum.org/api/collection/v1/iiif/911860/2325229/main-image,MET_2025_377_911860.jpg,1,1
MET:2025.378,2025.378,911861,Gusu Beauty in Winter,姑蘇美人 – 冬,https://www.metmuseum.org/art/collection/search/911861,https://collectionapi.metmuseum.org/api/collection/v1/iiif/911861/2325228/main-image,MET_2025_378_911861.jpg,1,1
MET:2025.380,2025.380,911868,"Woman teaching children to read and write calligraphy, from four-print set “Women teaching children the four accomplishments”",姑蘇文人 – 書,https://www.metmuseum.org/art/collection/search/911868,https://collectionapi.metmuseum.org/api/collection/v1/iiif/911868/2325313/main-image,MET_2025_380_911868.jpg,1,1
MET:2025.382,2025.382,911872,"Woman teaching children to play the guqin zither, from four-print set “Women teaching children the four accomplishments”",姑蘇文人 – 琴,https://www.metmuseum.org/art/collection/search/911872,https://collectionapi.metmuseum.org/api/collection/v1/iiif/911872/2325311/main-image,MET_2025_382_911872.jpg,1,1
MET:2025.383,2025.383,911954,Mother and Son by a Pavilion,亭畔母子圖,https://www.metmuseum.org/art/collection/search/911954,https://collectionapi.metmuseum.org/api/collection/v1/iiif/911954/2327004/main-image,MET_2025_383_911954.jpg,1,1
MET:2025.384,2025.384,911873,Gilding the Lily,錦上添花,https://www.metmuseum.org/art/collection/search/911873,https://collectionapi.metmuseum.org/api/collection/v1/iiif/911873/2341776/main-image,MET_2025_384_911873.jpg,1,1
MET:2025.385,2025.385,911874,Story of the Western Chamber,清乾隆 仁和軒印刷 西廂圖 版畫,https://www.metmuseum.org/art/collection/search/911874,https://collectionapi.metmuseum.org/api/collection/v1/iiif/911874/2319178/main-image,MET_2025_385_911874.jpg,1,1
MET:2025.386,2025.386,911875,Yang Guifei and the Tang Emperor Minghuang,楊貴妃與唐明皇,https://www.metmuseum.org/art/collection/search/911875,https://collectionapi.metmuseum.org/api/collection/v1/iiif/911875/2319060/main-image,MET_2025_386_911875.jpg,1,1
MET:2025.387,2025.387,911876,Taozhu Brings Wealth,陶朱致富圖,https://www.metmuseum.org/art/collection/search/911876,https://collectionapi.metmuseum.org/api/collection/v1/iiif/911876/2325494/main-image,MET_2025_387_911876.jpg,1,1
MET:2025.388,2025.388,911877,Picture of a Happy Family,合家歡,https://www.metmuseum.org/art/collection/search/911877,https://collectionapi.metmuseum.org/api/collection/v1/iiif/911877/2319058/main-image,MET_2025_388_911877.jpg,1,1
MET:2025.389,2025.389,911879,Twenty-Eight Constellations Battle at Kunyang,二十八宿鬧昆陽,https://www.metmuseum.org/art/collection/search/911879,https://collectionapi.metmuseum.org/api/collection/v1/iiif/911879/2319056/main-image,MET_2025_389_911879.jpg,1,1
MET:2025.390,2025.390,911881,Scenic View of Yueyang Tower,岳陽樓勝景,https://www.metmuseum.org/art/collection/search/911881,https://collectionapi.metmuseum.org/api/collection/v1/iiif/911881/2319054/main-image,MET_2025_390_911881.jpg,1,1
MET:2025.391,2025.391,911887,Two Beauties Enjoy a Butterfly,雙美賞蝶,https://www.metmuseum.org/art/collection/search/911887,https://collectionapi.metmuseum.org/api/collection/v1/iiif/911887/2318997/main-image,MET_2025_391_911887.jpg,1,1
MET:2025.392,2025.392,911889,The Herd Boy and the Weaving Maiden,牛郎織女,https://www.metmuseum.org/art/collection/search/911889,https://collectionapi.metmuseum.org/api/collection/v1/iiif/911889/2318995/main-image,MET_2025_392_911889.jpg,1,1
MET:2025.393,2025.393,911890,A Prevailing Mood of Harmony,一團和氣,https://www.metmuseum.org/art/collection/search/911890,https://collectionapi.metmuseum.org/api/collection/v1/iiif/911890/2318993/main-image,MET_2025_393_911890.jpg,1,1
MET:2025.395,2025.395,911892,Parrot on a Peach Branch,桃花鸚鵡圖,https://www.metmuseum.org/art/collection/search/911892,https://collectionapi.metmuseum.org/api/collection/v1/iiif/911892/2325492/main-image,MET_2025_395_911892.jpg,1,1
MET:2025.396,2025.396,911893,Zhaojun Leaves for the North,昭君出塞,https://www.metmuseum.org/art/collection/search/911893,https://collectionapi.metmuseum.org/api/collection/v1/iiif/911893/2325491/main-image,MET_2025_396_911893.jpg,1,1
MET:2025.397,2025.397,911897,Satirical Prints of Suzhou Customs,蘇州風俗諷刺畫,https://www.metmuseum.org/art/collection/search/911897,https://collectionapi.metmuseum.org/api/collection/v1/iiif/911897/2320614/main-image,MET_2025_397_911897.jpg,1,1
MET:2025.398,2025.398,911898,Satirical Prints of Suzhou Customs,蘇州風俗諷刺畫,https://www.metmuseum.org/art/collection/search/911898,https://collectionapi.metmuseum.org/api/collection/v1/iiif/911898/2320613/main-image,MET_2025_398_911898.jpg,1,1
MET:2025.399,2025.399,911900,Satirical Prints of Suzhou Customs,蘇州風俗諷刺畫,https://www.metmuseum.org/art/collection/search/911900,https://collectionapi.metmuseum.org/api/collection/v1/iiif/911900/2320612/main-image,MET_2025_399_911900.jpg,1,1
MET:2025.400,2025.400,911904,Two Beauties Picking Dates,雙美採棗圖,https://www.metmuseum.org/art/collection/search/911904,https://collectionapi.metmuseum.org/api/collection/v1/iiif/911904/2320611/main-image,MET_2025_400_911904.jpg,1,1
MET:2025.401,2025.401,911907,Print in Western Style with Western Text,丁氏仿泰西筆意墨線版畫,https://www.metmuseum.org/art/collection/search/911907,https://collectionapi.metmuseum.org/api/collection/v1/iiif/911907/2320610/main-image,MET_2025_401_911907.jpg,1,1
MET:2025.402,2025.402,911909,Scenic Spots of Zhenjiang,鎮江胜境,https://www.metmuseum.org/art/collection/search/911909,https://collectionapi.metmuseum.org/api/collection/v1/iiif/911909/2320655/main-image,MET_2025_402_911909.jpg,1,1
MET:2025.403,2025.403,911910,The Beautiful Scenery of West Lake,西湖勝景,https://www.metmuseum.org/art/collection/search/911910,https://collectionapi.metmuseum.org/api/collection/v1/iiif/911910/2320654/main-image,MET_2025_403_911910.jpg,1,1
MET:2025.405,2025.405,911912,Two Ladies Playing Music,雙美奏樂圖,https://www.metmuseum.org/art/collection/search/911912,https://collectionapi.metmuseum.org/api/collection/v1/iiif/911912/2320653/main-image,MET_2025_405_911912.jpg,1,1
MET:2025.406,2025.406,911913,Beauty and a Cat,美人貓圖,https://www.metmuseum.org/art/collection/search/911913,https://collectionapi.metmuseum.org/api/collection/v1/iiif/911913/2329869/main-image,MET_2025_406_911913.jpg,1,1
MET:2025.407,2025.407,911914,Gold Coins Cover the Ground,遍地金錢,https://www.metmuseum.org/art/collection/search/911914,https://collectionapi.metmuseum.org/api/collection/v1/iiif/911914/2320652/main-image,MET_2025_407_911914.jpg,1,1
MET:2025.408,2025.408,911916,Scenes from the First Part of Pearl Pagoda,珍珠塔前本,https://www.metmuseum.org/art/collection/search/911916,https://collectionapi.metmuseum.org/api/collection/v1/iiif/911916/2320650/main-image,MET_2025_408_911916.jpg,1,1
MET:2025.409,2025.409,911918,Scenes from Second Part of Generals of the Yang Family,杨家将後,https://www.metmuseum.org/art/collection/search/911918,https://collectionapi.metmuseum.org/api/collection/v1/iiif/911918/2320649/main-image,MET_2025_409_911918.jpg,1,1
MET:2025.410,2025.410,911920,A Newly-Cut Print : Scenes from the Second Part of Outlaws of the Marsh,新刻後水滸,https://www.metmuseum.org/art/collection/search/911920,https://collectionapi.metmuseum.org/api/collection/v1/iiif/911920/2320648/main-image,MET_2025_410_911920.jpg,1,1
MET:2025.411,2025.411,911921,A Newly-Cut Print : Scenes from the First Part of Record of The Three Kingdoms,新刻三國誌前傳,https://www.metmuseum.org/art/collection/search/911921,https://collectionapi.metmuseum.org/api/collection/v1/iiif/911921/2320647/main-image,MET_2025_411_911921.jpg,1,1
MET:2025.412,2025.412,911923,A Newly-Cut Print of Illustrations from The Classic of Mountains and Seas,新刻山海經全圖,https://www.metmuseum.org/art/collection/search/911923,https://collectionapi.metmuseum.org/api/collection/v1/iiif/911923/2320646/main-image,MET_2025_412_911923.jpg,1,1
MET:2025.413,2025.413,911925,Rebellion Against the Celestial Court,逆犯天朝,https://www.metmuseum.org/art/collection/search/911925,https://collectionapi.metmuseum.org/api/collection/v1/iiif/911925/2320635/main-image,MET_2025_413_911925.jpg,1,1
MET:2025.415,2025.415,911929,Picking Tea in Autumn Heat,採茶秋熟,https://www.metmuseum.org/art/collection/search/911929,https://collectionapi.metmuseum.org/api/collection/v1/iiif/911929/2320634/main-image,MET_2025_415_911929.jpg,1,1
MET:2025.416,2025.416,911931,Story of The Western Chamber,西廂記圖,https://www.metmuseum.org/art/collection/search/911931,https://collectionapi.metmuseum.org/api/collection/v1/iiif/911931/2325770/main-image,MET_2025_416_911931.jpg,1,1
MET:2025.417,2025.417,911936,Second part of The Story of the Lute,清乾隆 種墨齋印刷 琵琶記後序 版畫,https://www.metmuseum.org/art/collection/search/911936,https://collectionapi.metmuseum.org/api/collection/v1/iiif/911936/2319145/main-image,MET_2025_417_911936.jpg,1,1
MET:2025.418,2025.418,911938,View of Putuoshan on the Southern Sea,南海普陀山境,https://www.metmuseum.org/art/collection/search/911938,https://collectionapi.metmuseum.org/api/collection/v1/iiif/911938/2325458/main-image,MET_2025_418_911938.jpg,1,1
MET:2025.419,2025.419,911939,View of Putuoshan on the Southern Sea,南海普陀山境,https://www.metmuseum.org/art/collection/search/911939,https://collectionapi.metmuseum.org/api/collection/v1/iiif/911939/2325387/main-image,MET_2025_419_911939.jpg,1,1
MET:2025.420,2025.420,911944,Spring Morning in the Han Palace,漢宫春曉,https://www.metmuseum.org/art/collection/search/911944,https://collectionapi.metmuseum.org/api/collection/v1/iiif/911944/2320633/main-image,MET_2025_420_911944.jpg,1,1
MET:2025.423,2025.423,911947,A Hunt on the Plains,平原圍獵,https://www.metmuseum.org/art/collection/search/911947,https://collectionapi.metmuseum.org/api/collection/v1/iiif/911947/2325383/main-image,MET_2025_423_911947.jpg,1,1
MET:2025.427,2025.427,911961,The Jade Hairpin,玉簪記,https://www.metmuseum.org/art/collection/search/911961,https://collectionapi.metmuseum.org/api/collection/v1/iiif/911961/2326900/main-image,MET_2025_427_911961.jpg,1,1
MET:2025.428,2025.428,913059,Amorous scene,,https://www.metmuseum.org/art/collection/search/913059,https://collectionapi.metmuseum.org/api/collection/v1/iiif/913059/2326899/main-image,MET_2025_428_913059.jpg,1,1
MET:2025.430,2025.430,911973,Stone Lake In Suzhou : An Emulation of ‘Famous Scenes of West Lake’,姑蘇石湖倣西湖勝景,https://www.metmuseum.org/art/collection/search/911973,https://collectionapi.metmuseum.org/api/collection/v1/iiif/911973/2325380/main-image,MET_2025_430_911973.jpg,1,1
MET:2025.431,2025.431,911976,Second Part of Tale of Washing the Silken Gauze,浣紗記後,https://www.metmuseum.org/art/collection/search/911976,https://collectionapi.metmuseum.org/api/collection/v1/iiif/911976/2319139/main-image,MET_2025_431_911976.jpg,1,1
MET:2025.432,2025.432,911977,Children and Grandchildren Bring Fortune and Prosperity. The Eight Barbarians Bring Tribute,兒孫福祿 八蛮進寶,https://www.metmuseum.org/art/collection/search/911977,https://collectionapi.metmuseum.org/api/collection/v1/iiif/911977/2325636/main-image,MET_2025_432_911977.jpg,1,1
MET:2025.433,2025.433,911978,The Character Fu,福字,https://www.metmuseum.org/art/collection/search/911978,https://collectionapi.metmuseum.org/api/collection/v1/iiif/911978/2325635/main-image,MET_2025_433_911978.jpg,1,1
MET:2025.434,2025.434,911980,Lady Holding a Brush,仕女執筆圖,https://www.metmuseum.org/art/collection/search/911980,https://collectionapi.metmuseum.org/api/collection/v1/iiif/911980/2325634/main-image,MET_2025_434_911980.jpg,1,1
MET:2025.436,2025.436,911982,The Beautiful Scenery of Famous Mount Putuo on the Southern Sea,南海普陀名山勝景,https://www.metmuseum.org/art/collection/search/911982,https://collectionapi.metmuseum.org/api/collection/v1/iiif/911982/2319137/main-image,MET_2025_436_911982.jpg,1,1
MET:2025.437,2025.437,911983,Complete Geographical Map of the Everlasting Unified Qing Empire,大清萬年一統地理全圖,https://www.metmuseum.org/art/collection/search/911983,https://collectionapi.metmuseum.org/api/collection/v1/iiif/911983/2325940/main-image,MET_2025_437_911983.jpg,1,1
MET:2025.438,2025.438,911984,Promoting Officials,陞官圖,https://www.metmuseum.org/art/collection/search/911984,https://collectionapi.metmuseum.org/api/collection/v1/iiif/911984/2320629/main-image,MET_2025_438_911984.jpg,1,1
MET:2025.439,2025.439,911987,Eight Immortals and Twelve Zodiac Animals,八仙十二生肖圖,https://www.metmuseum.org/art/collection/search/911987,https://collectionapi.metmuseum.org/api/collection/v1/iiif/911987/2325627/main-image,MET_2025_439_911987.jpg,1,1
MET:2025.797.1,2025.797.1,911815,One Hundred Boys,百子图,https://www.metmuseum.org/art/collection/search/911815,https://collectionapi.metmuseum.org/api/collection/v1/iiif/911815/2477255/main-image,MET_2025_797_1_911815.jpg,1,1
MET:2025.797.2,2025.797.2,911886,Stand Alone on the Tortoise Head (Duzhan aotou),獨佔鰲頭,https://www.metmuseum.org/art/collection/search/911886,https://collectionapi.metmuseum.org/api/collection/v1/iiif/911886/2477253/main-image,MET_2025_797_2_911886.jpg,1,1
