object_entry_id,object_node,actor,bridge_scope,source_master,source_section,record_id,document_id,publication,year,printed_page,scan_page,evidence_class,relationship_supported,evidence_summary,bridge_status,next_action,confidence
US-FARLOW-EULENSTEIN-DIATOMACEARUM-1867,"Eulenstein, Diatomacearum Species Typicae",Theodor Eulenstein,same published-series programme,01A_UK_Microscopy_Core_Early_Central_1844-1877,QJMS 1853-1868,R07404; R07405,D089,"Quarterly Journal of Microscopical Science, New Series 7",1867,64-65,72-73,direct historical text,"published by; distributed/orderable through R. & J. Beck; mounted/prepared as slide series","Notice describes two Eulenstein diatom series, five parts of 100 species, preparation dry or in balsam on 3×1-inch slides, labels, and ordering through R. & J. Beck.",VERIFIED_DIRECT,No corpus expansion needed for basic publication/distribution event; retain as anchor.,high
US-FARLOW-EULENSTEIN-DIATOMACEARUM-1867,"Eulenstein, Diatomacearum Species Typicae",Theodor Eulenstein,same published-series programme,01C_UK_Microscopy_Core_Clubs_Popular_Local_1865-1886,Hardwicke's Science-Gossip,R46453,D132,Hardwicke's Science-Gossip,1867,188,196,direct historical text,"published/prepared series; solicited specimen contributions","Contemporary microscopy notice says Eulenstein was preparing a five-section synopsis, each section accompanied by 100 mounted diatom slides, and invited English diatomists to send pure gatherings.",VERIFIED_DIRECT,Use for British contributor/distribution network; search named correspondent T. P. Barkas if needed.,high
US-FARLOW-EULENSTEIN-DIATOMACEARUM-1867,"Eulenstein, Diatomacearum Species Typicae",Theodor Eulenstein,"related later actor/circulation event, not automatically same surviving set",01B_UK_Microscopy_Core_Professional_1869-1886,QJMS / society proceedings,R08345; R08346,D069,"Quarterly Journal of Microscopical Science, New Series 9",1869,325-326,335-336,direct historical text,"purchased material; prepared to issue series on application","Eulenstein reports purchasing the late Dr Arnott's tubes of diatom material and being prepared to issue series from it on application.",VERIFIED_RELATED,Keep separate from the 1867 Farlow set unless a prospectus/catalogue proves identity.,high
UK-STANDREWS-CHARLES-COLLINS-SLIDES,Charles Collins zoological microscope slides,Charles Collins Jr.,same fish-skin / fish-scale commercial series,01C_UK_Microscopy_Core_Clubs_Popular_Local_1865-1886,Hardwicke's Science-Gossip,R37825,D029,Hardwicke's Science-Gossip 20,1884,87,107,direct historical text,prepared/issued for sale,"Notice identifies Charles Collins as the microscope maker's nephew and says he was issuing a special set of well-mounted slides illustrating fish skins and scales.",VERIFIED_DIRECT_IDENTITY_CHECKED,Keep Collins Jr. distinct from his uncle Charles Collins Sr.,high
UK-STANDREWS-CHARLES-COLLINS-SLIDES,Charles Collins zoological microscope slides,"Charles Collins Jr.; Charles Collins Sr. retail shop",same commercial slide programme,01C_UK_Microscopy_Core_Clubs_Popular_Local_1865-1886,Postal Microscopical Society / Journal of Microscopy and Natural Science,R49261,D141,"Journal of Microscopy and Natural Science, vol. IV",1885,advertising matter,354,direct historical advertisement,"mounted by Collins Jr.; stocked/retail-supplied through Great Portland Street; sold as priced sets","Advertisement lists three 'Special' Micro Slide series at 10s 6d per set: fish scales, polarising fish scales/skins, and insect heads; Collins Jr.'s mounted slides were stocked at the senior Collins shop.",VERIFIED_DIRECT,High-value trade evidence already inside corpus.,high
UK-STANDREWS-CHARLES-COLLINS-SLIDES,Charles Collins zoological microscope slides,Charles Collins,bibliographic pointer to missing primary item,01B_UK_Microscopy_Core_Professional_1869-1886,Journal of the RMS 1878-1886,R29639,D098,"Journal of the Royal Microscopical Society, Second Series 4",1884,482,566,bibliographic pointer,published/advertised series,"RMS bibliography points to 'Collins' Series of 48 Fish Scales' in Microscopical News IV (1884), p. 109.",PRIMARY_SOURCE_TARGET,"Add Microscopical News and Northern Microscopist vol. IV (1884), p.109 to corpus if not already present.",high
UK-STANDREWS-CHARLES-COLLINS-SLIDES,Charles Collins zoological microscope slides,Charles Collins Jr.,exact missing 1884 notice located in secondary transcription; primary scan still absent,external locator,"Microscopist.net, Charles Collins Jr. source transcription",,,"Microscopical News and Northern Microscopist, vol. IV",1884,109,,secondary transcription locating primary,"issued series of 48 fish-scale/skin objects; maker identity Charles Collins Jr.","A source-specific secondary transcription reproduces the April 1884 notice headed 'Fish Scales' and cites Microscopical News and Northern Microscopist IV (1884), p.109. The notice says Charles Collins Jr. had just issued a series comprising 48 distinct species and distinguishes him as nephew of the microscope maker.",SOURCE_LOCATED_TRANSCRIPTION_PRIMARY_SCAN_PENDING,Do not spend more discovery time on this target; ingest the primary scan only if vol. IV becomes conveniently available.,high for bibliographic location; medium for text until primary scan
UK-STANDREWS-NAPOLI-FRITZ-MEYER-SLIDES-1881,Stazione Zoologica Napoli zoological microscope slides,"Fritz Meyer; Stazione Zoologica Napoli",same institutional production/distribution programme,01B_UK_Microscopy_Core_Professional_1869-1886,Journal of the RMS 1878-1886,R24170,D057,"Journal of the Royal Microscopical Society, First Series 3",1880,700,156,direct historical text,"sent to Britain; prepared on large scale; forthcoming catalogue/list","Notice records Naples slides exhibited at the Society, sent through A. W. Waters, and says the Station had begun a Fritz Meyer-managed department for large-scale preparation of microscopical objects with a list forthcoming.",VERIFIED_DIRECT,Treat the forthcoming list as the immediate precursor to the 1881 price catalogue.,high
UK-STANDREWS-NAPOLI-FRITZ-MEYER-SLIDES-1881,Stazione Zoologica Napoli zoological microscope slides,Fritz Meyer,direct British use of products from same production programme,01C_UK_Microscopy_Core_Clubs_Popular_Local_1865-1886,Quekett Microscopical Club 1868-1886,R34941,D028,"Journal of the Quekett Microscopical Club, Series 2 vol. 1",1882,194,216,direct historical proceedings,prepared by; exhibited/used in club setting,"Quekett conversational meeting exhibited early chick-embryo specimens explicitly described as prepared by Prof. Fritz Meyer.",VERIFIED_DIRECT,Good use-side bridge; still seek the 1881 price catalogue itself.,high
US-FARLOW-HL-SMITH-DIATOMACEARUM-1876,"H. L. Smith, Diatomacearum Species Typicae",Hamilton Lanphere Smith,"related earlier British circulation event, not the later published set",01A_UK_Microscopy_Core_Early_Central_1844-1877,RMS-QJMS shared text 1853-1868,R02569,D016,"Transactions of the Microscopical Society of London, New Series 16",1868,57,65,direct historical society report,presented to society,"Cabinet report records that on 13 March 1867 Professor H. L. Smith presented 146 diatom slides to the Society.",VERIFIED_RELATED,Do not identify the 146 slides as the 1876-1888 published set.,high
US-FARLOW-HL-SMITH-DIATOMACEARUM-1876,"H. L. Smith, Diatomacearum Species Typicae",Hamilton Lanphere Smith,same actor / preparation practice,01C_UK_Microscopy_Core_Clubs_Popular_Local_1865-1886,Quekett Microscopical Club 1868-1886,R33672,D043,"Journal of the Quekett Microscopical Club, vol. 4",1876,177,183,direct historical paper,preparation/mounting method communicated to British club,"Smith's paper gives his own mounting method for Diatomaceae and Foraminifera, providing preparation-practice context contemporary with the start of the published series.",VERIFIED_RELATED,Use for technique; do not treat as a sales/distribution notice for the set.,high
US-FARLOW-HL-SMITH-DIATOMACEARUM-1876,"H. L. Smith, Diatomacearum Species Typicae",Hamilton Lanphere Smith,"same published-series programme, Century I contemporary reception",01A_UK_Microscopy_Core_Early_Central_1844-1877,"Monthly Microscopical Journal, vol. XVII",R47249; R47250,D135,"Monthly Microscopical Journal, vol. XVII",1877,100-101,116-117,direct historical reprint/notice,"received/reviewed published Century I; one hundred slides; box/tray/catalogue structure; exchange-derived material network","Monthly Microscopical Journal reprints the January 1877 American Journal of Microscopy notice on Smith's first century. It describes 100 slides, an anticipated total of about 500, five pasteboard trays per century, numbered labels/catalogue, diamond-written slide numbers, and notes that material came from Smith's own gatherings, the de Brébisson collection, and contributions obtained by exchange or otherwise.",VERIFIED_DIRECT,Century I object↔text bridge is closed; keep separate from the still-unread August 1878 Century III primary text.,high
US-FARLOW-HL-SMITH-DIATOMACEARUM-1876,"H. L. Smith, Diatomacearum Species Typicae",Hamilton Lanphere Smith,"bibliographic pointer to same published set; August 1878 Century III",01B_UK_Microscopy_Core_Professional_1869-1886,Journal of the RMS 1878-1886,R22760,D080,"American Journal of Microscopy and Popular Science, vol. 3",1878,304,322,bibliographic pointer,published series / Century III,"JRMS bibliography explicitly places 'Notes on Century III. of the Species Typicae Diatomacearum, by Professor H. L. Smith, Geneva, N.Y.' under the August contents of the American Journal of Microscopy and Popular Science. Digitized vol. 3 (1878) is located at HathiTrust, but the Century III page text was not recoverable in this pass.",SOURCE_LOCATED_DIGITIZED_VOLUME_TEXT_PENDING,Digitized vol. 3 is located at HathiTrust (hvd.32044081507253); primary Century III pages/text still need direct page-image inspection before ingestion.,high
US-FARLOW-KITTON-NORFOLK-DIATOMS-1885,"Frederic Kitton, Norfolk Diatoms",Frederic G. Kitton,"same published slide set, first series",01C_UK_Microscopy_Core_Clubs_Popular_Local_1865-1886,Hardwicke's Science-Gossip,R38005,D029,Hardwicke's Science-Gossip 20,1884,260,294,direct historical review/notice,issued/published prepared slide series,"Notice says Kitton had issued the first series of Norfolk Diatomaceae in a case; slides were named and accompanied by a catalogue, with mounting and finish explicitly reviewed.",VERIFIED_DIRECT,Object↔text closure achieved for Series I.,high
US-FARLOW-KITTON-NORFOLK-DIATOMS-1885,"Frederic Kitton, Norfolk Diatoms",Frederic G. Kitton,"same published slide set, second series",01C_UK_Microscopy_Core_Clubs_Popular_Local_1865-1886,Hardwicke's Science-Gossip,R38060,D061,Hardwicke's Science-Gossip 21,1885,18,32,direct historical review/notice,issued/published second series,"Notice states that Kitton had issued the second series of his Norfolk Diatomaceae 'Century' and that it maintained the standard of the first.",VERIFIED_DIRECT,Series III-IV still need a direct contemporary notice/prospectus if full publication sequence is required.,high
US-FARLOW-KITTON-NORFOLK-DIATOMS-1885,"Frederic Kitton, Norfolk Diatoms",Frederic G. Kitton,"same author/local diatom context, not itself the set notice",01C_UK_Microscopy_Core_Clubs_Popular_Local_1865-1886,Quekett Microscopical Club 1868-1886,R35389,D075,"Journal of the Quekett Microscopical Club, Series 2 vol. 2",1885,178,212,direct historical paper,authorship/local diatom list context,"Kitton's 1885 paper explicitly refers to 'my list of Norfolk Diatoms', linking the slide set to his broader Norfolk taxonomic work.",VERIFIED_CONTEXT,Use as intellectual context; not as evidence for the number or sale of slide sets.,high
