machine_id,accession,object_id,title_en,title_zh,culture,period,object_date,medium,dimensions,classification,department,credit_line,public_domain,object_url,api_url,primary_image,primary_image_small,additional_image_count,additional_images,source_merge,range_352_460_member,working_107_member,boundary_role,book_match_status,working_core_hypothesis,preferred_download_url,download_status
MET:2025.354,2025.354,911817,Scenic Spots of Zhenjiang,,"China, Suzhou","Qing dynasty (1644–1911), Qianlong period (1736–95)",,Hanging scroll; woodblock print; ink on paper with additional hand coloring,"Image: 32 1/2 × 23 3/16 in. (82.6 × 58.9 cm)
Overall with mounting: 60 7/8 × 26 11/16 in. (154.6 × 67.8 cm)
Overall with knobs: 60 7/8 × 29 1/2 in. (154.6 × 74.9 cm)",Prints,Asian Art,"Florence and Herbert Irving Acquisitions Fund for Asian Art, 2025",1,https://www.metmuseum.org/art/collection/search/911817,https://collectionapi.metmuseum.org/public/collection/v1/objects/911817,https://images.metmuseum.org/CRDImages/as/original/DP-40650-002.jpg,https://images.metmuseum.org/CRDImages/as/web-large/DP-40650-002.jpg,1,https://images.metmuseum.org/CRDImages/as/original/DP-40650-001.jpg,live_suzhou_search,1,1,H2_working_core,pending_catalogue_concordance,H2: 2025.354–2025.460 = 107 accessions,https://images.metmuseum.org/CRDImages/as/original/DP-40650-002.jpg,official_original_public_domain
MET:2025.355,2025.355,911818,Scenic Spots of Zhenjiang,,"China, Suzhou","Qing dynasty (1644–1911), Qianlong period (1736–95)",,Hanging scroll; woodblock print; ink on paper with additional hand coloring,"Image: 21 5/16 × 31 5/8 in. (54.1 × 80.3 cm)
Overall with mounting: 53 3/4 × 37 3/4 in. (136.5 × 95.9 cm)
Overall with knobs: 53 3/4 × 41 3/4 in. (136.5 × 106 cm)",Prints,Asian Art,"Funds from various donors, 2025",1,https://www.metmuseum.org/art/collection/search/911818,https://collectionapi.metmuseum.org/public/collection/v1/objects/911818,https://images.metmuseum.org/CRDImages/as/original/DP-40651-002.jpg,https://images.metmuseum.org/CRDImages/as/web-large/DP-40651-002.jpg,1,https://images.metmuseum.org/CRDImages/as/original/DP-40651-001.jpg,live_suzhou_search,1,1,H2_working_core,pending_catalogue_concordance,H2: 2025.354–2025.460 = 107 accessions,https://images.metmuseum.org/CRDImages/as/original/DP-40651-002.jpg,official_original_public_domain
MET:2025.356,2025.356,911819,Manchus Quarrel During a Chess Game,,"China, Suzhou","Qing dynasty (1644–1911), Qianlong period (1736–95)",,Hanging scroll; woodblock print; ink on paper with additional hand coloring,"Image: 21 5/16 × 30 5/8 in. (54.1 × 77.8 cm)
Overall with mounting: 60 × 36 3/8 in. (152.4 × 92.4 cm)
Overall with knobs: 60 × 37 3/4 in. (152.4 × 95.9 cm)",Prints,Asian Art,"Purchase, Jane and Raphael Bernstein Gift, 2025",1,https://www.metmuseum.org/art/collection/search/911819,https://collectionapi.metmuseum.org/public/collection/v1/objects/911819,https://images.metmuseum.org/CRDImages/as/original/DP-40652-002.jpg,https://images.metmuseum.org/CRDImages/as/web-large/DP-40652-002.jpg,1,https://images.metmuseum.org/CRDImages/as/original/DP-40652-001.jpg,live_suzhou_search,1,1,H2_working_core,pending_catalogue_concordance,H2: 2025.354–2025.460 = 107 accessions,https://images.metmuseum.org/CRDImages/as/original/DP-40652-002.jpg,official_original_public_domain
MET:2025.357,2025.357,911822,Boys Picking Lotus,,"China, Suzhou","Qing dynasty (1644–1911), Qianlong period (1736–95)",,Hanging scroll; woodblock print; ink on paper with additional hand coloring,"Image: 54. × 23 7/8 in. (137.2 × 60.6 cm)
Overall with mounting: 75 3/4 × 29 1/4 in. (192.4 × 74.3 cm)
Overall with knobs: 75 3/4 × 31 3/8 in. (192.4 × 79.7 cm)",Prints,Asian Art,"Purchase, Gift of Mrs. Samuel T. Peters, by exchange, 2025",1,https://www.metmuseum.org/art/collection/search/911822,https://collectionapi.metmuseum.org/public/collection/v1/objects/911822,https://images.metmuseum.org/CRDImages/as/original/DP-40653-002.jpg,https://images.metmuseum.org/CRDImages/as/web-large/DP-40653-002.jpg,1,https://images.metmuseum.org/CRDImages/as/original/DP-40653-001.jpg,live_suzhou_search,1,1,H2_working_core,pending_catalogue_concordance,H2: 2025.354–2025.460 = 107 accessions,https://images.metmuseum.org/CRDImages/as/original/DP-40653-002.jpg,official_original_public_domain
MET:2025.358,2025.358,911824,May You Soon Bear Noble Sons,,"China, Suzhou","Qing dynasty (1644–1911), Qianlong period (1736–95)",,Hanging scroll; woodblock print; printed in black outline with printed and hand-painted color,"Image: 40 15/16 × 21 1/4 in. (104 × 54 cm)
Overall with mounting: 67 × 25 5/16 in. (170.2 × 64.3 cm)
Overall with knobs: 67 × 28 1/4 in. (170.2 × 71.8 cm)",Prints,Asian Art,"Purchase, Gift of Mrs. Samuel T. Peters, by exchange, 2025",1,https://www.metmuseum.org/art/collection/search/911824,https://collectionapi.metmuseum.org/public/collection/v1/objects/911824,https://images.metmuseum.org/CRDImages/as/original/DP-40654-002.jpg,https://images.metmuseum.org/CRDImages/as/web-large/DP-40654-002.jpg,1,https://images.metmuseum.org/CRDImages/as/original/DP-40654-001.jpg,live_suzhou_search,1,1,H2_working_core,pending_catalogue_concordance,H2: 2025.354–2025.460 = 107 accessions,https://images.metmuseum.org/CRDImages/as/original/DP-40654-002.jpg,official_original_public_domain
MET:2025.359,2025.359,911825,Mother and Child,,"China, Suzhou","Qing dynasty (1644–1911), Qianlong period (1736–95)",,Hanging scroll; woodblock print; ink on paper with additional hand coloring,"Image: 35 3/8 × 19 1/4 in. (89.9 × 48.9 cm)
Overall with mounting: 66 1/2 × 23 7/16 in. (168.9 × 59.5 cm)
Overall with knobs: 66 1/2 × 25 3/4 in. (168.9 × 65.4 cm)",Prints,Asian Art,"Purchase, Rogers Fund, by exchange, 2025",1,https://www.metmuseum.org/art/collection/search/911825,https://collectionapi.metmuseum.org/public/collection/v1/objects/911825,https://images.metmuseum.org/CRDImages/as/original/DP-40655-002.jpg,https://images.metmuseum.org/CRDImages/as/web-large/DP-40655-002.jpg,1,https://images.metmuseum.org/CRDImages/as/original/DP-40655-001.jpg,live_suzhou_search,1,1,H2_working_core,pending_catalogue_concordance,H2: 2025.354–2025.460 = 107 accessions,https://images.metmuseum.org/CRDImages/as/original/DP-40655-002.jpg,official_original_public_domain
MET:2025.360,2025.360,911826,The Two Immortals of Harmony and Unity,,"China, Suzhou","Qing dynasty (1644–1911), Qianlong period (1736–95)",,Hanging scroll; woodblock print; ink on paper with additional hand coloring,"Image: 27 3/8 × 14 1/16 in. (69.5 × 35.7 cm)
Overall with mounting: 56 7/8 × 16 7/8 in. (144.5 × 42.9 cm)
Overall with knobs: 56 7/8 × 18 1/2 in. (144.5 × 47 cm)",Prints,Asian Art,"Purchase, Rogers Fund, by exchange, 2025",1,https://www.metmuseum.org/art/collection/search/911826,https://collectionapi.metmuseum.org/public/collection/v1/objects/911826,https://images.metmuseum.org/CRDImages/as/original/DP-40656-002.jpg,https://images.metmuseum.org/CRDImages/as/web-large/DP-40656-002.jpg,1,https://images.metmuseum.org/CRDImages/as/original/DP-40656-001.jpg,live_suzhou_search,1,1,H2_working_core,pending_catalogue_concordance,H2: 2025.354–2025.460 = 107 accessions,https://images.metmuseum.org/CRDImages/as/original/DP-40656-002.jpg,official_original_public_domain
MET:2025.361,2025.361,911827,The Two Immortals of Harmony and Unity,,"China, Suzhou","Qing dynasty (1644–1911), Qianlong period (1736–95)",,Hanging scroll; woodblock print; ink on paper with additional hand coloring,"Image: 26 7/8 × 13 7/8 in. (68.3 × 35.2 cm)
Overall with mounting: 48 3/4 × 17 in. (123.8 × 43.2 cm)
Overall with knobs: 48 3/4 × 19 1/4 in. (123.8 × 48.9 cm)",Prints,Asian Art,"Purchase, Bequest of Isaac D. Fletcher, by exchange, 2025",1,https://www.metmuseum.org/art/collection/search/911827,https://collectionapi.metmuseum.org/public/collection/v1/objects/911827,https://images.metmuseum.org/CRDImages/as/original/DP-40656-003.jpg,https://images.metmuseum.org/CRDImages/as/web-large/DP-40656-003.jpg,0,,live_suzhou_search,1,1,H2_working_core,pending_catalogue_concordance,H2: 2025.354–2025.460 = 107 accessions,https://images.metmuseum.org/CRDImages/as/original/DP-40656-003.jpg,official_original_public_domain
MET:2025.362,2025.362,911830,Two Beauties Gather Lotus,,"China, Suzhou","Qing dynasty (1644–1911), Jiaqing period (1796–1820)",,Hanging scroll; woodblock print; ink on paper with additional hand coloring,"Image: 26 7/8 × 13 7/8 in. (68.3 × 35.2 cm)
Overall with mounting: 48 3/4 × 17 in. (123.8 × 43.2 cm)
Overall with knobs: 48 3/4 × 19 1/4 in. (123.8 × 48.9 cm)",Prints,Asian Art,"Purchase, Rogers Fund, by exchange, 2025",1,https://www.metmuseum.org/art/collection/search/911830,https://collectionapi.metmuseum.org/public/collection/v1/objects/911830,https://images.metmuseum.org/CRDImages/as/original/DP-41445-002.jpg,https://images.metmuseum.org/CRDImages/as/web-large/DP-41445-002.jpg,1,https://images.metmuseum.org/CRDImages/as/original/DP-41445-001.jpg,live_suzhou_search,1,1,H2_working_core,pending_catalogue_concordance,H2: 2025.354–2025.460 = 107 accessions,https://images.metmuseum.org/CRDImages/as/original/DP-41445-002.jpg,official_original_public_domain
MET:2025.363,2025.363,911834,Three Boys Grabbing Nobility,,"China, Suzhou","Qing dynasty (1644–1911), Qianlong period (1736–95)",,Hanging scroll; woodblock print; ink on paper with additional hand coloring,"Image: 36 in. × 20 1/4 in. (91.4 × 51.5 cm)
Overall with mounting: 70 3/8 × 25 3/4 in. (178.8 × 65.4 cm)",Prints,Asian Art,"Purchase, Rogers Fund, by exchange, 2025",1,https://www.metmuseum.org/art/collection/search/911834,https://collectionapi.metmuseum.org/public/collection/v1/objects/911834,https://images.metmuseum.org/CRDImages/as/original/DP-40657-002.jpg,https://images.metmuseum.org/CRDImages/as/web-large/DP-40657-002.jpg,1,https://images.metmuseum.org/CRDImages/as/original/DP-40657-001.jpg,live_suzhou_search,1,1,H2_working_core,pending_catalogue_concordance,H2: 2025.354–2025.460 = 107 accessions,https://images.metmuseum.org/CRDImages/as/original/DP-40657-002.jpg,official_original_public_domain
MET:2025.364,2025.364,911836,Ten Views of West Lake,,"China, Suzhou","Qing dynasty (1644–1911), Yongzheng–Qianlong period (1723–95)",,Woodblock print; ink on paper,"Image: 43 × 20 1/8 in. (109.2 × 51.1 cm)
Framed: 44 1/8 × 20 7/8 in. (112.1 × 53 cm)",Prints,Asian Art,"Florence and Herbert Irving Acquisitions Fund for Asian Art, 2025",1,https://www.metmuseum.org/art/collection/search/911836,https://collectionapi.metmuseum.org/public/collection/v1/objects/911836,https://images.metmuseum.org/CRDImages/as/original/DP-41821-001.jpg,https://images.metmuseum.org/CRDImages/as/web-large/DP-41821-001.jpg,0,,live_suzhou_search,1,1,H2_working_core,pending_catalogue_concordance,H2: 2025.354–2025.460 = 107 accessions,https://images.metmuseum.org/CRDImages/as/original/DP-41821-001.jpg,official_original_public_domain
MET:2025.365,2025.365,911838,Lady with Boys Playing Instruments,,"China, Suzhou","Qing dynasty (1644–1911), Qianlong period (1736–95)",,Woodblock print; ink on paper with additional hand coloring,"Image: 29 1/8 × 19 1/8 in. (74 × 48.6 cm)
Overall with mounting: 32 3/8 × 21 5/8 in. (82.2 × 54.9 cm)",Prints,Asian Art,"Purchase, Bequest of Isaac D. Fletcher, by exchange, 2025",1,https://www.metmuseum.org/art/collection/search/911838,https://collectionapi.metmuseum.org/public/collection/v1/objects/911838,https://images.metmuseum.org/CRDImages/as/original/DP-41446-001.jpg,https://images.metmuseum.org/CRDImages/as/web-large/DP-41446-001.jpg,0,,live_suzhou_search,1,1,H2_working_core,pending_catalogue_concordance,H2: 2025.354–2025.460 = 107 accessions,https://images.metmuseum.org/CRDImages/as/original/DP-41446-001.jpg,official_original_public_domain
MET:2025.366,2025.366,911839,One Hundred Longevity Characters,,"China, Suzhou",Ming dynasty (1368–1644)?,,Woodblock print; ink and color on paper,"Image: 48 5/16 × 20 11/16 in. (122.7 × 52.5 cm)
Sheet: 48 5/16 × 20 11/16 in. (122.7 × 52.5 cm)",Prints,Asian Art,"Purchase, Rogers Fund, by exchange, 2025",1,https://www.metmuseum.org/art/collection/search/911839,https://collectionapi.metmuseum.org/public/collection/v1/objects/911839,https://images.metmuseum.org/CRDImages/as/original/DP-41270-001.jpg,https://images.metmuseum.org/CRDImages/as/web-large/DP-41270-001.jpg,0,,live_suzhou_search,1,1,H2_working_core,pending_catalogue_concordance,H2: 2025.354–2025.460 = 107 accessions,https://images.metmuseum.org/CRDImages/as/original/DP-41270-001.jpg,official_original_public_domain
MET:2025.367,2025.367,911843,Character meaning “good fortune”,,"China, Suzhou","Qing dynasty (1644–1911), Qianlong period (1736–95)",18th century,Woodblock print; ink on paper with additional hand coloring,"Image: 36 15/16 × 21 5/8 in. (93.8 × 54.9 cm)
Overall with mounting: 36 15/16 × 21 5/8 in. (93.8 × 54.9 cm)",Prints,Asian Art,"Purchase, Bequest of Robert West, by exchange, 2025",1,https://www.metmuseum.org/art/collection/search/911843,https://collectionapi.metmuseum.org/public/collection/v1/objects/911843,https://images.metmuseum.org/CRDImages/as/original/DP-41271-001.jpg,https://images.metmuseum.org/CRDImages/as/web-large/DP-41271-001.jpg,0,,live_suzhou_search,1,1,H2_working_core,pending_catalogue_concordance,H2: 2025.354–2025.460 = 107 accessions,https://images.metmuseum.org/CRDImages/as/original/DP-41271-001.jpg,official_original_public_domain
MET:2025.368,2025.368,911846,Magu Bestows Longevity,,"China, Suzhou","Qing dynasty (1644–1911), Qianlong period (1736–95)",,Woodblock print; ink on paper with additional hand coloring,"Image: 38 9/16 × 23 1/2 in. (97.9 × 59.7 cm)
Sheet: 38 7/8 × 23 5/8 in. (98.7 × 60 cm)",Prints,Asian Art,"Purchase by subscription, by exchange, 2025",1,https://www.metmuseum.org/art/collection/search/911846,https://collectionapi.metmuseum.org/public/collection/v1/objects/911846,https://images.metmuseum.org/CRDImages/as/original/DP-41272-001.jpg,https://images.metmuseum.org/CRDImages/as/web-large/DP-41272-001.jpg,0,,live_suzhou_search,1,1,H2_working_core,pending_catalogue_concordance,H2: 2025.354–2025.460 = 107 accessions,https://images.metmuseum.org/CRDImages/as/original/DP-41272-001.jpg,official_original_public_domain
MET:2025.369,2025.369,911847,Five Boys Competing for Distinction,,"China, Suzhou","Qing dynasty (1644–1911), Qianlong period (1736–95)",,Woodblock print; ink on paper with additional hand coloring,"Image: 43 3/16 × 22 7/8 in. (109.7 × 58.1 cm)
Overall with mounting: 43 3/16 × 22 7/8 in. (109.7 × 58.1 cm)",Prints,Asian Art,"Purchase, Robert Hatfield Ellsworth Bequest, 2025",1,https://www.metmuseum.org/art/collection/search/911847,https://collectionapi.metmuseum.org/public/collection/v1/objects/911847,https://images.metmuseum.org/CRDImages/as/original/DP-41273-001.jpg,https://images.metmuseum.org/CRDImages/as/web-large/DP-41273-001.jpg,0,,live_suzhou_search,1,1,H2_working_core,pending_catalogue_concordance,H2: 2025.354–2025.460 = 107 accessions,https://images.metmuseum.org/CRDImages/as/original/DP-41273-001.jpg,official_original_public_domain
MET:2025.370,2025.370,911849,Basin of Accumulated Treasures,,"China, Suzhou","Qing dynasty (1644–1911), Qianlong period (1736–95)",18th century,Woodblock print; ink on paper with additional hand coloring,"Image: 41 3/8 × 21 1/2 in. (105.1 × 54.6 cm)
Overall with mounting: 41 7/8 × 22 in. (106.4 × 55.9 cm)",Prints,Asian Art,"Purchase, C.C. Wang Family Fund Gift, 2025",1,https://www.metmuseum.org/art/collection/search/911849,https://collectionapi.metmuseum.org/public/collection/v1/objects/911849,https://images.metmuseum.org/CRDImages/as/original/DP-41274-001.jpg,https://images.metmuseum.org/CRDImages/as/web-large/DP-41274-001.jpg,0,,live_suzhou_search,1,1,H2_working_core,pending_catalogue_concordance,H2: 2025.354–2025.460 = 107 accessions,https://images.metmuseum.org/CRDImages/as/original/DP-41274-001.jpg,official_original_public_domain
MET:2025.371,2025.371,911850,View of Putuoshan on the Southern Sea,,"China, Suzhou","Qing dynasty (1644–1911), Jiaqing period (1796–1820)",,Woodblock print; ink on paper with additional hand coloring,"Image: 22 7/8 × 42 1/16 in. (58.1 × 106.8 cm)
Overall with mounting: 22 7/8 × 42 1/16 in. (58.1 × 106.8 cm)",Prints,Asian Art,"Purchase, Gift of Mrs. Harry Payne Bingham, by exchange, 2025",1,https://www.metmuseum.org/art/collection/search/911850,https://collectionapi.metmuseum.org/public/collection/v1/objects/911850,https://images.metmuseum.org/CRDImages/as/original/DP-41275-001.jpg,https://images.metmuseum.org/CRDImages/as/web-large/DP-41275-001.jpg,0,,live_suzhou_search,1,1,H2_working_core,pending_catalogue_concordance,H2: 2025.354–2025.460 = 107 accessions,https://images.metmuseum.org/CRDImages/as/original/DP-41275-001.jpg,official_original_public_domain
MET:2025.372,2025.372,911851,One Hundred Boys,百子图,"China, Suzhou","Qing dynasty (1644–1911), Qianlong period (1736–95)",,Woodblock print; ink on paper with additional hand coloring,"Image: 40 3/8 × 22 7/16 in. (102.6 × 57 cm)
Overall with mounting: 40 3/8 × 22 7/16 in. (102.6 × 57 cm)",Prints,Asian Art,"Purchase, Gift of Mrs. Samuel T. Peters, by exchange, 2025",1,https://www.metmuseum.org/art/collection/search/911851,https://collectionapi.metmuseum.org/public/collection/v1/objects/911851,https://images.metmuseum.org/CRDImages/as/original/DP-41276-001.jpg,https://images.metmuseum.org/CRDImages/as/web-large/DP-41276-001.jpg,0,,prior_successful_api_fallback_after_transient_403,1,1,H2_working_core,pending_catalogue_concordance,H2: 2025.354–2025.460 = 107 accessions,https://images.metmuseum.org/CRDImages/as/original/DP-41276-001.jpg,official_original_public_domain
MET:2025.373,2025.373,911852,A Record of Tiger Hill in Suzhou,,"China, Suzhou","Qing dynasty (1644–1911), Qianlong period (1736–95)",18th century,Woodblock print; ink on paper with additional hand coloring,"Image: 40 1/8 × 21 1/8 in. (101.9 × 53.7 cm)
Overall with mounting: 41 11/16 × 22 5/8 × 1/2 in. (105.9 × 57.5 × 1.3 cm)",Prints,Asian Art,"Florence and Herbert Irving Acquisitions Fund for Asian Art, 2025",1,https://www.metmuseum.org/art/collection/search/911852,https://collectionapi.metmuseum.org/public/collection/v1/objects/911852,https://images.metmuseum.org/CRDImages/as/original/DP-41277-001.jpg,https://images.metmuseum.org/CRDImages/as/web-large/DP-41277-001.jpg,0,,live_suzhou_search,1,1,H2_working_core,pending_catalogue_concordance,H2: 2025.354–2025.460 = 107 accessions,https://images.metmuseum.org/CRDImages/as/original/DP-41277-001.jpg,official_original_public_domain
MET:2025.374,2025.374,911854,Ladies with Peony Flowers,牡丹仕女圖,"China, Suzhou","Qing dynasty (1644–1911), Qianlong period (1736–95)",,Woodblock print; ink on paper with additional hand coloring,"Image: 29 1/2 × 19 in. (74.9 × 48.3 cm)
Overall with mounting: 29 1/2 × 19 in. (74.9 × 48.3 cm)",Prints,Asian Art,"Purchase, Gift of Mrs. Samuel T. Peters, by exchange, 2025",1,https://www.metmuseum.org/art/collection/search/911854,https://collectionapi.metmuseum.org/public/collection/v1/objects/911854,https://images.metmuseum.org/CRDImages/as/original/DP-41278-001.jpg,https://images.metmuseum.org/CRDImages/as/web-large/DP-41278-001.jpg,0,,prior_successful_api_fallback_after_transient_403,1,1,H2_working_core,pending_catalogue_concordance,H2: 2025.354–2025.460 = 107 accessions,https://images.metmuseum.org/CRDImages/as/original/DP-41278-001.jpg,official_original_public_domain
MET:2025.375,2025.375,911857,The Holy Emperor Lord Guan,,"China, Suzhou",Ming dynasty (1368–1644)?,,Woodblock print; ink on paper with additional hand coloring,"Image: 18 7/8 × 21 1/4 in. (47.9 × 54 cm)
Overall with mounting: 18 7/8 × 21 1/4 in. (47.9 × 54 cm)",Prints,Asian Art,"Purchase, Jane and Raphael Bernstein Gift, 2025",1,https://www.metmuseum.org/art/collection/search/911857,https://collectionapi.metmuseum.org/public/collection/v1/objects/911857,https://images.metmuseum.org/CRDImages/as/original/DP-40846-001.jpg,https://images.metmuseum.org/CRDImages/as/web-large/DP-40846-001.jpg,0,,live_suzhou_search,1,1,H2_working_core,pending_catalogue_concordance,H2: 2025.354–2025.460 = 107 accessions,https://images.metmuseum.org/CRDImages/as/original/DP-40846-001.jpg,official_original_public_domain
MET:2025.376,2025.376,911858,New Year’s Day,歲朝圖,"China, Suzhou","Qing dynasty (1644–1911), Qianlong period (1736–95)",1747,Woodblock print; ink on paper with additional hand coloring,"Image: 37 × 21 1/16 in. (94 × 53.5 cm)
Overall with mounting: 40 1/2 × 22 11/16 in. (102.9 × 57.6 cm)",Prints,Asian Art,"Florence and Herbert Irving Acquisitions Fund for Asian Art, 2025",1,https://www.metmuseum.org/art/collection/search/911858,https://collectionapi.metmuseum.org/public/collection/v1/objects/911858,https://images.metmuseum.org/CRDImages/as/original/DP-41280-001.jpg,https://images.metmuseum.org/CRDImages/as/web-large/DP-41280-001.jpg,0,,prior_successful_api_fallback_after_transient_403,1,1,H2_working_core,pending_catalogue_concordance,H2: 2025.354–2025.460 = 107 accessions,https://images.metmuseum.org/CRDImages/as/original/DP-41280-001.jpg,official_original_public_domain
MET:2025.377,2025.377,911860,Scenic Sites of Famous Mount Putuo on the Southern Sea,,"China, Suzhou","Qing dynasty (1644–1911), Xianfeng period (1851–61)",,Woodblock print; ink on paper,"Image: 44 3/4 × 23 13/16 in. (113.7 × 60.5 cm)
Overall with mounting: 77 × 28 11/16 in. (195.6 × 72.9 cm)
Overall with knobs: 77 × 32 5/8 in. (195.6 × 82.9 cm)",Prints,Asian Art,"Purchase, John Stewart Kennedy Fund, by exchange, 2025",1,https://www.metmuseum.org/art/collection/search/911860,https://collectionapi.metmuseum.org/public/collection/v1/objects/911860,https://images.metmuseum.org/CRDImages/as/original/DP-41281-002.jpg,https://images.metmuseum.org/CRDImages/as/web-large/DP-41281-002.jpg,1,https://images.metmuseum.org/CRDImages/as/original/DP-41281-001.jpg,live_suzhou_search,1,1,H2_working_core,pending_catalogue_concordance,H2: 2025.354–2025.460 = 107 accessions,https://images.metmuseum.org/CRDImages/as/original/DP-41281-002.jpg,official_original_public_domain
MET:2025.378,2025.378,911861,Gusu Beauty in Winter,,"China, Suzhou","Qing dynasty (1644–1911), Qianlong period (1736–95)",,Woodblock print; ink on paper with additional hand coloring,"Image: 32 3/8 × 23 3/8 in. (82.2 × 59.4 cm)
Panel: 44 1/8 × 24 1/4 in. (112.1 × 61.6 cm)",Prints,Asian Art,"Purchase, Jane and Raphael Bernstein Gift, 2025",1,https://www.metmuseum.org/art/collection/search/911861,https://collectionapi.metmuseum.org/public/collection/v1/objects/911861,https://images.metmuseum.org/CRDImages/as/original/DP-41282-001.jpg,https://images.metmuseum.org/CRDImages/as/web-large/DP-41282-001.jpg,0,,live_suzhou_search,1,1,H2_working_core,pending_catalogue_concordance,H2: 2025.354–2025.460 = 107 accessions,https://images.metmuseum.org/CRDImages/as/original/DP-41282-001.jpg,official_original_public_domain
MET:2025.379,2025.379,911867,"Woman teaching children to paint, from four-print set “Women teaching children the four accomplishments”",,"China, Suzhou","Qing dynasty (1644–1911), Qianlong period (1736–95)",,Woodblock print; ink on paper with additional hand coloring,"Image: 43 3/8 × 23 3/4 in. (110.2 × 60.3 cm)
Panel: 43 3/4 × 24 in. (111.1 × 61 cm)",Prints,Asian Art,"Douglas Dillon Fund, 2025",1,https://www.metmuseum.org/art/collection/search/911867,https://collectionapi.metmuseum.org/public/collection/v1/objects/911867,https://images.metmuseum.org/CRDImages/as/original/DP-41283-001.jpg,https://images.metmuseum.org/CRDImages/as/web-large/DP-41283-001.jpg,0,,live_suzhou_search,1,1,H2_working_core,pending_catalogue_concordance,H2: 2025.354–2025.460 = 107 accessions,https://images.metmuseum.org/CRDImages/as/original/DP-41283-001.jpg,official_original_public_domain
MET:2025.380,2025.380,911868,"Woman teaching children to read and write calligraphy, from four-print set “Women teaching children the four accomplishments”",,"China, Suzhou","Qing dynasty (1644–1911), Qianlong period (1736–95)",,Woodblock print; ink on paper with additional hand coloring,"Image: 43 1/8 × 23 9/16 in. (109.5 × 59.8 cm)
Frame: 43 3/4 × 24 in. (111.1 × 61 cm)",Prints,Asian Art,"Douglas Dillon Fund, 2025",1,https://www.metmuseum.org/art/collection/search/911868,https://collectionapi.metmuseum.org/public/collection/v1/objects/911868,https://images.metmuseum.org/CRDImages/as/original/DP-41284-001.jpg,https://images.metmuseum.org/CRDImages/as/web-large/DP-41284-001.jpg,0,,live_suzhou_search,1,1,H2_working_core,pending_catalogue_concordance,H2: 2025.354–2025.460 = 107 accessions,https://images.metmuseum.org/CRDImages/as/original/DP-41284-001.jpg,official_original_public_domain
MET:2025.381,2025.381,911871,"Woman teaching children to play chess, from four-print set “Women teaching children the four accomplishments”",,"China, Suzhou","Qing dynasty (1644–1911), Qianlong period (1736–95)",,Woodblock print; ink on paper with additional hand coloring,"Image: 42 1/4 × 22 5/8 in. (107.3 × 57.5 cm)
Framed: 44 × 24 1/4 in. (111.8 × 61.6 cm)",Prints,Asian Art,"Douglas Dillon Fund, 2025",1,https://www.metmuseum.org/art/collection/search/911871,https://collectionapi.metmuseum.org/public/collection/v1/objects/911871,https://images.metmuseum.org/CRDImages/as/original/DP-41285-001.jpg,https://images.metmuseum.org/CRDImages/as/web-large/DP-41285-001.jpg,0,,live_suzhou_search,1,1,H2_working_core,pending_catalogue_concordance,H2: 2025.354–2025.460 = 107 accessions,https://images.metmuseum.org/CRDImages/as/original/DP-41285-001.jpg,official_original_public_domain
MET:2025.382,2025.382,911872,"Woman teaching children to play the guqin zither, from four-print set “Women teaching children the four accomplishments""",,"China, Suzhou","Qing dynasty (1644–1911), Qianlong period (1736–95)",,Woodblock print; ink on paper with additional hand coloring,"Image: 44 1/4 × 24 1/2 in. (112.4 × 62.2 cm)
Sheet: 44 5/8 × 24 7/8 in. (113.3 × 63.2 cm)",Prints,Asian Art,"Douglas Dillon Fund, 2025",1,https://www.metmuseum.org/art/collection/search/911872,https://collectionapi.metmuseum.org/public/collection/v1/objects/911872,https://images.metmuseum.org/CRDImages/as/original/DP-41286-001.jpg,https://images.metmuseum.org/CRDImages/as/web-large/DP-41286-001.jpg,0,,live_suzhou_search,1,1,H2_working_core,pending_catalogue_concordance,H2: 2025.354–2025.460 = 107 accessions,https://images.metmuseum.org/CRDImages/as/original/DP-41286-001.jpg,official_original_public_domain
MET:2025.383,2025.383,911954,Mother and Son by a Pavilion,,"China, Suzhou","Qing dynasty (1644–1911), Qianlong period (1736–95)",,Woodblock print; ink on paper with additional hand coloring,Image: 38 5/8 × 21 3/4 in. (98.1 × 55.2 cm),Prints,Asian Art,"Purchase, Robert Hatfield Ellsworth Bequest, 2025",1,https://www.metmuseum.org/art/collection/search/911954,https://collectionapi.metmuseum.org/public/collection/v1/objects/911954,https://images.metmuseum.org/CRDImages/as/original/DP-41473-001.jpg,https://images.metmuseum.org/CRDImages/as/web-large/DP-41473-001.jpg,0,,live_suzhou_search,1,1,H2_working_core,pending_catalogue_concordance,H2: 2025.354–2025.460 = 107 accessions,https://images.metmuseum.org/CRDImages/as/original/DP-41473-001.jpg,official_original_public_domain
MET:2025.384,2025.384,911873,Gilding the Lily,錦上添花,"China, Suzhou","Qing dynasty (1644–1911), Qianlong period (1736–95)",,Woodblock print; ink on paper with additional hand coloring,"Image: 37 5/8 × 20 1/8 in. (95.5 × 51.1 cm)
Framed: 48 3/8 × 30 5/8 in. (122.9 × 77.8 cm)",Prints,Asian Art,"Purchase, C.C. Wang Family Fund Gift, 2025",1,https://www.metmuseum.org/art/collection/search/911873,https://collectionapi.metmuseum.org/public/collection/v1/objects/911873,https://images.metmuseum.org/CRDImages/as/original/DP-41287-001.jpg,https://images.metmuseum.org/CRDImages/as/web-large/DP-41287-001.jpg,0,,prior_successful_api_fallback_after_transient_403,1,1,H2_working_core,pending_catalogue_concordance,H2: 2025.354–2025.460 = 107 accessions,https://images.metmuseum.org/CRDImages/as/original/DP-41287-001.jpg,official_original_public_domain
MET:2025.385,2025.385,911874,Story of the Western Chamber,,"China, Suzhou","Qing dynasty (1644–1911), Qianlong period (1736–95)",,HaHanging scroll; woodblock print; two shades of ink on paper with additional hand coloring,"Image: 40 3/4 × 21 3/4 in. (103.5 × 55.2 cm)
Overall with mounting: 70 1/2 × 25 3/4 in. (179.1 × 65.4 cm)
Overall with knobs: 70 1/2 × 27 1/2 in. (179.1 × 69.9 cm)",Prints,Asian Art,"Purchase, C.C. Wang Family Fund Gift, 2025",1,https://www.metmuseum.org/art/collection/search/911874,https://collectionapi.metmuseum.org/public/collection/v1/objects/911874,https://images.metmuseum.org/CRDImages/as/original/DP-40658-002.jpg,https://images.metmuseum.org/CRDImages/as/web-large/DP-40658-002.jpg,1,https://images.metmuseum.org/CRDImages/as/original/DP-40658-001.jpg,live_suzhou_search,1,1,H2_working_core,pending_catalogue_concordance,H2: 2025.354–2025.460 = 107 accessions,https://images.metmuseum.org/CRDImages/as/original/DP-40658-002.jpg,official_original_public_domain
MET:2025.386,2025.386,911875,Yang Guifei  and the Tang Emperor Minghuang,,"China, Suzhou","Qing dynasty (1644–1911), Qianlong period (1736–95)",,Hanging scroll; woodblock print; ink on paper,"Image: 40 7/8 × 22 1/4 in. (103.8 × 56.5 cm)
Overall with mounting: 71 3/4 × 28 in. (182.2 × 71.1 cm)
Overall with knobs: 71 3/4 × 30 1/16 in. (182.2 × 76.4 cm)",Prints,Asian Art,"Purchase, Robert Hatfield Ellsworth Bequest, 2025",1,https://www.metmuseum.org/art/collection/search/911875,https://collectionapi.metmuseum.org/public/collection/v1/objects/911875,https://images.metmuseum.org/CRDImages/as/original/DP-40659-002.jpg,https://images.metmuseum.org/CRDImages/as/web-large/DP-40659-002.jpg,1,https://images.metmuseum.org/CRDImages/as/original/DP-40659-001.jpg,live_suzhou_search,1,1,H2_working_core,pending_catalogue_concordance,H2: 2025.354–2025.460 = 107 accessions,https://images.metmuseum.org/CRDImages/as/original/DP-40659-002.jpg,official_original_public_domain
MET:2025.387,2025.387,911876,Taozhu Brings Wealth,,"China, Suzhou","Qing dynasty (1644–1911), Qianlong period (1736–95)",,Woodblock print; ink on paper,"Image: 43 5/16 × 23 1/8 in. (110 × 58.7 cm)
Overall with mounting: 77 5/8 × 30 1/16 in. (197.2 × 76.4 cm)
Overall with knobs: 77 5/8 × 33 3/4 in. (197.2 × 85.7 cm)",Prints,Asian Art,"Purchase by subscription, by exchange, 2025",1,https://www.metmuseum.org/art/collection/search/911876,https://collectionapi.metmuseum.org/public/collection/v1/objects/911876,https://images.metmuseum.org/CRDImages/as/original/DP-41290-002.jpg,https://images.metmuseum.org/CRDImages/as/web-large/DP-41290-002.jpg,1,https://images.metmuseum.org/CRDImages/as/original/DP-41290-001.jpg,live_suzhou_search,1,1,H2_working_core,pending_catalogue_concordance,H2: 2025.354–2025.460 = 107 accessions,https://images.metmuseum.org/CRDImages/as/original/DP-41290-002.jpg,official_original_public_domain
MET:2025.388,2025.388,911877,Picture of a Happy Family,,"China, Suzhou","Qing dynasty (1644–1911), Qianlong period (1736–95)",,Hanging scroll; woodblock print; ink on paper with additional hand coloring,"Image: 22 15/16 × 41 3/4 in. (58.3 × 106 cm)
Overall with mounting: 46 3/4 × 44 3/4 in. (118.7 × 113.7 cm)
Overall with knobs: 46 3/4 × 49 in. (118.7 × 124.5 cm)",Prints,Asian Art,"Purchase, Gift of Mrs. Samuel T. Peters, by exchange, 2025",1,https://www.metmuseum.org/art/collection/search/911877,https://collectionapi.metmuseum.org/public/collection/v1/objects/911877,https://images.metmuseum.org/CRDImages/as/original/DP-40660-002.jpg,https://images.metmuseum.org/CRDImages/as/web-large/DP-40660-002.jpg,1,https://images.metmuseum.org/CRDImages/as/original/DP-40660-001.jpg,live_suzhou_search,1,1,H2_working_core,pending_catalogue_concordance,H2: 2025.354–2025.460 = 107 accessions,https://images.metmuseum.org/CRDImages/as/original/DP-40660-002.jpg,official_original_public_domain
MET:2025.389,2025.389,911879,Twenty-Eight Constellations Battle at Kunyang,,"China, Suzhou","Qing dynasty (1644–1911), Qianlong period (1736–95)",,Hanging scroll; woodblock print; ink on paper with additional hand coloring,"Image: 40 3/8 × 21 1/4 in. (102.5 × 54 cm)
Overall with mounting: 74 × 25 7/16 in. (188 × 64.6 cm)
Overall with knobs: 74 × 27 3/4 in. (188 × 70.5 cm)",Prints,Asian Art,"Purchase by subscription, by exchange, 2025",1,https://www.metmuseum.org/art/collection/search/911879,https://collectionapi.metmuseum.org/public/collection/v1/objects/911879,https://images.metmuseum.org/CRDImages/as/original/DP-40661-002.jpg,https://images.metmuseum.org/CRDImages/as/web-large/DP-40661-002.jpg,1,https://images.metmuseum.org/CRDImages/as/original/DP-40661-001.jpg,live_suzhou_search,1,1,H2_working_core,pending_catalogue_concordance,H2: 2025.354–2025.460 = 107 accessions,https://images.metmuseum.org/CRDImages/as/original/DP-40661-002.jpg,official_original_public_domain
MET:2025.390,2025.390,911881,Scenic View of Yueyang Tower,,"China, Suzhou","Qing dynasty (1644–1911), Qianlong period (1736–95)",,Hanging scroll; woodblock print; ink on paper with additional hand coloring,"Image: 39 7/16 × 21 1/2 in. (100.2 × 54.6 cm)
Overall with mounting: 76 7/8 × 25 5/8 in. (195.3 × 65.1 cm)
Overall with knobs: 76 7/8 × 29 1/8 in. (195.3 × 74 cm)",Prints,Asian Art,"Florence and Herbert Irving Acquisitions Fund for Asian Art, 2025",1,https://www.metmuseum.org/art/collection/search/911881,https://collectionapi.metmuseum.org/public/collection/v1/objects/911881,https://images.metmuseum.org/CRDImages/as/original/DP-40662-002.jpg,https://images.metmuseum.org/CRDImages/as/web-large/DP-40662-002.jpg,1,https://images.metmuseum.org/CRDImages/as/original/DP-40662-001.jpg,live_suzhou_search,1,1,H2_working_core,pending_catalogue_concordance,H2: 2025.354–2025.460 = 107 accessions,https://images.metmuseum.org/CRDImages/as/original/DP-40662-002.jpg,official_original_public_domain
MET:2025.391,2025.391,911887,Two Beauties Enjoy a Butterfly,,"China, Suzhou","Qing dynasty (1644–1911), Qianlong period (1736–95)",,Hanging scroll; woodblock print; ink on paper with additional hand coloring,"Image: 40 5/8 × 22 7/8 in. (103.2 × 58.1 cm)
Overall with mounting: 65 1/8 × 25 5/8 in. (165.4 × 65.1 cm)
Overall with knobs: 65 1/8 × 27 3/8 in. (165.4 × 69.5 cm)",Prints,Asian Art,"Purchase, Gift of Mrs. Samuel T. Peters, by exchange, 2025",1,https://www.metmuseum.org/art/collection/search/911887,https://collectionapi.metmuseum.org/public/collection/v1/objects/911887,https://images.metmuseum.org/CRDImages/as/original/DP-40663-002.jpg,https://images.metmuseum.org/CRDImages/as/web-large/DP-40663-002.jpg,1,https://images.metmuseum.org/CRDImages/as/original/DP-40663-001.jpg,live_suzhou_search,1,1,H2_working_core,pending_catalogue_concordance,H2: 2025.354–2025.460 = 107 accessions,https://images.metmuseum.org/CRDImages/as/original/DP-40663-002.jpg,official_original_public_domain
MET:2025.392,2025.392,911889,The Herd Boy and the Weaving Maiden,,"China, Suzhou","Qing dynasty (1644–1911), Qianlong period (1736–95)",,Hanging scroll; woodblock print; ink on paper with additional hand coloring,"Image: 38 3/8 × 20 3/4 in. (97.5 × 52.7 cm)
Overall with mounting: 79 1/8 × 23 1/4 in. (201 × 59 cm)
Overall with knobs: 79 1/8 × 25 in. (201 × 63.5 cm)",Prints,Asian Art,"Purchase, C.C. Wang Family Fund Gift, 2025",1,https://www.metmuseum.org/art/collection/search/911889,https://collectionapi.metmuseum.org/public/collection/v1/objects/911889,https://images.metmuseum.org/CRDImages/as/original/DP-40664-002.jpg,https://images.metmuseum.org/CRDImages/as/web-large/DP-40664-002.jpg,1,https://images.metmuseum.org/CRDImages/as/original/DP-40664-001.jpg,live_suzhou_search,1,1,H2_working_core,pending_catalogue_concordance,H2: 2025.354–2025.460 = 107 accessions,https://images.metmuseum.org/CRDImages/as/original/DP-40664-002.jpg,official_original_public_domain
MET:2025.393,2025.393,911890,A Prevailing Mood of Harmony,,"China, Suzhou","Qing dynasty (1644–1911), Qianlong period (1736–95)",,Hanging scroll; woodblock print; ink on paper with additional hand coloring,"Image: 30 3/4 × 22 5/16 in. (78.1 × 56.7 cm)
Overall with mounting: 82 7/8 × 27 7/16 in. (210.5 × 69.7 cm)
Overall with knobs: 82 7/8 × 31 1/2 in. (210.5 × 80 cm)",Prints,Asian Art,"Purchase, C.C. Wang Family Fund Gift, 2025",1,https://www.metmuseum.org/art/collection/search/911890,https://collectionapi.metmuseum.org/public/collection/v1/objects/911890,https://images.metmuseum.org/CRDImages/as/original/DP-40665-002.jpg,https://images.metmuseum.org/CRDImages/as/web-large/DP-40665-002.jpg,1,https://images.metmuseum.org/CRDImages/as/original/DP-40665-001.jpg,live_suzhou_search,1,1,H2_working_core,pending_catalogue_concordance,H2: 2025.354–2025.460 = 107 accessions,https://images.metmuseum.org/CRDImages/as/original/DP-40665-002.jpg,official_original_public_domain
MET:2025.394,2025.394,911891,The Spring Ox,,"China, Suzhou","Qing dynasty (1644–1911), Jiaqing period (1796–1820)",,Woodblock print; ink on paper with additional hand coloring,"Image: 12 9/16 × 17 7/16 in. (31.9 × 44.3 cm)
Sheet: 13 3/8 × 18 1/2 in. (34 × 47 cm)",Prints,Asian Art,"Purchase, Robert Hatfield Ellsworth Bequest, 2025",1,https://www.metmuseum.org/art/collection/search/911891,https://collectionapi.metmuseum.org/public/collection/v1/objects/911891,https://images.metmuseum.org/CRDImages/as/original/DP-40847-001.jpg,https://images.metmuseum.org/CRDImages/as/web-large/DP-40847-001.jpg,0,,live_suzhou_search,1,1,H2_working_core,pending_catalogue_concordance,H2: 2025.354–2025.460 = 107 accessions,https://images.metmuseum.org/CRDImages/as/original/DP-40847-001.jpg,official_original_public_domain
MET:2025.395,2025.395,911892,Parrot on a Peach Branch,,"China, Suzhou","Qing dynasty (1644–1911), Kangxi–Yongzheng period (1662–1735)",,Woodblock print; ink on paper with additional hand coloring,"Image: 26 9/16 × 11 3/8 in. (67.5 × 28.9 cm)
Sheet: 26 9/16 × 11 3/8 in. (67.5 × 28.9 cm)",Prints,Asian Art,"Purchase, Jane and Raphael Bernstein Gift, 2025",1,https://www.metmuseum.org/art/collection/search/911892,https://collectionapi.metmuseum.org/public/collection/v1/objects/911892,https://images.metmuseum.org/CRDImages/as/original/DP-41298-001.jpg,https://images.metmuseum.org/CRDImages/as/web-large/DP-41298-001.jpg,0,,live_suzhou_search,1,1,H2_working_core,pending_catalogue_concordance,H2: 2025.354–2025.460 = 107 accessions,https://images.metmuseum.org/CRDImages/as/original/DP-41298-001.jpg,official_original_public_domain
MET:2025.396,2025.396,911893,Zhaojun Leaves for the North,,"China, Suzhou","Qing dynasty (1644–1911), Kangxi period (1662–1722)",,Woodblock print; ink on paper with additional hand coloring,"Image: 24 7/16 × 10 5/8 in. (62 × 27 cm)
Sheet: 28 1/4 × 11 3/4 in. (71.8 × 29.8 cm)",Prints,Asian Art,"Purchase by subscription, by exchange, 2025",1,https://www.metmuseum.org/art/collection/search/911893,https://collectionapi.metmuseum.org/public/collection/v1/objects/911893,https://images.metmuseum.org/CRDImages/as/original/DP-41299-001.jpg,https://images.metmuseum.org/CRDImages/as/web-large/DP-41299-001.jpg,0,,live_suzhou_search,1,1,H2_working_core,pending_catalogue_concordance,H2: 2025.354–2025.460 = 107 accessions,https://images.metmuseum.org/CRDImages/as/original/DP-41299-001.jpg,official_original_public_domain
MET:2025.397,2025.397,911897,Satirical Prints of Suzhou Customs,,"China, Suzhou","Qing dynasty (1644–1911), Qianlong period (1736–95)",1760,Woodblock print; ink on paper,"Image: 13 7/16 × 19 7/8 in. (34.1 × 50.5 cm)
Sheet: 14 in. × 20 3/4 in. (35.6 × 52.7 cm)",Prints,Asian Art,"Purchase by subscription, by exchange, 2025",1,https://www.metmuseum.org/art/collection/search/911897,https://collectionapi.metmuseum.org/public/collection/v1/objects/911897,https://images.metmuseum.org/CRDImages/as/original/DP-40848-001.jpg,https://images.metmuseum.org/CRDImages/as/web-large/DP-40848-001.jpg,0,,live_suzhou_search,1,1,H2_working_core,pending_catalogue_concordance,H2: 2025.354–2025.460 = 107 accessions,https://images.metmuseum.org/CRDImages/as/original/DP-40848-001.jpg,official_original_public_domain
MET:2025.398,2025.398,911898,Satirical Prints of Suzhou Customs,,"China, Suzhou","Qing dynasty (1644–1911), Qianlong period (1736–95)",1760,Woodblock print; ink on paper,"Image: 13 1/2 × 19 13/16 in. (34.3 × 50.3 cm)
Sheet: 14.× 20 3/4 in. (35.6 × 52.7 cm)",Prints,Asian Art,"Purchase, Gift of Edna H. Sachs, by exchange, 2025",1,https://www.metmuseum.org/art/collection/search/911898,https://collectionapi.metmuseum.org/public/collection/v1/objects/911898,https://images.metmuseum.org/CRDImages/as/original/DP-40849-001.jpg,https://images.metmuseum.org/CRDImages/as/web-large/DP-40849-001.jpg,0,,live_suzhou_search,1,1,H2_working_core,pending_catalogue_concordance,H2: 2025.354–2025.460 = 107 accessions,https://images.metmuseum.org/CRDImages/as/original/DP-40849-001.jpg,official_original_public_domain
MET:2025.399,2025.399,911900,Satirical Prints of Suzhou Customs,,"China, Suzhou","Qing dynasty (1644–1911), Qianlong period (1736–95)",1760,Woodblock print; ink on paper,"Image: 14 in. × 19 3/8 in. (35.6 × 49.2 cm)
Sheet: 14 1/4 × 20 1/4 in. (36.2 × 51.4 cm)",Prints,Asian Art,"Purchase, Bequest of Flora E. Whiting, by exchange, 2025",1,https://www.metmuseum.org/art/collection/search/911900,https://collectionapi.metmuseum.org/public/collection/v1/objects/911900,https://images.metmuseum.org/CRDImages/as/original/DP-40850-001.jpg,https://images.metmuseum.org/CRDImages/as/web-large/DP-40850-001.jpg,0,,live_suzhou_search,1,1,H2_working_core,pending_catalogue_concordance,H2: 2025.354–2025.460 = 107 accessions,https://images.metmuseum.org/CRDImages/as/original/DP-40850-001.jpg,official_original_public_domain
MET:2025.400,2025.400,911904,Two Beauties Picking Dates,,"China, Suzhou","Qing dynasty (1644–1911), Qianlong period (1736–95)",,Woodblock print; ink on paper with additional hand coloring,"Image: 19 1/2 × 10 1/2 in. (49.5 × 26.7 cm)
Sheet: 19 1/2 × 10 1/2 in. (49.5 × 26.7 cm)",Prints,Asian Art,"Purchase, Bequest of Annie C. Kane, by exchange, 2025",1,https://www.metmuseum.org/art/collection/search/911904,https://collectionapi.metmuseum.org/public/collection/v1/objects/911904,https://images.metmuseum.org/CRDImages/as/original/DP-40851-001.jpg,https://images.metmuseum.org/CRDImages/as/web-large/DP-40851-001.jpg,0,,live_suzhou_search,1,1,H2_working_core,pending_catalogue_concordance,H2: 2025.354–2025.460 = 107 accessions,https://images.metmuseum.org/CRDImages/as/original/DP-40851-001.jpg,official_original_public_domain
MET:2025.401,2025.401,911907,Print in Western Style with Western Text,,"China, Suzhou","Qing dynasty (1644–1911), Kangxi–Yongzheng period (1662–1735)",,Woodblock print; ink on paper,"Image: 10 3/8 × 11 3/16 in. (26.4 × 28.4 cm)
Sheet: 10 3/8 × 11 3/16 in. (26.4 × 28.4 cm)",Prints,Asian Art,"Purchase, Bequest of Isaac D. Fletcher, by exchange, 2025",1,https://www.metmuseum.org/art/collection/search/911907,https://collectionapi.metmuseum.org/public/collection/v1/objects/911907,https://images.metmuseum.org/CRDImages/as/original/DP-40852-001.jpg,https://images.metmuseum.org/CRDImages/as/web-large/DP-40852-001.jpg,0,,live_suzhou_search,1,1,H2_working_core,pending_catalogue_concordance,H2: 2025.354–2025.460 = 107 accessions,https://images.metmuseum.org/CRDImages/as/original/DP-40852-001.jpg,official_original_public_domain
MET:2025.402,2025.402,911909,Scenic Spots of Zhenjiang,鎮江胜境,"China, Suzhou","Qing dynasty (1644–1911), Qianlong period (1736–95)",,Woodblock print; ink on paper with additional hand coloring,"Image: 9 5/8 × 11 1/16 in. (24.4 × 28.1 cm)
Sheet: 9 5/8 × 11 1/16 in. (24.5 × 28.1 cm)",Prints,Asian Art,"Purchase, Bequest of Annie C. Kane, by exchange, 2025",1,https://www.metmuseum.org/art/collection/search/911909,https://collectionapi.metmuseum.org/public/collection/v1/objects/911909,https://images.metmuseum.org/CRDImages/as/original/DP-40853-001.jpg,https://images.metmuseum.org/CRDImages/as/web-large/DP-40853-001.jpg,0,,prior_successful_api_fallback_after_transient_403,1,1,H2_working_core,pending_catalogue_concordance,H2: 2025.354–2025.460 = 107 accessions,https://images.metmuseum.org/CRDImages/as/original/DP-40853-001.jpg,official_original_public_domain
MET:2025.403,2025.403,911910,The Beautiful Scenery of West Lake,,"China, Suzhou","Qing dynasty (1644–1911), Kangxi period (1662–1722)",,Woodblock print; ink on paper with additional hand coloring,"Image: 14 13/16 × 22 11/16 in. (37.6 × 57.6 cm)
Sheet: 14 13/16 × 22 11/16 in. (37.6 × 57.6 cm)",Prints,Asian Art,"Purchase by subscription, by exchange, 2025",1,https://www.metmuseum.org/art/collection/search/911910,https://collectionapi.metmuseum.org/public/collection/v1/objects/911910,https://images.metmuseum.org/CRDImages/as/original/DP-40854-001.jpg,https://images.metmuseum.org/CRDImages/as/web-large/DP-40854-001.jpg,1,https://images.metmuseum.org/CRDImages/as/original/DP-41306-001.jpg,live_suzhou_search,1,1,H2_working_core,pending_catalogue_concordance,H2: 2025.354–2025.460 = 107 accessions,https://images.metmuseum.org/CRDImages/as/original/DP-40854-001.jpg,official_original_public_domain
MET:2025.404,2025.404,911911,Lady Holding a Brush,,"China, Suzhou","Qing dynasty (1644–1911), Kangxi period (1662–1722)",,Woodblock print; ink on paper with additional hand coloring,"Image: 28 1/16 × 10 1/2 in. (71.3 × 26.7 cm)
Overall with mounting: 34 × 15 1/16 in. (86.4 × 38.2 cm)",Prints,Asian Art,"Purchase by subscription, by exchange, 2025",1,https://www.metmuseum.org/art/collection/search/911911,https://collectionapi.metmuseum.org/public/collection/v1/objects/911911,https://images.metmuseum.org/CRDImages/as/original/DP-41307-001.jpg,https://images.metmuseum.org/CRDImages/as/web-large/DP-41307-001.jpg,0,,live_suzhou_search,1,1,H2_working_core,pending_catalogue_concordance,H2: 2025.354–2025.460 = 107 accessions,https://images.metmuseum.org/CRDImages/as/original/DP-41307-001.jpg,official_original_public_domain
MET:2025.405,2025.405,911912,Two Ladies Playing Music,,"China, Suzhou","Qing dynasty (1644–1911), Qianlong period (1736–95)",,Woodblock print; ink on paper with additional hand coloring,"Image: 12 7/8 × 10 5/16 in. (32.7 × 26.2 cm)
Overall with mounting: 18 7/16 × 14 1/8 in. (46.8 × 35.9 cm)",Prints,Asian Art,"Funds from various donors, 2025",1,https://www.metmuseum.org/art/collection/search/911912,https://collectionapi.metmuseum.org/public/collection/v1/objects/911912,https://images.metmuseum.org/CRDImages/as/original/DP-40855-001.jpg,https://images.metmuseum.org/CRDImages/as/web-large/DP-40855-001.jpg,0,,live_suzhou_search,1,1,H2_working_core,pending_catalogue_concordance,H2: 2025.354–2025.460 = 107 accessions,https://images.metmuseum.org/CRDImages/as/original/DP-40855-001.jpg,official_original_public_domain
MET:2025.406,2025.406,911913,Beauty and a Cat,,"China, Suzhou","Qing dynasty (1644–1911), Qianlong period (1736–95)",,Woodblock print; ink on paper with additional hand coloring,"Image: 29 1/8 × 12 15/16 in. (74 × 32.9 cm)
Framed: 36 3/4 × 20 1/4 in. (93.3 × 51.4 cm)",Prints,Asian Art,"Purchase, Gift of Mrs. Samuel T. Peters, by exchange, 2025",1,https://www.metmuseum.org/art/collection/search/911913,https://collectionapi.metmuseum.org/public/collection/v1/objects/911913,https://images.metmuseum.org/CRDImages/as/original/DP-41822-001.jpg,https://images.metmuseum.org/CRDImages/as/web-large/DP-41822-001.jpg,0,,live_suzhou_search,1,1,H2_working_core,pending_catalogue_concordance,H2: 2025.354–2025.460 = 107 accessions,https://images.metmuseum.org/CRDImages/as/original/DP-41822-001.jpg,official_original_public_domain
MET:2025.407,2025.407,911914,Gold Coins Cover the Ground,遍地金錢,"China, Suzhou","Qing dynasty (1644–1911), Kangxi period (1662–1722)",,Woodblock print; ink on paper with additional hand coloring,"Image: 14 1/8 × 20 3/16 in. (35.9 × 51.3 cm)
Sheet: 15 1/4 × 23 1/16 in. (38.7 × 58.6 cm)",Prints,Asian Art,"Purchase, C.C. Wang Family Fund Gift, 2025",1,https://www.metmuseum.org/art/collection/search/911914,https://collectionapi.metmuseum.org/public/collection/v1/objects/911914,https://images.metmuseum.org/CRDImages/as/original/DP-40856-001.jpg,https://images.metmuseum.org/CRDImages/as/web-large/DP-40856-001.jpg,0,,prior_successful_api_fallback_after_transient_403,1,1,H2_working_core,pending_catalogue_concordance,H2: 2025.354–2025.460 = 107 accessions,https://images.metmuseum.org/CRDImages/as/original/DP-40856-001.jpg,official_original_public_domain
MET:2025.408,2025.408,911916,Scenes from the First Part of Pearl Pagoda,,"China, Suzhou","Qing dynasty (1644–1911), Qianlong period (1736–95)",,Woodblock print; ink on paper with additional hand coloring,"Image: 13 3/4 × 20 1/2 in. (34.9 × 52.1 cm)
Sheet: 15 1/4 × 23 1/16 in. (38.7 × 58.6 cm)",Prints,Asian Art,"Funds from various donors, 2025",1,https://www.metmuseum.org/art/collection/search/911916,https://collectionapi.metmuseum.org/public/collection/v1/objects/911916,https://images.metmuseum.org/CRDImages/as/original/DP-40857-001.jpg,https://images.metmuseum.org/CRDImages/as/web-large/DP-40857-001.jpg,0,,live_suzhou_search,1,1,H2_working_core,pending_catalogue_concordance,H2: 2025.354–2025.460 = 107 accessions,https://images.metmuseum.org/CRDImages/as/original/DP-40857-001.jpg,official_original_public_domain
MET:2025.409,2025.409,911918,Scenes from Second Part of Generals of the Yang Family,,"China, Suzhou","Qing dynasty (1644–1911), Jiaqing period (1796–1820)",,Woodblock print; ink on paper with additional hand coloring,"Image: 12 11/16 × 17 15/16 in. (32.2 × 45.6 cm)
Overall with mounting: 19 1/8 × 24 1/2 in. (48.6 × 62.2 cm)",Prints,Asian Art,"Funds from various donors, 2025",1,https://www.metmuseum.org/art/collection/search/911918,https://collectionapi.metmuseum.org/public/collection/v1/objects/911918,https://images.metmuseum.org/CRDImages/as/original/DP-40858-001.jpg,https://images.metmuseum.org/CRDImages/as/web-large/DP-40858-001.jpg,0,,live_suzhou_search,1,1,H2_working_core,pending_catalogue_concordance,H2: 2025.354–2025.460 = 107 accessions,https://images.metmuseum.org/CRDImages/as/original/DP-40858-001.jpg,official_original_public_domain
MET:2025.410,2025.410,911920,A Newly-Cut Print : Scenes from the Second Part of Outlaws of the Marsh,,"China, Suzhou","Qing dynasty (1644–1911), Jiaqing period (1796–1820)",,Woodblock print; ink on paper with additional hand coloring,"Image: 12 9/16 × 18 3/8 in. (31.9 × 46.7 cm)
Overall with mounting: 19 1/8 × 24 15/16 in. (48.6 × 63.4 cm)",Prints,Asian Art,"Purchase, Gift of Mrs. Edward S. Harkness, by exchange, 2025",1,https://www.metmuseum.org/art/collection/search/911920,https://collectionapi.metmuseum.org/public/collection/v1/objects/911920,https://images.metmuseum.org/CRDImages/as/original/DP-40859-001.jpg,https://images.metmuseum.org/CRDImages/as/web-large/DP-40859-001.jpg,0,,live_suzhou_search,1,1,H2_working_core,pending_catalogue_concordance,H2: 2025.354–2025.460 = 107 accessions,https://images.metmuseum.org/CRDImages/as/original/DP-40859-001.jpg,official_original_public_domain
MET:2025.411,2025.411,911921,A Newly-Cut Print : Scenes from the First Part of Record of The Three Kingdoms,,"China, Suzhou","Qing dynasty (1644–1911), Jiaqing period (1796–1820)",,Woodblock print; ink on paper with additional hand coloring,"Image: 12 3/4 × 19 3/16 in. (32.4 × 48.7 cm)
Overall with mounting: 19 1/8 × 25 9/16 in. (48.5 × 64.9 cm)",Prints,Asian Art,"Purchase, Bequest of George Blumenthal, by exchange, 2025",1,https://www.metmuseum.org/art/collection/search/911921,https://collectionapi.metmuseum.org/public/collection/v1/objects/911921,https://images.metmuseum.org/CRDImages/as/original/DP-40860-001.jpg,https://images.metmuseum.org/CRDImages/as/web-large/DP-40860-001.jpg,0,,live_suzhou_search,1,1,H2_working_core,pending_catalogue_concordance,H2: 2025.354–2025.460 = 107 accessions,https://images.metmuseum.org/CRDImages/as/original/DP-40860-001.jpg,official_original_public_domain
MET:2025.412,2025.412,911923,A Newly-Cut Print of Illustrations from The Classic of Mountains and Seas,,"China, Suzhou","Qing dynasty (1644–1911), Jiaqing period (1796–1820)",,Woodblock print; ink on paper with additional hand coloring,"Image: 12 3/4 × 18 7/16 in. (32.4 × 46.8 cm)
Overall with mounting: 19 1/8 × 25 in. (48.5 × 63.5 cm)",Prints,Asian Art,"Purchase, Gift of A. Sichel, by exchange, 2025",1,https://www.metmuseum.org/art/collection/search/911923,https://collectionapi.metmuseum.org/public/collection/v1/objects/911923,https://images.metmuseum.org/CRDImages/as/original/DP-40861-001.jpg,https://images.metmuseum.org/CRDImages/as/web-large/DP-40861-001.jpg,0,,live_suzhou_search,1,1,H2_working_core,pending_catalogue_concordance,H2: 2025.354–2025.460 = 107 accessions,https://images.metmuseum.org/CRDImages/as/original/DP-40861-001.jpg,official_original_public_domain
MET:2025.413,2025.413,911925,Rebellion Against the Celestial Court,,"China, Suzhou","Qing dynasty (1644–1911), Xianfeng period (1851–61)",,Woodblock print; ink on paper with additional hand coloring,"Image (inc. borders): 13 1/4 × 19 1/8 in. (33.7 × 48.6 cm)
Sheet: 18 1/4 × 25 1/8 in. (46.4 × 63.8 cm)",Prints,Asian Art,"Emily Byrne Curtis Fund, 2025",1,https://www.metmuseum.org/art/collection/search/911925,https://collectionapi.metmuseum.org/public/collection/v1/objects/911925,https://images.metmuseum.org/CRDImages/as/original/DP-40862-001.jpg,https://images.metmuseum.org/CRDImages/as/web-large/DP-40862-001.jpg,0,,live_suzhou_search,1,1,H2_working_core,pending_catalogue_concordance,H2: 2025.354–2025.460 = 107 accessions,https://images.metmuseum.org/CRDImages/as/original/DP-40862-001.jpg,official_original_public_domain
MET:2025.414,2025.414,911927,Praying Mantis and Three Toddlers,,"China, Suzhou","Qing dynasty (1644–1911), Qianlong period (1736–95)",,Hanging scroll; woodblock print; ink on paper with additional hand coloring,"Image: 21 3/16 × 11 3/8 in. (53.8 × 28.9 cm)
Overall with mounting: 53 7/8 × 15 in. (136.8 × 38.1 cm)
Overall with knobs: 53 7/8 × 17 1/8 in. (136.8 × 43.5 cm)",Prints,Asian Art,"Purchase, Bequest of Isaac D. Fletcher, by exchange, 2025",1,https://www.metmuseum.org/art/collection/search/911927,https://collectionapi.metmuseum.org/public/collection/v1/objects/911927,https://images.metmuseum.org/CRDImages/as/original/DP-40666-002.jpg,https://images.metmuseum.org/CRDImages/as/web-large/DP-40666-002.jpg,1,https://images.metmuseum.org/CRDImages/as/original/DP-40666-001.jpg,live_suzhou_search,1,1,H2_working_core,pending_catalogue_concordance,H2: 2025.354–2025.460 = 107 accessions,https://images.metmuseum.org/CRDImages/as/original/DP-40666-002.jpg,official_original_public_domain
MET:2025.415,2025.415,911929,Picking Tea in Autumn Heat,,"China, Suzhou","Qing dynasty (1644–1911), Jiaqing period (1796–1820)",,Woodblock print; ink on paper with additional hand coloring,"Image: 9 5/16 × 10 7/8 in. (23.6 × 27.6 cm)
Sheet: 10 1/4 × 11 13/16 in. (26 × 30 cm)",Prints,Asian Art,"Emily Byrne Curtis Fund, 2025",1,https://www.metmuseum.org/art/collection/search/911929,https://collectionapi.metmuseum.org/public/collection/v1/objects/911929,https://images.metmuseum.org/CRDImages/as/original/DP-40863-001.jpg,https://images.metmuseum.org/CRDImages/as/web-large/DP-40863-001.jpg,0,,live_suzhou_search,1,1,H2_working_core,pending_catalogue_concordance,H2: 2025.354–2025.460 = 107 accessions,https://images.metmuseum.org/CRDImages/as/original/DP-40863-001.jpg,official_original_public_domain
MET:2025.416,2025.416,911931,Story of The Western Chamber,,"China, Suzhou","Qing dynasty (1644–1911), Qianlong period (1736–95)",,Hanging scroll; woodblock print; ink on paper with additional hand coloring,"Image: 37 1/8 × 20 1/2 in. (94.3 × 52 cm)
Overall with mounting: 62 5/8 × 22 7/8 in. (159.1 × 58.1 cm)
Overall with knobs: 62 5/8 × 24 7/8 in. (159.1 × 63.2 cm)",Prints,Asian Art,"Douglas Dillon Fund, 2025",1,https://www.metmuseum.org/art/collection/search/911931,https://collectionapi.metmuseum.org/public/collection/v1/objects/911931,https://images.metmuseum.org/CRDImages/as/original/DP-41318-002.jpg,https://images.metmuseum.org/CRDImages/as/web-large/DP-41318-002.jpg,1,https://images.metmuseum.org/CRDImages/as/original/DP-41318-001.jpg,live_suzhou_search,1,1,H2_working_core,pending_catalogue_concordance,H2: 2025.354–2025.460 = 107 accessions,https://images.metmuseum.org/CRDImages/as/original/DP-41318-002.jpg,official_original_public_domain
MET:2025.417,2025.417,911936,Second part of The Story of the Lute,,"China, Suzhou","Qing dynasty (1644–1911), Qianlong period (1736–95)",,Hanging scroll; woodblock print; two shades of ink on paper with additional hand coloring,"Image: 36 × 20 7/16 in. (91.4 × 51.9 cm)
Overall with mounting: 68 1/8 × 25 3/4 in. (173 × 65.5 cm)
Overall with knobs: 68 1/8 × 28 1/8 in. (173 × 71.4 cm)",Prints,Asian Art,"Purchase, Robert Hatfield Ellsworth Bequest, 2025",1,https://www.metmuseum.org/art/collection/search/911936,https://collectionapi.metmuseum.org/public/collection/v1/objects/911936,https://images.metmuseum.org/CRDImages/as/original/DP-40667-002.jpg,https://images.metmuseum.org/CRDImages/as/web-large/DP-40667-002.jpg,1,https://images.metmuseum.org/CRDImages/as/original/DP-40667-001.jpg,live_suzhou_search,1,1,H2_working_core,pending_catalogue_concordance,H2: 2025.354–2025.460 = 107 accessions,https://images.metmuseum.org/CRDImages/as/original/DP-40667-002.jpg,official_original_public_domain
MET:2025.418,2025.418,911938,View of Putuoshan on the Southern Sea,,"China, Suzhou","Qing dynasty (1644–1911), Jiaqing period (1796–1820)",,Woodblock print; ink on paper with additional hand coloring,"Image: 20 9/16 × 38 11/16 in. (52.2 × 98.3 cm)
Sheet: 24 5/8 × 41 5/8 in. (62.5 × 105.7 cm)",Prints,Asian Art,"Purchase by subscription, by exchange, 2025",1,https://www.metmuseum.org/art/collection/search/911938,https://collectionapi.metmuseum.org/public/collection/v1/objects/911938,https://images.metmuseum.org/CRDImages/as/original/DP-41319-001.jpg,https://images.metmuseum.org/CRDImages/as/web-large/DP-41319-001.jpg,0,,live_suzhou_search,1,1,H2_working_core,pending_catalogue_concordance,H2: 2025.354–2025.460 = 107 accessions,https://images.metmuseum.org/CRDImages/as/original/DP-41319-001.jpg,official_original_public_domain
MET:2025.419,2025.419,911939,View of Putuoshan on the Southern Sea,,"China, Suzhou","Qing dynasty (1644–1911), Daoguang period (1821–50)",,Woodblock print; ink on paper with additional hand coloring,"Image: 21 1/2 in. × 36 in. (54.6 × 91.4 cm)
Sheet: 22 15/16 × 37 5/8 in. (58.3 × 95.6 cm)",Prints,Asian Art,"Purchase, Gift of Philip A. Rollins, by exchange, 2025",1,https://www.metmuseum.org/art/collection/search/911939,https://collectionapi.metmuseum.org/public/collection/v1/objects/911939,https://images.metmuseum.org/CRDImages/as/original/DP-41320-001.jpg,https://images.metmuseum.org/CRDImages/as/web-large/DP-41320-001.jpg,0,,live_suzhou_search,1,1,H2_working_core,pending_catalogue_concordance,H2: 2025.354–2025.460 = 107 accessions,https://images.metmuseum.org/CRDImages/as/original/DP-41320-001.jpg,official_original_public_domain
MET:2025.420,2025.420,911944,Spring Morning in the Han Palace,,"China, Suzhou","Qing dynasty (1644–1911), Qianlong period (1736–95)",,Woodblock print; ink on paper,"Image: 10 1/8 × 10 15/16 in. (25.7 × 27.8 cm)
Sheet: 12 1/8 × 12 1/2 in. (30.8 × 31.8 cm)",Prints,Asian Art,"Funds from various donors, 2025",1,https://www.metmuseum.org/art/collection/search/911944,https://collectionapi.metmuseum.org/public/collection/v1/objects/911944,https://images.metmuseum.org/CRDImages/as/original/DP-40864-001.jpg,https://images.metmuseum.org/CRDImages/as/web-large/DP-40864-001.jpg,0,,live_suzhou_search,1,1,H2_working_core,pending_catalogue_concordance,H2: 2025.354–2025.460 = 107 accessions,https://images.metmuseum.org/CRDImages/as/original/DP-40864-001.jpg,official_original_public_domain
MET:2025.421,2025.421,911945,Adoration of a Sage,,"China, Suzhou","Qing dynasty (1644–1911), Qianlong period (1736–95)",,Woodblock print; ink on paper,"Image: 9 5/8 × 9 5/8 in. (24.5 × 24.4 cm)
Sheet: 11 15/16 × 13 13/16 in. (30.3 × 35.1 cm)",Prints,Asian Art,"Funds from various donors, 2025",1,https://www.metmuseum.org/art/collection/search/911945,https://collectionapi.metmuseum.org/public/collection/v1/objects/911945,https://images.metmuseum.org/CRDImages/as/original/DP-40865-001.jpg,https://images.metmuseum.org/CRDImages/as/web-large/DP-40865-001.jpg,0,,live_suzhou_search,1,1,H2_working_core,pending_catalogue_concordance,H2: 2025.354–2025.460 = 107 accessions,https://images.metmuseum.org/CRDImages/as/original/DP-40865-001.jpg,official_original_public_domain
MET:2025.422,2025.422,911946,View of Western architecture,,"China, Suzhou","Qing dynasty (1644–1911), Qianlong period (1736–95)",18th century,Woodblock print; ink on paper with additional hand coloring,"Image: 47 1/8 × 24 1/4 in. (119.7 × 61.6 cm)
Sheet: 47 3/8 × 26 1/4 in. (120.3 × 66.7 cm)",Prints,Asian Art,"Douglas Dillon Fund, 2025",1,https://www.metmuseum.org/art/collection/search/911946,https://collectionapi.metmuseum.org/public/collection/v1/objects/911946,https://images.metmuseum.org/CRDImages/as/original/DP-41323-001.jpg,https://images.metmuseum.org/CRDImages/as/web-large/DP-41323-001.jpg,0,,live_suzhou_search,1,1,H2_working_core,pending_catalogue_concordance,H2: 2025.354–2025.460 = 107 accessions,https://images.metmuseum.org/CRDImages/as/original/DP-41323-001.jpg,official_original_public_domain
MET:2025.423,2025.423,911947,A Hunt on the Plains,,"China, Suzhou","Qing dynasty (1644–1911), Qianlong period (1736–95)",18th century,Woodblock print; ink on paper with additional hand coloring,"Image: 47 in. × 24 3/8 in. (119.4 × 61.9 cm)
Sheet: 47 3/8 × 26 3/8 in. (120.3 × 67 cm)",Prints,Asian Art,"Purchase by subscription, by exchange, 2025",1,https://www.metmuseum.org/art/collection/search/911947,https://collectionapi.metmuseum.org/public/collection/v1/objects/911947,https://images.metmuseum.org/CRDImages/as/original/DP-41324-001.jpg,https://images.metmuseum.org/CRDImages/as/web-large/DP-41324-001.jpg,0,,live_suzhou_search,1,1,H2_working_core,pending_catalogue_concordance,H2: 2025.354–2025.460 = 107 accessions,https://images.metmuseum.org/CRDImages/as/original/DP-41324-001.jpg,official_original_public_domain
MET:2025.424,2025.424,911955,A Beauty Leading a Monkey,,"China, Suzhou","Qing dynasty (1644–1911), Qianlong period (1736–95)",,Hanging scroll; woodblock print; ink on paper with additional hand coloring,"Image: 19 13/16 × 11 3/8 in. (50.3 × 28.9 cm)
Overall with mounting: 53 1/2 × 16 1/8 in. (135.9 × 41 cm)
Overall with knobs: 53 1/2 × 18 7/8 in. (135.9 × 47.9 cm)",Prints,Asian Art,"Purchase, Gift of Estate of Mrs. Edward Robinson, by exchange, 2025",0,https://www.metmuseum.org/art/collection/search/911955,https://collectionapi.metmuseum.org/public/collection/v1/objects/911955,,,0,,live_suzhou_search,1,1,H2_working_core,pending_catalogue_concordance,H2: 2025.354–2025.460 = 107 accessions,,known_restricted_non_PD
MET:2025.425,2025.425,911959,Zhang Qian Chances upon Douniu Celestial Palace,,"China, Suzhou","Qing dynasty (1644–1911), Kangxi period (1662–1722)",,Woodblock print; ink on paper with additional hand coloring,"Image: 10 11/16 × 11 5/16 in. (27.1 × 28.7 cm)
Sheet (single page): 14 5/16 × 12 1/16 in. (36.4 × 30.6 cm)
Sheet (double page): 14 5/16 in. × 24 in. (36.4 × 61 cm)",Prints,Asian Art,"Purchase, Bequest of William Rhinelander Stewart, by exchange, 2025",0,https://www.metmuseum.org/art/collection/search/911959,https://collectionapi.metmuseum.org/public/collection/v1/objects/911959,,,0,,live_suzhou_search,1,1,H2_working_core,pending_catalogue_concordance,H2: 2025.354–2025.460 = 107 accessions,,known_restricted_non_PD
MET:2025.426,2025.426,911960,Two Beauties Playing Music,,"China, Suzhou","Qing dynasty (1644–1911), Kangxi period (1662–1722)",,Woodblock print; ink on paper with additional hand coloring,"Image: 10 1/2 × 11 5/16 in. (26.7 × 28.7 cm)
Sheet (single page): 14 5/16 in. × 12 in. (36.4 × 30.5 cm)
Sheet (double page): 14 5/16 in. × 24 in. (36.4 × 61 cm)",Prints,Asian Art,"Purchase, Bequest of William Rhinelander Stewart, by exchange, 2025",0,https://www.metmuseum.org/art/collection/search/911960,https://collectionapi.metmuseum.org/public/collection/v1/objects/911960,,,0,,live_suzhou_search,1,1,H2_working_core,pending_catalogue_concordance,H2: 2025.354–2025.460 = 107 accessions,,known_restricted_non_PD
MET:2025.427,2025.427,911961,The Jade Hairpin,,"China, Suzhou","Qing dynasty (1644–1911), Kangxi period (1662–1722)",,Woodblock print; ink on paper with additional hand coloring,"Image: 10 7/16 × 10 3/4 in. (26.6 × 27.3 cm)
Sheet (single page): 14 5/16. × 12 in. (36.4 × 30.5 cm)
Sheet (double page): 14 5/16 × 24 1/16 in. (36.4 × 61.1 cm)",Prints,Asian Art,"Purchase, Bequest of William Rhinelander Stewart, by exchange, 2025",1,https://www.metmuseum.org/art/collection/search/911961,https://collectionapi.metmuseum.org/public/collection/v1/objects/911961,https://images.metmuseum.org/CRDImages/as/original/DP-41449-001.jpg,https://images.metmuseum.org/CRDImages/as/web-large/DP-41449-001.jpg,0,,live_suzhou_search,1,1,H2_working_core,pending_catalogue_concordance,H2: 2025.354–2025.460 = 107 accessions,https://images.metmuseum.org/CRDImages/as/original/DP-41449-001.jpg,official_original_public_domain
MET:2025.428,2025.428,913059,Amorous scene,,"China, Suzhou","Qing dynasty (1644–1911), Kangxi period (1662–1722)",,Woodblock print; ink on paper,"Image: 6 5/8 × 9 11/16 in. (16.8 × 24.6 cm)
Sheet (single page): 14 5/16 × 12 1/16 in. (36.4 × 30.6 cm)
Sheet (double page): 14 5/16 × 24 in. (36.4 × 61 cm)",Prints,Asian Art,"Purchase, Gift of Mrs. Lewis G. Morris, by exchange, 2025",1,https://www.metmuseum.org/art/collection/search/913059,https://collectionapi.metmuseum.org/public/collection/v1/objects/913059,https://images.metmuseum.org/CRDImages/as/original/DP-41450-001.jpg,https://images.metmuseum.org/CRDImages/as/web-large/DP-41450-001.jpg,0,,live_suzhou_search,1,1,H2_working_core,pending_catalogue_concordance,H2: 2025.354–2025.460 = 107 accessions,https://images.metmuseum.org/CRDImages/as/original/DP-41450-001.jpg,official_original_public_domain
MET:2025.429,2025.429,911968,Reunion of the Heroes,,"China, Suzhou","Qing dynasty (1644–1911), Kangxi period (1662–1722)",,Woodblock print; ink on paper with additional hand coloring,"Image: 13 7/16 × 21 in. (34.1 × 53.4 cm)
Sheet: 15 3/16 × 21 7/8 in. (38.6 × 55.6 cm)",Prints,Asian Art,"Purchase, Gift of Mrs. Harry Payne Bingham, by exchange, 2025",1,https://www.metmuseum.org/art/collection/search/911968,https://collectionapi.metmuseum.org/public/collection/v1/objects/911968,https://images.metmuseum.org/CRDImages/as/original/DP-40866-001.jpg,https://images.metmuseum.org/CRDImages/as/web-large/DP-40866-001.jpg,0,,live_suzhou_search,1,1,H2_working_core,pending_catalogue_concordance,H2: 2025.354–2025.460 = 107 accessions,https://images.metmuseum.org/CRDImages/as/original/DP-40866-001.jpg,official_original_public_domain
MET:2025.430,2025.430,911973,Stone Lake In Suzhou : An Emulation of ‘Famous Scenes of West Lake’,,"China, Suzhou","Qing dynasty (1644–1911), Qianlong period (1736–95)",,Woodblock print; ink on paper with additional hand coloring,"Image: 28 × 21 1/16 in. (71.1 × 53.5 cm)
Sheet: 39 3/16 × 24 7/16 in. (99.5 × 62.1 cm)",Prints,Asian Art,"Purchase, Robert Hatfield Ellsworth Bequest, 2025",1,https://www.metmuseum.org/art/collection/search/911973,https://collectionapi.metmuseum.org/public/collection/v1/objects/911973,https://images.metmuseum.org/CRDImages/as/original/DP-41326-001.jpg,https://images.metmuseum.org/CRDImages/as/web-large/DP-41326-001.jpg,0,,live_suzhou_search,1,1,H2_working_core,pending_catalogue_concordance,H2: 2025.354–2025.460 = 107 accessions,https://images.metmuseum.org/CRDImages/as/original/DP-41326-001.jpg,official_original_public_domain
MET:2025.431,2025.431,911976,Second Part of Tale of Washing the Silken Gauze,,"China, Suzhou","Qing dynasty (1644–1911), Qianlong period (1736–95)",,Hanging scroll; woodblock print; ink on paper with additional hand coloring,"Image: 39 11/16 × 21 1/2 in. (100.8 × 54.6 cm)
Overall with mounting: 69 7/8 × 26 13/16 in. (177.5 × 68.1 cm)
Overall with knobs: 69 7/8 × 29 in. (177.5 × 73.7 cm)",Prints,Asian Art,"Purchase, C.C. Wang Family Fund Gift, 2025",1,https://www.metmuseum.org/art/collection/search/911976,https://collectionapi.metmuseum.org/public/collection/v1/objects/911976,https://images.metmuseum.org/CRDImages/as/original/DP-40669-002.jpg,https://images.metmuseum.org/CRDImages/as/web-large/DP-40669-002.jpg,1,https://images.metmuseum.org/CRDImages/as/original/DP-40669-001.jpg,live_suzhou_search,1,1,H2_working_core,pending_catalogue_concordance,H2: 2025.354–2025.460 = 107 accessions,https://images.metmuseum.org/CRDImages/as/original/DP-40669-002.jpg,official_original_public_domain
MET:2025.432,2025.432,911977,Children and Grandchildren Bring Fortune and Prosperity. The Eight Barbarians Bring Tribute,,"China, Suzhou","Qing dynasty (1644–1911), Qianlong period (1736–95)",,Woodblock print; ink on paper with additional hand coloring,"Image: 38 5/8 × 21 11/16 in. (98.1 × 55.1 cm)
Sheet: 38 5/8 × 24 9/16 in. (98.1 × 62.4 cm)",Prints,Asian Art,"Purchase, Robert Hatfield Ellsworth Bequest, 2025",1,https://www.metmuseum.org/art/collection/search/911977,https://collectionapi.metmuseum.org/public/collection/v1/objects/911977,https://images.metmuseum.org/CRDImages/as/original/DP-41327-001.jpg,https://images.metmuseum.org/CRDImages/as/web-large/DP-41327-001.jpg,0,,live_suzhou_search,1,1,H2_working_core,pending_catalogue_concordance,H2: 2025.354–2025.460 = 107 accessions,https://images.metmuseum.org/CRDImages/as/original/DP-41327-001.jpg,official_original_public_domain
MET:2025.433,2025.433,911978,The Character Fu,,"China, Suzhou","Qing dynasty (1644–1911), Qianlong period (1736–95)",,Woodblock print; ink on paper with additional hand coloring,"Image: 21 1/4 × 21 in. (54 × 53.3 cm)
Sheet: 24 3/16 × 24 3/16 in. (61.4 × 61.4 cm)",Prints,Asian Art,"Purchase, Gift of Mrs. Lewis G. Morris, by exchange, 2025",1,https://www.metmuseum.org/art/collection/search/911978,https://collectionapi.metmuseum.org/public/collection/v1/objects/911978,https://images.metmuseum.org/CRDImages/as/original/DP-41328-001.jpg,https://images.metmuseum.org/CRDImages/as/web-large/DP-41328-001.jpg,0,,live_suzhou_search,1,1,H2_working_core,pending_catalogue_concordance,H2: 2025.354–2025.460 = 107 accessions,https://images.metmuseum.org/CRDImages/as/original/DP-41328-001.jpg,official_original_public_domain
MET:2025.434,2025.434,911980,Lady Holding a Brush,,"China, Suzhou","Qing dynasty (1644–1911), Qianlong period (1736–95)",18th century,Woodblock print; ink on paper with additional hand coloring,"Image: 39 5/16 × 20 3/8 in. (99.9 × 51.8 cm)
Sheet: 45 3/8 × 25 13/16 in. (115.3 × 65.6 cm)",Prints,Asian Art,"Purchase, Robert Hatfield Ellsworth Bequest, 2025",1,https://www.metmuseum.org/art/collection/search/911980,https://collectionapi.metmuseum.org/public/collection/v1/objects/911980,https://images.metmuseum.org/CRDImages/as/original/DP-41329-001.jpg,https://images.metmuseum.org/CRDImages/as/web-large/DP-41329-001.jpg,0,,live_suzhou_search,1,1,H2_working_core,pending_catalogue_concordance,H2: 2025.354–2025.460 = 107 accessions,https://images.metmuseum.org/CRDImages/as/original/DP-41329-001.jpg,official_original_public_domain
MET:2025.435,2025.435,911981,Scene of Westerners,,"China, Suzhou","Qing dynasty (1644–1911), Jiaqing period (1796–1820)",18th century,Woodblock print; ink on paper with additional hand coloring,"Image: 19 3/4 × 36 3/8 in. (50.2 × 92.4 cm)
Sheet: 20 7/8 × 37 3/8 in. (53 × 94.9 cm)",Prints,Asian Art,"Funds from various donors, 2025",1,https://www.metmuseum.org/art/collection/search/911981,https://collectionapi.metmuseum.org/public/collection/v1/objects/911981,https://images.metmuseum.org/CRDImages/as/original/DP-40867-001.jpg,https://images.metmuseum.org/CRDImages/as/web-large/DP-40867-001.jpg,1,https://images.metmuseum.org/CRDImages/as/original/DP-41330-001.jpg,live_suzhou_search,1,1,H2_working_core,pending_catalogue_concordance,H2: 2025.354–2025.460 = 107 accessions,https://images.metmuseum.org/CRDImages/as/original/DP-40867-001.jpg,official_original_public_domain
MET:2025.436,2025.436,911982,The Beautiful Scenery of Famous Mount Putuo on the Southern Sea,,"China, Suzhou","Qing dynasty (1644–1911), Kangxi period (1662–1722)",18th century,Hanging scroll; woodblock print; ink on paper with additional hand coloring,"Image: 36 3/4 × 20 3/8 in. (93.3 × 51.8 cm)
Overall with mounting: 60 1/4 × 24 5/8 in. (153 × 62.5 cm)
Overall with knobs: 60 1/4 × 27 3/16 in. (153 × 69.1 cm)",Prints,Asian Art,"Purchase, Samuel P. Avery Memorial Fund, by exchange, 2025",1,https://www.metmuseum.org/art/collection/search/911982,https://collectionapi.metmuseum.org/public/collection/v1/objects/911982,https://images.metmuseum.org/CRDImages/as/original/DP-40670-002.jpg,https://images.metmuseum.org/CRDImages/as/web-large/DP-40670-002.jpg,1,https://images.metmuseum.org/CRDImages/as/original/DP-40670-001.jpg,live_suzhou_search,1,1,H2_working_core,pending_catalogue_concordance,H2: 2025.354–2025.460 = 107 accessions,https://images.metmuseum.org/CRDImages/as/original/DP-40670-002.jpg,official_original_public_domain
MET:2025.437,2025.437,911983,Complete Geographical Map of the Everlasting Unified Qing Empire,,"China, Suzhou","Qing dynasty (1644–1911), Jiaqing period (1796–1820)",18th century,Four-panel folding screen; woodblock print; ink and color on paper,Each panel: 52 3/16 × 11 13/16 in. (132.6 × 30 cm),Prints,Asian Art,"Florence and Herbert Irving Acquisitions Fund for Asian Art, 2025",1,https://www.metmuseum.org/art/collection/search/911983,https://collectionapi.metmuseum.org/public/collection/v1/objects/911983,https://images.metmuseum.org/CRDImages/as/original/DP-41331-001.jpg,https://images.metmuseum.org/CRDImages/as/web-large/DP-41331-001.jpg,4,https://images.metmuseum.org/CRDImages/as/original/DP-41331-002.jpg|https://images.metmuseum.org/CRDImages/as/original/DP-41331-003.jpg|https://images.metmuseum.org/CRDImages/as/original/DP-41331-004.jpg|https://images.metmuseum.org/CRDImages/as/original/DP-41331-005.jpg,live_suzhou_search,1,1,H2_working_core,pending_catalogue_concordance,H2: 2025.354–2025.460 = 107 accessions,https://images.metmuseum.org/CRDImages/as/original/DP-41331-001.jpg,official_original_public_domain
MET:2025.438,2025.438,911984,Promoting Officials,,"China, Suzhou","Qing dynasty (1644–1911), Qianlong period (1736–1795)",18th century,Woodblock print; ink on paper,"Image: 19 7/8 × 20 in. (50.5 × 50.8 cm)
Sheet: 23 13/16 × 22 13/16 in. (60.5 × 58 cm)",Prints,Asian Art,"Emily Byrne Curtis Fund, 2025",1,https://www.metmuseum.org/art/collection/search/911984,https://collectionapi.metmuseum.org/public/collection/v1/objects/911984,https://images.metmuseum.org/CRDImages/as/original/DP-40868-001.jpg,https://images.metmuseum.org/CRDImages/as/web-large/DP-40868-001.jpg,0,,live_suzhou_search,1,1,H2_working_core,pending_catalogue_concordance,H2: 2025.354–2025.460 = 107 accessions,https://images.metmuseum.org/CRDImages/as/original/DP-40868-001.jpg,official_original_public_domain
MET:2025.439,2025.439,911987,Eight Immortals and Twelve Zodiac Animals,,"China, Suzhou","Qing dynasty (1644–1911), Qianlong period (1736–1795)",18th century,Woodblock print; ink on paper with additional hand coloring,"Image: 14 3/16 × 14 5/16 in. (36 × 36.3 cm)
Sheet: 15 3/8 × 15 3/8 in. (39 × 39 cm)",Prints,Asian Art,"Purchase, Bequest of Robert West, by exchange, 2025",1,https://www.metmuseum.org/art/collection/search/911987,https://collectionapi.metmuseum.org/public/collection/v1/objects/911987,https://images.metmuseum.org/CRDImages/as/original/DP-41333-001.jpg,https://images.metmuseum.org/CRDImages/as/web-large/DP-41333-001.jpg,0,,live_suzhou_search,1,1,H2_working_core,pending_catalogue_concordance,H2: 2025.354–2025.460 = 107 accessions,https://images.metmuseum.org/CRDImages/as/original/DP-41333-001.jpg,official_original_public_domain
MET:2025.440,2025.440,911990,White Snake Tale Game,,"China, Suzhou","Qing dynasty (1644–1911), Qianlong period (1736–1795)",18th century,Woodblock print; ink on paper with additional hand coloring,Image: Diam. 10 7/16 in. (26.5 cm),Prints,Asian Art,"Purchase, Gift of Mrs. Lewis G. Morris, by exchange, 2025",1,https://www.metmuseum.org/art/collection/search/911990,https://collectionapi.metmuseum.org/public/collection/v1/objects/911990,https://images.metmuseum.org/CRDImages/as/original/DP-41451-001.jpg,https://images.metmuseum.org/CRDImages/as/web-large/DP-41451-001.jpg,0,,live_suzhou_search,1,1,H2_working_core,pending_catalogue_concordance,H2: 2025.354–2025.460 = 107 accessions,https://images.metmuseum.org/CRDImages/as/original/DP-41451-001.jpg,official_original_public_domain
MET:2025.441,2025.441,911991,Agricultural Tasks,,"China, Suzhou","Qing dynasty (1644–1911), Qianlong period (1736–1795)",18th century,Woodblock print; ink on paper,"Image: 19 13/16 × 19 11/16 in. (50.4 × 50 cm)
Sheet: 21 5/16 × 21 7/16 in. (54.2 × 54.4 cm)",Prints,Asian Art,"Purchase, GIft of William B. Osgood Field, by exchange, 2025",1,https://www.metmuseum.org/art/collection/search/911991,https://collectionapi.metmuseum.org/public/collection/v1/objects/911991,https://images.metmuseum.org/CRDImages/as/original/DP-41452-001.jpg,https://images.metmuseum.org/CRDImages/as/web-large/DP-41452-001.jpg,0,,live_suzhou_search,1,1,H2_working_core,pending_catalogue_concordance,H2: 2025.354–2025.460 = 107 accessions,https://images.metmuseum.org/CRDImages/as/original/DP-41452-001.jpg,official_original_public_domain
MET:2025.442,2025.442,913075,The Two Immortals of Harmony and Unity,,"China, Suzhou","Qing dynasty (1644–1911), Qianlong period (1736–1795)",mid-18th century,Woodblock print; ink on paper,Sheet: 12 1/2 × 8 15/16 in. (31.8 × 22.7 cm),Prints,Asian Art,"Funds from various donors, 2025",1,https://www.metmuseum.org/art/collection/search/913075,https://collectionapi.metmuseum.org/public/collection/v1/objects/913075,https://images.metmuseum.org/CRDImages/as/original/DP-41453-001.jpg,https://images.metmuseum.org/CRDImages/as/web-large/DP-41453-001.jpg,0,,live_suzhou_search,1,1,H2_working_core,pending_catalogue_concordance,H2: 2025.354–2025.460 = 107 accessions,https://images.metmuseum.org/CRDImages/as/original/DP-41453-001.jpg,official_original_public_domain
MET:2025.443,2025.443,911992,"Summer basket: lotus, pomegranate and day lily",,"China, Suzhou","Qing dynasty (1644–1911), Qianlong period (1736–1795)",18th century,Polychrome woodblock print; ink and color on paper with embossing,Sheet: 11 13/16 × 14 11/16 in. (30 × 37.3 cm),Prints,Asian Art,"Purchase, Friends of Asian Art Gifts, 2025",1,https://www.metmuseum.org/art/collection/search/911992,https://collectionapi.metmuseum.org/public/collection/v1/objects/911992,https://images.metmuseum.org/CRDImages/as/original/DP-41454-001.jpg,https://images.metmuseum.org/CRDImages/as/web-large/DP-41454-001.jpg,0,,live_suzhou_search,1,1,H2_working_core,pending_catalogue_concordance,H2: 2025.354–2025.460 = 107 accessions,https://images.metmuseum.org/CRDImages/as/original/DP-41454-001.jpg,official_original_public_domain
MET:2025.444,2025.444,911995,"Autumn basket: hibiscus, yellow hibiscus and chrysanthemum",,"China, Suzhou","Qing dynasty (1644–1911), Qianlong period (1736–1795)",18th century,Polychrome woodblock print; ink and color on paper with embossing,Sheet: 9 1/2 × 12 1/2 in. (24.1 × 31.8 cm),Prints,Asian Art,"Purchase, Friends of Asian Art Gifts, 2025",1,https://www.metmuseum.org/art/collection/search/911995,https://collectionapi.metmuseum.org/public/collection/v1/objects/911995,https://images.metmuseum.org/CRDImages/as/original/DP-41455-001.jpg,https://images.metmuseum.org/CRDImages/as/web-large/DP-41455-001.jpg,0,,live_suzhou_search,1,1,H2_working_core,pending_catalogue_concordance,H2: 2025.354–2025.460 = 107 accessions,https://images.metmuseum.org/CRDImages/as/original/DP-41455-001.jpg,official_original_public_domain
MET:2025.445,2025.445,911996,Magpies,,"China, Suzhou","Qing dynasty (1644–1911), Qianlong period (1736–1795)",18th century,Polychrome woodblock print; ink and color on paper,Sheet: 14 13/16 × 10 7/8 in. (37.6 × 27.6 cm),Prints,Asian Art,"Purchase, Friends of Asian Art Gifts, 2025",1,https://www.metmuseum.org/art/collection/search/911996,https://collectionapi.metmuseum.org/public/collection/v1/objects/911996,https://images.metmuseum.org/CRDImages/as/original/DP-41456-001.jpg,https://images.metmuseum.org/CRDImages/as/web-large/DP-41456-001.jpg,0,,live_suzhou_search,1,1,H2_working_core,pending_catalogue_concordance,H2: 2025.354–2025.460 = 107 accessions,https://images.metmuseum.org/CRDImages/as/original/DP-41456-001.jpg,official_original_public_domain
MET:2025.446,2025.446,911997,Bird on hibiscus,,"China, Suzhou","Qing dynasty (1644–1911), Qianlong period (1736–1795)",18th century,Polychrome woodblock print; ink and color on paper,Sheet: 11 5/8 × 14 5/8 in. (29.5 × 37.1 cm),Prints,Asian Art,"Purchase, Friends of Asian Art Gifts, 2025",1,https://www.metmuseum.org/art/collection/search/911997,https://collectionapi.metmuseum.org/public/collection/v1/objects/911997,https://images.metmuseum.org/CRDImages/as/original/DP-41457-001.jpg,https://images.metmuseum.org/CRDImages/as/web-large/DP-41457-001.jpg,0,,live_suzhou_search,1,1,H2_working_core,pending_catalogue_concordance,H2: 2025.354–2025.460 = 107 accessions,https://images.metmuseum.org/CRDImages/as/original/DP-41457-001.jpg,official_original_public_domain
MET:2025.447,2025.447,912002,Butterflies and Bee on Chrysanthemum,,"China, Suzhou","Qing dynasty (1644–1911), Qianlong period (1736–1795)",18th century,Polychrome woodblock print; ink and color on paper,Sheet: 12 in. × 15 1/8 in. (30.5 × 38.4 cm),Prints,Asian Art,"Purchase, Gift of Mrs. Samuel T. Peters, by exchange, 2025",1,https://www.metmuseum.org/art/collection/search/912002,https://collectionapi.metmuseum.org/public/collection/v1/objects/912002,https://images.metmuseum.org/CRDImages/as/original/DP-41458-001.jpg,https://images.metmuseum.org/CRDImages/as/web-large/DP-41458-001.jpg,0,,live_suzhou_search,1,1,H2_working_core,pending_catalogue_concordance,H2: 2025.354–2025.460 = 107 accessions,https://images.metmuseum.org/CRDImages/as/original/DP-41458-001.jpg,official_original_public_domain
MET:2025.448,2025.448,912004,Apples and Pomegranates.,,"China, Suzhou","Qing dynasty (1644–1911), Qianlong period (1736–1795)",18th century,Polychrome woodblock print; ink and color on paper,Sheet: 10 1/2 × 14 1/16 in. (26.7 × 35.7 cm),Prints,Asian Art,"Purchase, Jane and Raphael Bernstein Gift, 2025",1,https://www.metmuseum.org/art/collection/search/912004,https://collectionapi.metmuseum.org/public/collection/v1/objects/912004,https://images.metmuseum.org/CRDImages/as/original/DP-41459-001.jpg,https://images.metmuseum.org/CRDImages/as/web-large/DP-41459-001.jpg,0,,live_suzhou_search,1,1,H2_working_core,pending_catalogue_concordance,H2: 2025.354–2025.460 = 107 accessions,https://images.metmuseum.org/CRDImages/as/original/DP-41459-001.jpg,official_original_public_domain
MET:2025.449,2025.449,912008,Butterflies on Loquats,,"China, Suzhou","Qing dynasty (1644–1911), Qianlong period (1736–1795)",18th century,Polychrome woodblock print; ink and color on paper,Sheet: 11 1/2 in. × 15 in. (29.2 × 38.1 cm),Prints,Asian Art,"Purchase, Jane and Raphael Bernstein Gift, 2025",1,https://www.metmuseum.org/art/collection/search/912008,https://collectionapi.metmuseum.org/public/collection/v1/objects/912008,https://images.metmuseum.org/CRDImages/as/original/DP-41460-001.jpg,https://images.metmuseum.org/CRDImages/as/web-large/DP-41460-001.jpg,0,,live_suzhou_search,1,1,H2_working_core,pending_catalogue_concordance,H2: 2025.354–2025.460 = 107 accessions,https://images.metmuseum.org/CRDImages/as/original/DP-41460-001.jpg,official_original_public_domain
MET:2025.450,2025.450,912012,Butterfly on Peony and Iris,,"China, Suzhou","Qing dynasty (1644–1911), Qianlong period (1736–1795)",18th century,Polychrome woodblock print; ink and color on paper,Sheet: 11 7/8 × 14 3/4 in. (30.2 × 37.5 cm),Prints,Asian Art,"Purchase, Jane and Raphael Bernstein Gift, 2025",1,https://www.metmuseum.org/art/collection/search/912012,https://collectionapi.metmuseum.org/public/collection/v1/objects/912012,https://images.metmuseum.org/CRDImages/as/original/DP-41461-001.jpg,https://images.metmuseum.org/CRDImages/as/web-large/DP-41461-001.jpg,0,,live_suzhou_search,1,1,H2_working_core,pending_catalogue_concordance,H2: 2025.354–2025.460 = 107 accessions,https://images.metmuseum.org/CRDImages/as/original/DP-41461-001.jpg,official_original_public_domain
MET:2025.451,2025.451,912015,Butterfly on Buddha's Hand Citron,,"China, Suzhou","Qing dynasty (1644–1911), Qianlong period (1736–1795)",18th century,Polychrome woodblock print; ink and color on paper,Sheet: 10 5/16 × 14 1/8 in. (26.2 × 35.9 cm),Prints,Asian Art,"Purchase, Bequest of William Rhinelander Stewart and funds from various donors, by exchange, 2025",1,https://www.metmuseum.org/art/collection/search/912015,https://collectionapi.metmuseum.org/public/collection/v1/objects/912015,https://images.metmuseum.org/CRDImages/as/original/DP-41462-001.jpg,https://images.metmuseum.org/CRDImages/as/web-large/DP-41462-001.jpg,0,,live_suzhou_search,1,1,H2_working_core,pending_catalogue_concordance,H2: 2025.354–2025.460 = 107 accessions,https://images.metmuseum.org/CRDImages/as/original/DP-41462-001.jpg,official_original_public_domain
MET:2025.452,2025.452,912016,Poppy and Stone,,"China, Suzhou","Qing dynasty (1644–1911), Qianlong period (1736–1795)",18th century,Polychrome woodblock print; ink and color on paper,Sheet: 10 1/2 × 13 3/8 in. (26.7 × 34 cm),Prints,Asian Art,"Emily Byrne Curtis Fund, 2025",1,https://www.metmuseum.org/art/collection/search/912016,https://collectionapi.metmuseum.org/public/collection/v1/objects/912016,https://images.metmuseum.org/CRDImages/as/original/DP-41463-001.jpg,https://images.metmuseum.org/CRDImages/as/web-large/DP-41463-001.jpg,0,,live_suzhou_search,1,1,H2_working_core,pending_catalogue_concordance,H2: 2025.354–2025.460 = 107 accessions,https://images.metmuseum.org/CRDImages/as/original/DP-41463-001.jpg,official_original_public_domain
MET:2025.453,2025.453,912017,Orchid and Stone,,"China, Suzhou","Qing dynasty (1644–1911), Qianlong period (1736–1795)",18th century,Polychrome woodblock print; ink and color on paper,Sheet: 10 1/2 × 13 1/2 in. (26.7 × 34.3 cm),Prints,Asian Art,"Emily Byrne Curtis Fund, 2025",1,https://www.metmuseum.org/art/collection/search/912017,https://collectionapi.metmuseum.org/public/collection/v1/objects/912017,https://images.metmuseum.org/CRDImages/as/original/DP-41464-001.jpg,https://images.metmuseum.org/CRDImages/as/web-large/DP-41464-001.jpg,0,,live_suzhou_search,1,1,H2_working_core,pending_catalogue_concordance,H2: 2025.354–2025.460 = 107 accessions,https://images.metmuseum.org/CRDImages/as/original/DP-41464-001.jpg,official_original_public_domain
MET:2025.454,2025.454,912018,Roses?,,"China, Suzhou","Qing dynasty (1644–1911), Qianlong period (1736–1795),",18th century,Polychrome woodblock print; ink and color on paper,Sheet: 10 5/16 × 12 7/8 in. (26.2 × 32.7 cm),Prints,Asian Art,"Emily Byrne Curtis Fund, 2025",1,https://www.metmuseum.org/art/collection/search/912018,https://collectionapi.metmuseum.org/public/collection/v1/objects/912018,https://images.metmuseum.org/CRDImages/as/original/DP-41465-001.jpg,https://images.metmuseum.org/CRDImages/as/web-large/DP-41465-001.jpg,0,,live_suzhou_search,1,1,H2_working_core,pending_catalogue_concordance,H2: 2025.354–2025.460 = 107 accessions,https://images.metmuseum.org/CRDImages/as/original/DP-41465-001.jpg,official_original_public_domain
MET:2025.455,2025.455,912023,Bird on Viburnum,,"China, Suzhou","Qing dynasty (1644–1911), Qianlong period (1736–1795)",18th century,Polychrome woodblock print; ink and color on paper,Sheet: 10 5/16 × 13 5/8 in. (26.2 × 34.6 cm),Prints,Asian Art,"Purchase, Gift of Mrs. Edward S. Harkness, by exchange, 2025",1,https://www.metmuseum.org/art/collection/search/912023,https://collectionapi.metmuseum.org/public/collection/v1/objects/912023,https://images.metmuseum.org/CRDImages/as/original/DP-41466-001.jpg,https://images.metmuseum.org/CRDImages/as/web-large/DP-41466-001.jpg,0,,live_suzhou_search,1,1,H2_working_core,pending_catalogue_concordance,H2: 2025.354–2025.460 = 107 accessions,https://images.metmuseum.org/CRDImages/as/original/DP-41466-001.jpg,official_original_public_domain
MET:2025.456,2025.456,912024,Mynah Birds,,"China, Suzhou","Qing dynasty (1644–1911), Qianlong period (1736–1795)",18th century,Polychrome woodblock print; ink and color on paper,Sheet: 14 1/16 × 10 5/16 in. (35.7 × 26.2 cm),Prints,Asian Art,"Purchase, Gift of Mrs. Edward S. Harkness, by exchange, 2025",1,https://www.metmuseum.org/art/collection/search/912024,https://collectionapi.metmuseum.org/public/collection/v1/objects/912024,https://images.metmuseum.org/CRDImages/as/original/DP-41467-001.jpg,https://images.metmuseum.org/CRDImages/as/web-large/DP-41467-001.jpg,0,,live_suzhou_search,1,1,H2_working_core,pending_catalogue_concordance,H2: 2025.354–2025.460 = 107 accessions,https://images.metmuseum.org/CRDImages/as/original/DP-41467-001.jpg,official_original_public_domain
MET:2025.457,2025.457,912025,Grasshopper on Pomegranate,,"China, Suzhou","Qing dynasty (1644–1911), Qianlong period (1736–1795)",18th century,Polychrome woodblock print; ink and color on paper,Sheet: 10 9/16 × 13 1/4 in. (26.8 × 33.7 cm),Prints,Asian Art,"Purchase, Bequest of Robert West, by exchange, 2025",1,https://www.metmuseum.org/art/collection/search/912025,https://collectionapi.metmuseum.org/public/collection/v1/objects/912025,https://images.metmuseum.org/CRDImages/as/original/DP-41468-001.jpg,https://images.metmuseum.org/CRDImages/as/web-large/DP-41468-001.jpg,0,,live_suzhou_search,1,1,H2_working_core,pending_catalogue_concordance,H2: 2025.354–2025.460 = 107 accessions,https://images.metmuseum.org/CRDImages/as/original/DP-41468-001.jpg,official_original_public_domain
MET:2025.458,2025.458,912028,Pomegranate in a bronze vase,,"China, Suzhou","Qing dynasty (1644–1911), Qianlong period (1736–1795)",18th century,Polychrome woodblock print; ink and color on paper,Sheet: 14 11/16 × 11 3/4 in. (37.3 × 29.8 cm),Prints,Asian Art,"Purchase, Friends of Asian Art Gifts, 2025",1,https://www.metmuseum.org/art/collection/search/912028,https://collectionapi.metmuseum.org/public/collection/v1/objects/912028,https://images.metmuseum.org/CRDImages/as/original/DP-41469-001.jpg,https://images.metmuseum.org/CRDImages/as/web-large/DP-41469-001.jpg,0,,live_suzhou_search,1,1,H2_working_core,pending_catalogue_concordance,H2: 2025.354–2025.460 = 107 accessions,https://images.metmuseum.org/CRDImages/as/original/DP-41469-001.jpg,official_original_public_domain
MET:2025.459,2025.459,912030,Chrysanthemum and Begonia in a Bronze Vase,,"China, Suzhou","Qing dynasty (1644–1911), Qianlong period (1736–1795)",18th century,Polychrome woodblock print; ink and color on paper,Sheet: 14 5/8 × 11 7/8 in. (37.1 × 30.2 cm),Prints,Asian Art,"Purchase, C.C. Wang Family Fund Gift, 2025",1,https://www.metmuseum.org/art/collection/search/912030,https://collectionapi.metmuseum.org/public/collection/v1/objects/912030,https://images.metmuseum.org/CRDImages/as/original/DP-41470-001.jpg,https://images.metmuseum.org/CRDImages/as/web-large/DP-41470-001.jpg,0,,live_suzhou_search,1,1,H2_working_core,pending_catalogue_concordance,H2: 2025.354–2025.460 = 107 accessions,https://images.metmuseum.org/CRDImages/as/original/DP-41470-001.jpg,official_original_public_domain
MET:2025.460,2025.460,912945,"Wooden chest with print ""Gusu Beauty in Winter"" pasted inside",,"China, Suzhou (print)","Qing dynasty (1644–1911), Qianlong period (1736–95)",1767?,Pinewood (chest); polychrome woodblock print; ink and color on paper,H. 26 1/8 in. (66.3 cm); W. 23 1/4 in. (59 cm); L. 47 1/4 in. (120 cm),Furniture,Asian Art,"Purchase by subscription, by exchange, 2025",1,https://www.metmuseum.org/art/collection/search/912945,https://collectionapi.metmuseum.org/public/collection/v1/objects/912945,https://images.metmuseum.org/CRDImages/as/original/DP-41019-004.jpg,https://images.metmuseum.org/CRDImages/as/web-large/DP-41019-004.jpg,3,https://images.metmuseum.org/CRDImages/as/original/DP-41019-003.jpg|https://images.metmuseum.org/CRDImages/as/original/DP-41019-001.jpg|https://images.metmuseum.org/CRDImages/as/original/DP-41019-002.jpg,live_suzhou_search,1,1,H2_working_core,pending_catalogue_concordance,H2: 2025.354–2025.460 = 107 accessions,https://images.metmuseum.org/CRDImages/as/original/DP-41019-004.jpg,official_original_public_domain
