machine_id,accession,accession_base,id,record_type,cover_accession_number,title_en,title_zh,culture,creation_date,type,technique,share_license_status,legal_status,accession_date,url,api_url,image_web,image_print,image_full,has_web_image,has_print_image,has_full_image,provenance_raw,acquisition_mode,api_http_status,api_checked_utc
CMA:2025.19,2025.19,2025.19,678453,object,,Beautiful Autumn and Winter Landscapes,清鉴秋冬美境,"['China, Qing dynasty (1644–1911), Qianlong reign (1736–95)']",1736–95,Print,Hanging scroll; woodblock print; ink on paper,CC0,accessioned,2025-03-03T05:00:00Z,https://clevelandart.org/art/2025.19,https://openaccess-api.clevelandart.org/api/artworks/2025.19,,,,0,0,0,"[{""description"": ""(Christer von der Burg, sold to the Cleveland Museum of Art)"", ""citations"": [], ""footnotes"": [], ""date"": ""?–2025"", ""sortorder"": 2}, {""description"": ""The Cleveland Museum of Art, Cleveland, OH"", ""citations"": [], ""footnotes"": null, ""date"": ""2025–"", ""sortorder"": 3}]",sold,200,2026-08-18T03:25:12.679513+00:00
CMA:2025.20,2025.20,2025.20,678462,object,,Li Bai Writes a Poem Whilst Drunk In Huaqing Palace,華清宮李⽩醉酒寫詩,"['China, Qing dynasty (1644–1911)']",1700s,Print,Hanging scroll; polychrome woodblock print; ink and color on paper,CC0,accessioned,2025-03-03T05:00:00Z,https://clevelandart.org/art/2025.20,https://openaccess-api.clevelandart.org/api/artworks/2025.20,,,,0,0,0,"[{""description"": ""(Christer von der Burg, sold to the Cleveland Museum of Art)"", ""citations"": [], ""footnotes"": [], ""date"": ""?–2025"", ""sortorder"": 2}, {""description"": ""The Cleveland Museum of Art, Cleveland, OH"", ""citations"": [], ""footnotes"": null, ""date"": ""2025–"", ""sortorder"": 3}]",sold,200,2026-08-18T03:25:13.074793+00:00
CMA:2025.21,2025.21,2025.21,678477,object,,Part of Story of The Western Chamber,一部西廂總,"['China, Qing dynasty (1644–1911), Qianlong reign (1736–95)']",1736–95,Print,Hanging scroll; polychrome woodblock print; ink and color on paper,CC0,accessioned,2025-03-03T05:00:00Z,https://clevelandart.org/art/2025.21,https://openaccess-api.clevelandart.org/api/artworks/2025.21,https://openaccess-cdn.clevelandart.org/2025.21/2025.21_web.jpg,https://openaccess-cdn.clevelandart.org/2025.21/2025.21_print.jpg,https://openaccess-cdn.clevelandart.org/2025.21/2025.21_full.tif,1,1,1,"[{""description"": ""(Christer von der Burg, sold to the Cleveland Museum of Art)"", ""citations"": [], ""footnotes"": null, ""date"": ""?–2025"", ""sortorder"": 2}, {""description"": ""The Cleveland Museum of Art, Cleveland, OH"", ""citations"": [], ""footnotes"": null, ""date"": ""2025–"", ""sortorder"": 3}]",sold,200,2026-08-18T03:25:13.464365+00:00
CMA:2025.22,2025.22,2025.22,678485,object,,Scenic View of Pavilions by a Lake,亭畔勝景圖,"['China, Qing dynasty (1644–1911), Qianlong reign (1736–95)']",1736–95,Print,Hanging scroll; polychrome woodblock print; ink and color on paper,CC0,accessioned,2025-03-03T05:00:00Z,https://clevelandart.org/art/2025.22,https://openaccess-api.clevelandart.org/api/artworks/2025.22,,,,0,0,0,"[{""description"": ""(Christer von der Burg, sold to the Cleveland Museum of Art)"", ""citations"": [], ""footnotes"": [], ""date"": ""?–2025"", ""sortorder"": 2}, {""description"": ""The Cleveland Museum of Art, Cleveland, OH"", ""citations"": [], ""footnotes"": null, ""date"": ""2025–"", ""sortorder"": 3}]",sold,200,2026-08-18T03:25:13.653598+00:00
CMA:2025.23,2025.23,2025.23,678529,object,,Mother and Sons,母子圖,"['Southeast China, Suzhou, Qing dynasty (1644–1911), Qianlong reign (1736–95)']",1736–95,Print,Hanging scroll; multicolor woodblock print on paper,CC0,accessioned,2025-03-03T05:00:00Z,https://clevelandart.org/art/2025.23,https://openaccess-api.clevelandart.org/api/artworks/2025.23,https://openaccess-cdn.clevelandart.org/2025.23/2025.23_web.jpg,https://openaccess-cdn.clevelandart.org/2025.23/2025.23_print.jpg,https://openaccess-cdn.clevelandart.org/2025.23/2025.23_full.tif,1,1,1,"[{""description"": ""(Christer von der Burg, sold to the Cleveland Museum of Art)"", ""citations"": [], ""footnotes"": null, ""date"": ""?–2025"", ""sortorder"": 2}, {""description"": ""The Cleveland Museum of Art, Cleveland, OH"", ""citations"": [], ""footnotes"": null, ""date"": ""2025–"", ""sortorder"": 3}]",sold,200,2026-08-18T03:25:14.031218+00:00
CMA:2025.24,2025.24,2025.24,678537,object,,A Quatrain about Peonies,牡丹一絕句,"['Southeast China, Suzhou, Qing dynasty (1644–1911), Qianlong reign (1736–95)']",1736–95,Print,Hanging scroll; polychrome woodblock print; ink and color on paper,CC0,accessioned,2025-03-03T05:00:00Z,https://clevelandart.org/art/2025.24,https://openaccess-api.clevelandart.org/api/artworks/2025.24,https://openaccess-cdn.clevelandart.org/2025.24/2025.24_web.jpg,https://openaccess-cdn.clevelandart.org/2025.24/2025.24_print.jpg,https://openaccess-cdn.clevelandart.org/2025.24/2025.24_full.tif,1,1,1,"[{""description"": ""(Christer von der Burg, sold to the Cleveland Museum of Art)"", ""citations"": [], ""footnotes"": [], ""date"": ""?–2025"", ""sortorder"": 2}, {""description"": ""The Cleveland Museum of Art, Cleveland, OH"", ""citations"": [], ""footnotes"": null, ""date"": ""2025–"", ""sortorder"": 3}]",sold,200,2026-08-18T03:25:14.235338+00:00
CMA:2025.25,2025.25,2025.25,678656,object,,The Top Scholar Returns Home,狀元回家,"['China, Qing dynasty (1644–1911), Qianlong period (1736–95)']",1736–95,Print,Hanging scroll; polychrome woodblock print; ink and color on paper,CC0,accessioned,2025-03-03T05:00:00Z,https://clevelandart.org/art/2025.25,https://openaccess-api.clevelandart.org/api/artworks/2025.25,,,,0,0,0,"[{""description"": ""(Christer von der Burg, sold to the Cleveland Museum of Art)"", ""citations"": [], ""footnotes"": null, ""date"": ""?–2025"", ""sortorder"": 1}, {""description"": ""The Cleveland Museum of Art, Cleveland, OH"", ""citations"": [], ""footnotes"": null, ""date"": ""2025–"", ""sortorder"": 2}]",sold,200,2026-08-18T03:25:14.429769+00:00
CMA:2025.26,2025.26,2025.26,678657,object,,Portraits of the Outlaws of the Marsh,⽩滸綉像全圖,"['China, Qing dynasty (1644–1911), Qianlong reign (1736–95)']",1736–95,Print,Hanging scroll; polychrome woodblock print; ink and color on paper,CC0,accessioned,2025-03-03T05:00:00Z,https://clevelandart.org/art/2025.26,https://openaccess-api.clevelandart.org/api/artworks/2025.26,,,,0,0,0,"[{""description"": ""(Christer von der Burg, sold to the Cleveland Museum of Art)"", ""citations"": [], ""footnotes"": [], ""date"": ""?–2025"", ""sortorder"": 2}, {""description"": ""The Cleveland Museum of Art, Cleveland, OH"", ""citations"": [], ""footnotes"": null, ""date"": ""2025–"", ""sortorder"": 3}]",sold,200,2026-08-18T03:25:14.803222+00:00
CMA:2025.27,2025.27,2025.27,678658,object,,Yang Guifei Strolls in a Garden,楊貴妃遊花園,"['China, Qing dynasty (1644–1911), Qianlong reign (1736–95)']",1736–95,Print,Hanging scroll; polychrome woodblock print; ink and color on paper,CC0,accessioned,2025-03-03T05:00:00Z,https://clevelandart.org/art/2025.27,https://openaccess-api.clevelandart.org/api/artworks/2025.27,,,,0,0,0,"[{""description"": ""(Christer von der Burg, sold to the Cleveland Museum of Art)"", ""citations"": [], ""footnotes"": null, ""date"": ""?–2025"", ""sortorder"": 2}, {""description"": ""The Cleveland Museum of Art, Cleveland, OH"", ""citations"": [], ""footnotes"": null, ""date"": ""2025–"", ""sortorder"": 3}]",sold,200,2026-08-18T03:25:14.998996+00:00
CMA:2025.28,2025.28,2025.28,678659,object,,Beauties with Bamboo and a Rose,竹葉月季雙美圖,"['China, Qing dynasty (1644–1911), Jiaqing period (1796–1820)']",1796–1820,Print,Hanging scroll; polychrome woodblock print; ink and color on paper,CC0,accessioned,2025-03-03T05:00:00Z,https://clevelandart.org/art/2025.28,https://openaccess-api.clevelandart.org/api/artworks/2025.28,,,,0,0,0,"[{""description"": ""(Christer von der Burg, sold to the Cleveland Museum of Art)"", ""citations"": [], ""footnotes"": [], ""date"": ""?–2025"", ""sortorder"": 2}, {""description"": ""The Cleveland Museum of Art, Cleveland, OH"", ""citations"": [], ""footnotes"": null, ""date"": ""2025–"", ""sortorder"": 3}]",sold,200,2026-08-18T03:25:15.210586+00:00
CMA:2025.29,2025.29,2025.29,678663,object,,Rise in Rank and Attain Wealth,加官進祿,"['China, Qing dynasty (1644–1911), Qianlong reign (1736–95)']",1736–95,Print,Hanging scroll; polychrome woodblock print; ink and color on paper,CC0,accessioned,2025-03-03T05:00:00Z,https://clevelandart.org/art/2025.29,https://openaccess-api.clevelandart.org/api/artworks/2025.29,https://openaccess-cdn.clevelandart.org/2025.29/2025.29_web.jpg,https://openaccess-cdn.clevelandart.org/2025.29/2025.29_print.jpg,https://openaccess-cdn.clevelandart.org/2025.29/2025.29_full.tif,1,1,1,"[{""description"": ""(Christer von der Burg, sold to the Cleveland Museum of Art)"", ""citations"": [], ""footnotes"": null, ""date"": ""?–2025"", ""sortorder"": 2}, {""description"": ""The Cleveland Museum of Art, Cleveland, OH"", ""citations"": [], ""footnotes"": null, ""date"": ""2025–"", ""sortorder"": 3}]",sold,200,2026-08-18T03:25:15.407465+00:00
CMA:2025.30,2025.30,2025.30,678664,object,,The Two Immortals of Harmony and Unity,和合二仙,"['China, Qing dynasty (1644–1911), Qianlong reign (1736–95)']",1736–95,Print,Polychrome woodblock print; ink and color on paper,CC0,accessioned,2025-03-03T05:00:00Z,https://clevelandart.org/art/2025.30,https://openaccess-api.clevelandart.org/api/artworks/2025.30,,,,0,0,0,"[{""description"": ""(Christer von der Burg, sold to the Cleveland Museum of Art)"", ""citations"": [], ""footnotes"": [], ""date"": ""?–2025"", ""sortorder"": 1}, {""description"": ""The Cleveland Museum of Art, Cleveland, OH"", ""citations"": [], ""footnotes"": null, ""date"": ""2025–"", ""sortorder"": 2}]",sold,200,2026-08-18T03:25:15.608115+00:00
CMA:2025.31,2025.31,2025.31,679031,object,,The Two Immortals of Harmony and Unity,和合二仙,"['China, Qing dynasty (1644–1911), Qianlong reign (1736–95)']",1736–95,Print,Hanging scroll; polychrome woodblock print; ink and color on paper,CC0,accessioned,2025-03-03T05:00:00Z,https://clevelandart.org/art/2025.31,https://openaccess-api.clevelandart.org/api/artworks/2025.31,https://openaccess-cdn.clevelandart.org/2025.31/2025.31_web.jpg,https://openaccess-cdn.clevelandart.org/2025.31/2025.31_print.jpg,https://openaccess-cdn.clevelandart.org/2025.31/2025.31_full.tif,1,1,1,"[{""description"": ""(Christer von der Burg, sold to the Cleveland Museum of Art)"", ""citations"": [], ""footnotes"": null, ""date"": ""?–2025"", ""sortorder"": 1}, {""description"": ""The Cleveland Museum of Art, Cleveland, OH"", ""citations"": [], ""footnotes"": null, ""date"": ""2025–"", ""sortorder"": 2}]",sold,200,2026-08-18T03:25:15.842956+00:00
CMA:2025.32,2025.32,2025.32,679032,object,,The Two Immortals of Harmony and Unity,和合二仙,"['China, Qing dynasty (1644–1911), Qianlong reign (1736–95)']",1736–95,Print,Polychrome woodblock print; ink and color on paper,CC0,accessioned,2025-03-03T05:00:00Z,https://clevelandart.org/art/2025.32,https://openaccess-api.clevelandart.org/api/artworks/2025.32,https://openaccess-cdn.clevelandart.org/2025.32/2025.32_web.jpg,https://openaccess-cdn.clevelandart.org/2025.32/2025.32_print.jpg,https://openaccess-cdn.clevelandart.org/2025.32/2025.32_full.tif,1,1,1,"[{""description"": ""(Christer von der Burg, sold to the Cleveland Museum of Art)"", ""citations"": [], ""footnotes"": [], ""date"": ""?–2025"", ""sortorder"": 1}, {""description"": ""The Cleveland Museum of Art, Cleveland, OH"", ""citations"": [], ""footnotes"": null, ""date"": ""2025–"", ""sortorder"": 2}]",sold,200,2026-08-18T03:25:16.056561+00:00
CMA:2025.33,2025.33,2025.33,679033,object,,The God of War,關羽,"['China, Qing dynasty (1644–1911), Kangxi reign (1622–1722)']",1662–1722,Print,Hanging scroll; polychrome woodblock print; ink and color on paper,CC0,accessioned,2025-03-03T05:00:00Z,https://clevelandart.org/art/2025.33,https://openaccess-api.clevelandart.org/api/artworks/2025.33,,,,0,0,0,"[{""description"": ""(Christer von der Burg, sold to the Cleveland Museum of Art)"", ""citations"": [], ""footnotes"": null, ""date"": ""?–2025"", ""sortorder"": 2}, {""description"": ""The Cleveland Museum of Art, Cleveland, OH"", ""citations"": [], ""footnotes"": null, ""date"": ""2025–"", ""sortorder"": 3}]",sold,200,2026-08-18T03:25:16.242437+00:00
CMA:2025.34,2025.34,2025.34,679034,object,,Playing with an Infant,嬰戲圖,"['China, Qing dynasty (1644–1911), Qianlong reign (1736–95)']",1736–95,Print,Polychrome woodblock print; ink and color on paper,CC0,accessioned,2025-03-03T05:00:00Z,https://clevelandart.org/art/2025.34,https://openaccess-api.clevelandart.org/api/artworks/2025.34,,,,0,0,0,"[{""description"": ""(Christer von der Burg, sold to the Cleveland Museum of Art)"", ""citations"": [], ""footnotes"": null, ""date"": ""?–2025"", ""sortorder"": 2}, {""description"": ""The Cleveland Museum of Art, Cleveland, OH"", ""citations"": [], ""footnotes"": null, ""date"": ""2025–"", ""sortorder"": 3}]",sold,200,2026-08-18T03:25:16.428574+00:00
CMA:2025.35,2025.35,2025.35,679035,object,,Double Happiness Character,雙喜字,"['China, Qing dynasty (1644–1911), Qianlong reign (1736–95)']",1736–95,Print,Polychrome woodblock print; ink and color on paper,CC0,accessioned,2025-03-03T05:00:00Z,https://clevelandart.org/art/2025.35,https://openaccess-api.clevelandart.org/api/artworks/2025.35,,,,0,0,0,"[{""description"": ""(Christer von der Burg, sold to the Cleveland Museum of Art)"", ""citations"": [], ""footnotes"": [], ""date"": ""?–2025"", ""sortorder"": 2}, {""description"": ""The Cleveland Museum of Art, Cleveland, OH"", ""citations"": [], ""footnotes"": null, ""date"": ""2025–"", ""sortorder"": 3}]",sold,200,2026-08-18T03:25:16.626971+00:00
CMA:2025.36,2025.36,2025.36,679036,object,,Mother with Sons Playing Music,母子奏樂圖,"['China, Qing dynasty (1644–1911), Qianlong reign (1736–95)']",1736–95,Print,Polychrome woodblock print; ink and color on paper,CC0,accessioned,2025-03-03T05:00:00Z,https://clevelandart.org/art/2025.36,https://openaccess-api.clevelandart.org/api/artworks/2025.36,,,,0,0,0,"[{""description"": ""(Christer von der Burg, sold to the Cleveland Museum of Art)"", ""citations"": [], ""footnotes"": null, ""date"": ""?–2025"", ""sortorder"": 2}, {""description"": ""The Cleveland Museum of Art, Cleveland, OH"", ""citations"": [], ""footnotes"": null, ""date"": ""2025–"", ""sortorder"": 3}]",sold,200,2026-08-18T03:25:17.030357+00:00
CMA:2025.37,2025.37,2025.37,679037,object,,Spring Swallows Bring Good Tidings,春燕報喜圖,"['China, Qing dynasty (1644–1911), Qianlong reign (1736–95)']",1736–95,Print,Polychrome woodblock print; ink and color on paper,CC0,accessioned,2025-03-03T05:00:00Z,https://clevelandart.org/art/2025.37,https://openaccess-api.clevelandart.org/api/artworks/2025.37,,,,0,0,0,"[{""description"": ""(Christer von der Burg, sold to the Cleveland Museum of Art)"", ""citations"": [], ""footnotes"": [], ""date"": ""?–2025"", ""sortorder"": 2}, {""description"": ""The Cleveland Museum of Art, Cleveland, OH"", ""citations"": [], ""footnotes"": null, ""date"": ""2025–"", ""sortorder"": 3}]",sold,200,2026-08-18T03:25:17.222337+00:00
CMA:2025.38,2025.38,2025.38,679039,object,,Peacocks with Mother and Son,孔雀母子圖,"['China, Qing dynasty (1644–1911), Qianlong reign (1736–95)']",1736–95,Print,Polychrome woodblock print; ink and color on paper,CC0,accessioned,2025-03-03T05:00:00Z,https://clevelandart.org/art/2025.38,https://openaccess-api.clevelandart.org/api/artworks/2025.38,,,,0,0,0,"[{""description"": ""(Christer von der Burg, sold to the Cleveland Museum of Art)"", ""citations"": [], ""footnotes"": null, ""date"": ""?–2025"", ""sortorder"": 2}, {""description"": ""The Cleveland Museum of Art, Cleveland, OH"", ""citations"": [], ""footnotes"": null, ""date"": ""2025–"", ""sortorder"": 3}]",sold,200,2026-08-18T03:25:17.421252+00:00
CMA:2025.39,2025.39,2025.39,679040,object,,Happy Birds in a Spring Garden,春苑喜鳥圖,"['China, Qing dynasty (1644–1911), Qianlong reign (1736–95)']",1736–95,Print,Polychrome woodblock print; ink and color on paper,CC0,accessioned,2025-03-03T05:00:00Z,https://clevelandart.org/art/2025.39,https://openaccess-api.clevelandart.org/api/artworks/2025.39,,,,0,0,0,"[{""description"": ""(Christer von der Burg, sold to the Cleveland Museum of Art)"", ""citations"": [], ""footnotes"": null, ""date"": ""?–2025"", ""sortorder"": 2}, {""description"": ""The Cleveland Museum of Art, Cleveland, OH"", ""citations"": [], ""footnotes"": null, ""date"": ""2025–"", ""sortorder"": 3}]",sold,200,2026-08-18T03:25:17.619463+00:00
CMA:2025.40,2025.40,2025.40,679051,object,,The God of War,關羽,"['China, Qing dynasty (1644–1911), Kangxi reign (1622–1722) to Yongzheng reign (1723–35)']",1662–1735,Print,Polychrome woodblock print; ink and color on paper,CC0,accessioned,2025-03-03T05:00:00Z,https://clevelandart.org/art/2025.40,https://openaccess-api.clevelandart.org/api/artworks/2025.40,,,,0,0,0,"[{""description"": ""(Christer von der Burg, sold to the Cleveland Museum of Art)"", ""citations"": [], ""footnotes"": [], ""date"": ""?–2025"", ""sortorder"": 2}, {""description"": ""The Cleveland Museum of Art, Cleveland, OH"", ""citations"": [], ""footnotes"": null, ""date"": ""2025–"", ""sortorder"": 3}]",sold,200,2026-08-18T03:25:17.817238+00:00
CMA:2025.41,2025.41,2025.41,679056,object,,Zhang Xian Shoots the Heavenly Dog,張仙射天狗,"['China, Qing dynasty (1644–1911), Qianlong reign (1736–95)']",1736–95,Print,Polychrome woodblock print; ink and color on paper,CC0,accessioned,2025-03-03T05:00:00Z,https://clevelandart.org/art/2025.41,https://openaccess-api.clevelandart.org/api/artworks/2025.41,,,,0,0,0,"[{""description"": ""(Christer von der Burg, sold to the Cleveland Museum of Art)"", ""citations"": [], ""footnotes"": null, ""date"": ""?–2025"", ""sortorder"": 2}, {""description"": ""The Cleveland Museum of Art, Cleveland, OH"", ""citations"": [], ""footnotes"": null, ""date"": ""2025–"", ""sortorder"": 3}]",sold,200,2026-08-18T03:25:18.001444+00:00
CMA:2025.42,2025.42,2025.42,679053,object,,Lady watching a swallow,,"['China, Qing dynasty (1644–1911), Qianlong reign (1736–95)']",1736–95,Print,Hanging scroll; multicolor woodblock print on paper,CC0,accessioned,2025-03-03T05:00:00Z,https://clevelandart.org/art/2025.42,https://openaccess-api.clevelandart.org/api/artworks/2025.42,https://openaccess-cdn.clevelandart.org/2025.42/2025.42_web.jpg,https://openaccess-cdn.clevelandart.org/2025.42/2025.42_print.jpg,https://openaccess-cdn.clevelandart.org/2025.42/2025.42_full.tif,1,1,1,"[{""description"": ""(Christer von der Burg, sold to the Cleveland Museum of Art)"", ""citations"": [], ""footnotes"": null, ""date"": ""?–2025"", ""sortorder"": 2}, {""description"": ""The Cleveland Museum of Art, Cleveland, OH"", ""citations"": [], ""footnotes"": null, ""date"": ""2025–"", ""sortorder"": 3}]",sold,200,2026-08-18T03:25:18.196342+00:00
CMA:2025.43,2025.43,2025.43,679054,object,,Lady with water basin,,"['China, Qing dynasty (1644–1911), Qianlong reign (1736–95)']",1736–95,Print,Hanging scroll; multicolor woodblock print on paper,CC0,accessioned,2025-03-03T05:00:00Z,https://clevelandart.org/art/2025.43,https://openaccess-api.clevelandart.org/api/artworks/2025.43,https://openaccess-cdn.clevelandart.org/2025.43/2025.43_web.jpg,https://openaccess-cdn.clevelandart.org/2025.43/2025.43_print.jpg,https://openaccess-cdn.clevelandart.org/2025.43/2025.43_full.tif,1,1,1,"[{""description"": ""(Christer von der Burg, sold to the Cleveland Museum of Art)"", ""citations"": [], ""footnotes"": [], ""date"": ""?–2025"", ""sortorder"": 1}, {""description"": ""The Cleveland Museum of Art, Cleveland, OH"", ""citations"": [], ""footnotes"": null, ""date"": ""2025–"", ""sortorder"": 2}]",sold,200,2026-08-18T03:25:18.387518+00:00
CMA:2025.44,2025.44,2025.44,679052,object,,Zhang Xian Shoots the Heavenly Dog,張仙射天狗,"['China, Qing dynasty (1644–1911), Daoguang reign (1821–50)']",1821–50,Print,Polychrome woodblock print; ink and color on paper,CC0,accessioned,2025-03-03T05:00:00Z,https://clevelandart.org/art/2025.44,https://openaccess-api.clevelandart.org/api/artworks/2025.44,https://openaccess-cdn.clevelandart.org/2025.44/2025.44_web.jpg,https://openaccess-cdn.clevelandart.org/2025.44/2025.44_print.jpg,https://openaccess-cdn.clevelandart.org/2025.44/2025.44_full.tif,1,1,1,"[{""description"": ""(Christer von der Burg, sold to the Cleveland Museum of Art)"", ""citations"": [], ""footnotes"": [], ""date"": ""?–2025"", ""sortorder"": 1}, {""description"": ""The Cleveland Museum of Art, Cleveland, OH"", ""citations"": [], ""footnotes"": null, ""date"": ""2025–"", ""sortorder"": 2}]",sold,200,2026-08-18T03:25:18.581654+00:00
CMA:2025.45,2025.45,2025.45,679059,object,,The God of War,關羽,['China'],1950s,Print,Polychrome woodblock print; ink and color on paper,Copyrighted,accessioned,2025-03-03T05:00:00Z,https://clevelandart.org/art/2025.45,https://openaccess-api.clevelandart.org/api/artworks/2025.45,,,,0,0,0,"[{""description"": ""(Christer von der Burg, sold to the Cleveland Museum of Art)"", ""citations"": [], ""footnotes"": null, ""date"": ""?–2025"", ""sortorder"": 1}, {""description"": ""The Cleveland Museum of Art, Cleveland, OH"", ""citations"": [], ""footnotes"": null, ""date"": ""2025–"", ""sortorder"": 2}]",sold,200,2026-08-18T03:25:18.775619+00:00
CMA:2025.46,2025.46,2025.46,679060,object,,Gusu Beauties of the Four Seasons–Summer,四季姑蘇美人圖 - 夏,"['Southeast China, Suzhou Qing dynasty (1644–1911), Qianlong period (1736–95)']",1736–95,Print,"Multicolor woodblock print; ink and color on paper, framed",CC0,accessioned,2025-03-03T00:00:00-05:00,https://clevelandart.org/art/2025.46,https://openaccess-api.clevelandart.org/api/artworks/2025.46,https://openaccess-cdn.clevelandart.org/2025.46/2025.46_web.jpg,https://openaccess-cdn.clevelandart.org/2025.46/2025.46_print.jpg,https://openaccess-cdn.clevelandart.org/2025.46/2025.46_full.tif,1,1,1,"[{""description"": ""(Christer von der Burg, sold to the Cleveland Museum of Art)"", ""citations"": [], ""footnotes"": [], ""date"": ""?–2025"", ""sortorder"": 2}, {""description"": ""The Cleveland Museum of Art, Cleveland, OH"", ""citations"": [], ""footnotes"": null, ""date"": ""2025–"", ""sortorder"": 3}]",sold,200,2026-08-18T03:25:18.971600+00:00
CMA:2025.47,2025.47,2025.47,679065,object,,Gusu Beauty–Mother and Son in a Summer Pavilion,姑蘇美人 – 夏日亭畔母子圖,"['Southeast China, Suzhou Qing dynasty (1644–1911), Qianlong period (1736–95)']",1736–95,Print,Polychrome woodblock print; ink and color on paper,CC0,accessioned,2025-03-03T00:00:00-05:00,https://clevelandart.org/art/2025.47,https://openaccess-api.clevelandart.org/api/artworks/2025.47,https://openaccess-cdn.clevelandart.org/2025.47/2025.47_web.jpg,https://openaccess-cdn.clevelandart.org/2025.47/2025.47_print.jpg,https://openaccess-cdn.clevelandart.org/2025.47/2025.47_full.tif,1,1,1,"[{""description"": ""(Christer von der Burg, sold to the Cleveland Museum of Art)"", ""citations"": [], ""footnotes"": [], ""date"": ""?–2025"", ""sortorder"": 2}, {""description"": ""The Cleveland Museum of Art, Cleveland, OH"", ""citations"": [], ""footnotes"": null, ""date"": ""2025–"", ""sortorder"": 3}]",sold,200,2026-08-18T03:25:19.155754+00:00
CMA:2025.48,2025.48,2025.48,679061,object,,Gusu Beauties of the Four Seasons—Spring,四季姑蘇美人圖 – 春,"['Southeast China, Suzhou Qing dynasty (1644–1911), Qianlong period (1736–95)']",1736–95,Print,Multicolor woodblock print; ink and color on paper,CC0,accessioned,2025-03-03T00:00:00-05:00,https://clevelandart.org/art/2025.48,https://openaccess-api.clevelandart.org/api/artworks/2025.48,https://openaccess-cdn.clevelandart.org/2025.48/2025.48_web.jpg,https://openaccess-cdn.clevelandart.org/2025.48/2025.48_print.jpg,https://openaccess-cdn.clevelandart.org/2025.48/2025.48_full.tif,1,1,1,"[{""description"": ""(Christer von der Burg, sold to the Cleveland Museum of Art)"", ""citations"": [], ""footnotes"": null, ""date"": ""?–2025"", ""sortorder"": 2}, {""description"": ""The Cleveland Museum of Art, Cleveland, OH"", ""citations"": [], ""footnotes"": null, ""date"": ""2025–"", ""sortorder"": 3}]",sold,200,2026-08-18T03:25:19.345114+00:00
CMA:2025.49,2025.49,2025.49,679062,object,,Gusu Beauty–Winter,姑蘇美人 – 冬,"['Southeast China, Suzhou Qing dynasty (1644–1911), Qianlong period (1736–95)']",1736–95,Print,Multicolor woodblock print; ink and color on paper,CC0,accessioned,2025-03-03T00:00:00-05:00,https://clevelandart.org/art/2025.49,https://openaccess-api.clevelandart.org/api/artworks/2025.49,https://openaccess-cdn.clevelandart.org/2025.49/2025.49_web.jpg,https://openaccess-cdn.clevelandart.org/2025.49/2025.49_print.jpg,https://openaccess-cdn.clevelandart.org/2025.49/2025.49_full.tif,1,1,1,"[{""description"": ""(Christer von der Burg, sold to the Cleveland Museum of Art)"", ""citations"": [], ""footnotes"": [], ""date"": ""?–2025"", ""sortorder"": 2}, {""description"": ""The Cleveland Museum of Art, Cleveland, OH"", ""citations"": [], ""footnotes"": null, ""date"": ""2025–"", ""sortorder"": 3}]",sold,200,2026-08-18T03:25:19.543335+00:00
CMA:2025.50,2025.50,2025.50,679063,object,,Gusu Beauties of the Four Seasons–Autumn,四季姑蘇美人圖 – 秋,"['Southeast China, Suzhou Qing dynasty (1644–1911), Qianlong period (1736–95)']",1736–95,Print,Multicolor woodblock print; ink and color on paper,CC0,accessioned,2025-03-03T00:00:00-05:00,https://clevelandart.org/art/2025.50,https://openaccess-api.clevelandart.org/api/artworks/2025.50,,,,0,0,0,"[{""description"": ""(Christer von der Burg, sold to the Cleveland Museum of Art)"", ""citations"": [], ""footnotes"": [], ""date"": ""?–2025"", ""sortorder"": 2}, {""description"": ""The Cleveland Museum of Art, Cleveland, OH"", ""citations"": [], ""footnotes"": null, ""date"": ""2025–"", ""sortorder"": 3}]",sold,200,2026-08-18T03:25:19.728671+00:00
CMA:2025.51,2025.51,2025.51,679064,object,,Gusu Beauties of the Four Seasons–Winter,四季姑蘇美人圖 – 冬,"['Southeast China, Suzhou Qing dynasty (1644–1911), Qianlong period (1736–95)']",1736–95,Print,Multicolor woodblock print; ink and color on paper,CC0,accessioned,2025-03-03T00:00:00-05:00,https://clevelandart.org/art/2025.51,https://openaccess-api.clevelandart.org/api/artworks/2025.51,,,,0,0,0,"[{""description"": ""(Christer von der Burg, sold to the Cleveland Museum of Art)"", ""citations"": [], ""footnotes"": null, ""date"": ""?–2025"", ""sortorder"": 2}, {""description"": ""The Cleveland Museum of Art, Cleveland, OH"", ""citations"": [], ""footnotes"": null, ""date"": ""2025–"", ""sortorder"": 3}]",sold,200,2026-08-18T03:25:19.920301+00:00
CMA:2025.52,2025.52,2025.52,398760,object,,Beautiful Scenery of Putuoshan on the Southern Sea,南海普陀⼭勝景,"['China, Qing dynasty (1644–1911), Qianlong reign (1736–95)']",1700s,Print,Printed in two shades of black and colored by hand,CC0,accessioned,2025-03-03T05:00:00Z,https://clevelandart.org/art/2025.52,https://openaccess-api.clevelandart.org/api/artworks/2025.52,,,,0,0,0,"[{""description"": ""(Christer von der Burg, sold to the Cleveland Museum of Art)"", ""citations"": [], ""footnotes"": null, ""date"": ""?–2025"", ""sortorder"": 2}, {""description"": ""The Cleveland Museum of Art, Cleveland, OH"", ""citations"": [], ""footnotes"": null, ""date"": ""2025–"", ""sortorder"": 3}]",sold,200,2026-08-18T03:25:20.112328+00:00
CMA:2025.53,2025.53,2025.53,679081,object,,Scenic View of Suzhou,姑蘇勝景,"['Southeast China, Suzhou, Qing dynasty (1644–1911), Qianlong reign (1736–95)']",1736–95,Print,Hanging scroll; multicolor woodblock print; ink and color on paper,CC0,accessioned,2025-03-03T05:00:00Z,https://clevelandart.org/art/2025.53,https://openaccess-api.clevelandart.org/api/artworks/2025.53,https://openaccess-cdn.clevelandart.org/2025.53/2025.53_web.jpg,https://openaccess-cdn.clevelandart.org/2025.53/2025.53_print.jpg,https://openaccess-cdn.clevelandart.org/2025.53/2025.53_full.tif,1,1,1,"[{""description"": ""(Christer von der Burg, sold to the Cleveland Museum of Art)"", ""citations"": [], ""footnotes"": [], ""date"": ""?–2025"", ""sortorder"": 2}, {""description"": ""The Cleveland Museum of Art, Cleveland, OH"", ""citations"": [], ""footnotes"": null, ""date"": ""2025–"", ""sortorder"": 3}]",sold,200,2026-08-18T03:25:20.313007+00:00
CMA:2025.54,2025.54,2025.54,679082,object,,Li Taibai Reading,李太⽩讀書圖,"['China, Qing dynasty (1644–1911), Qianlong reign (1736–95)']",1736–95,Print,Hanging scroll; polychrome woodblock print; ink and color on paper,CC0,accessioned,2025-03-03T05:00:00Z,https://clevelandart.org/art/2025.54,https://openaccess-api.clevelandart.org/api/artworks/2025.54,,,,0,0,0,"[{""description"": ""(Christer von der Burg, sold to the Cleveland Museum of Art)"", ""citations"": [], ""footnotes"": null, ""date"": ""?–2025"", ""sortorder"": 2}, {""description"": ""The Cleveland Museum of Art, Cleveland, OH"", ""citations"": [], ""footnotes"": null, ""date"": ""2025–"", ""sortorder"": 3}]",sold,200,2026-08-18T03:25:20.521219+00:00
CMA:2025.55,2025.55,2025.55,679083,object,,"Fisherman, Woodcutter, Farmer, and Scholar",漁樵耕讀,"['China, Qing dynasty (1644–1911), Qianlong reign (1736–95)']",1736–95,Print,Hanging scroll; woodblock print; ink on paper,CC0,accessioned,2025-03-03T05:00:00Z,https://clevelandart.org/art/2025.55,https://openaccess-api.clevelandart.org/api/artworks/2025.55,,,,0,0,0,"[{""description"": ""(Christer von der Burg, sold to the Cleveland Museum of Art)"", ""citations"": [], ""footnotes"": [], ""date"": ""?–2025"", ""sortorder"": 2}, {""description"": ""The Cleveland Museum of Art, Cleveland, OH"", ""citations"": [], ""footnotes"": null, ""date"": ""2025–"", ""sortorder"": 3}]",sold,200,2026-08-18T03:25:20.728376+00:00
CMA:2025.56,2025.56,2025.56,679084,object,,The Herd Boy and the Weaving Maiden,牛郎織女,"['China, Qing dynasty (1644–1911), Qianlong period (1736–95)']",1736–95,Print,Hanging scroll; polychrome woodblock print; ink and color on paper,CC0,accessioned,2025-03-03T05:00:00Z,https://clevelandart.org/art/2025.56,https://openaccess-api.clevelandart.org/api/artworks/2025.56,,,,0,0,0,"[{""description"": ""(Christer von der Burg, sold to the Cleveland Museum of Art)"", ""citations"": [], ""footnotes"": null, ""date"": ""?–2025"", ""sortorder"": 2}, {""description"": ""The Cleveland Museum of Art, Cleveland, OH"", ""citations"": [], ""footnotes"": null, ""date"": ""2025–"", ""sortorder"": 3}]",sold,200,2026-08-18T03:25:20.917527+00:00
CMA:2025.57,2025.57,2025.57,679085,object,,Two Beauties Inspect a Golden Lotus,雙美觀金蓮,"['China, Qing dynasty (1644–1911), Qianlong period (1736–95)']",1736–95,Print,Hanging scroll; polychrome woodblock print; ink and color on paper,CC0,accessioned,2025-03-03T05:00:00Z,https://clevelandart.org/art/2025.57,https://openaccess-api.clevelandart.org/api/artworks/2025.57,https://openaccess-cdn.clevelandart.org/2025.57/2025.57_web.jpg,https://openaccess-cdn.clevelandart.org/2025.57/2025.57_print.jpg,https://openaccess-cdn.clevelandart.org/2025.57/2025.57_full.tif,1,1,1,"[{""description"": ""(Christer von der Burg, sold to the Cleveland Museum of Art)"", ""citations"": [], ""footnotes"": [], ""date"": ""?–2025"", ""sortorder"": 2}, {""description"": ""The Cleveland Museum of Art, Cleveland, OH"", ""citations"": [], ""footnotes"": null, ""date"": ""2025–"", ""sortorder"": 3}]",sold,200,2026-08-18T03:25:21.120280+00:00
CMA:2025.58,2025.58,2025.58,679086,object,,Boys Playing,嬰戲圖,"['China, Qing dynasty (1644–1911), Qianlong period (1736–95)']",1736–95,Print,Hanging scroll; polychrome woodblock print; ink and color on paper,CC0,accessioned,2025-03-03T05:00:00Z,https://clevelandart.org/art/2025.58,https://openaccess-api.clevelandart.org/api/artworks/2025.58,,,,0,0,0,"[{""description"": ""(Christer von der Burg, sold to the Cleveland Museum of Art)"", ""citations"": [], ""footnotes"": null, ""date"": ""?–2025"", ""sortorder"": 2}, {""description"": ""The Cleveland Museum of Art, Cleveland, OH"", ""citations"": [], ""footnotes"": null, ""date"": ""2025–"", ""sortorder"": 3}]",sold,200,2026-08-18T03:25:21.315212+00:00
CMA:2025.59,2025.59,2025.59,679087,object,,Boy Bringing Wealth,招財童子,"['China, Qing dynasty (1644–1911), Qianlong period (1736–95)']",1736–95,Print,Polychrome woodblock print; ink and color on paper,CC0,accessioned,2025-03-03T05:00:00Z,https://clevelandart.org/art/2025.59,https://openaccess-api.clevelandart.org/api/artworks/2025.59,,,,0,0,0,"[{""description"": ""(Christer von der Burg, sold to the Cleveland Museum of Art)"", ""citations"": [], ""footnotes"": [], ""date"": ""?–2025"", ""sortorder"": 2}, {""description"": ""The Cleveland Museum of Art, Cleveland, OH"", ""citations"": [], ""footnotes"": null, ""date"": ""2025–"", ""sortorder"": 3}]",sold,200,2026-08-18T03:25:21.512186+00:00
CMA:2025.60,2025.60,2025.60,679088,object,,"Picture of a Cat, a Bird, and a Crabapple",海棠綬帶富貴圖,"['Southeast China, Suzhou, Qing dynasty (1644–1911), Kangxi reign (1662–1722) to Yongzheng reign (1723–35)']",1662–1735,Print,Multicolor woodblock print; ink and color on paper,CC0,accessioned,2025-03-03T05:00:00Z,https://clevelandart.org/art/2025.60,https://openaccess-api.clevelandart.org/api/artworks/2025.60,https://openaccess-cdn.clevelandart.org/2025.60/2025.60_web.jpg,https://openaccess-cdn.clevelandart.org/2025.60/2025.60_print.jpg,https://openaccess-cdn.clevelandart.org/2025.60/2025.60_full.tif,1,1,1,"[{""description"": ""(Christer von der Burg, sold to the Cleveland Museum of Art)"", ""citations"": [], ""footnotes"": null, ""date"": ""?–2025"", ""sortorder"": 2}, {""description"": ""The Cleveland Museum of Art, Cleveland, OH"", ""citations"": [], ""footnotes"": null, ""date"": ""2025–"", ""sortorder"": 3}]",sold,200,2026-08-18T03:25:21.708584+00:00
CMA:2025.61,2025.61,2025.61,679089,object,,"Scenic Spots of Jiangtian Temple on Jinshan, Built by Imperial Command",勅建金山江天寺勝境,"['China, Qing dynasty (1644–1911), Kangxi reign (1622–1722)']",1662–1722,Print,Polychrome woodblock print; ink and color on paper,CC0,accessioned,2025-03-03T05:00:00Z,https://clevelandart.org/art/2025.61,https://openaccess-api.clevelandart.org/api/artworks/2025.61,https://openaccess-cdn.clevelandart.org/2025.61/2025.61_web.jpg,https://openaccess-cdn.clevelandart.org/2025.61/2025.61_print.jpg,https://openaccess-cdn.clevelandart.org/2025.61/2025.61_full.tif,1,1,1,"[{""description"": ""(Christer von der Burg, sold to the Cleveland Museum of Art)"", ""citations"": [], ""footnotes"": [], ""date"": ""?–2025"", ""sortorder"": 2}, {""description"": ""The Cleveland Museum of Art, Cleveland, OH"", ""citations"": [], ""footnotes"": null, ""date"": ""2025–"", ""sortorder"": 3}]",sold,200,2026-08-18T03:25:21.908708+00:00
CMA:2025.62,2025.62,2025.62,679092,object,,Satirical Prints of Suzhou Customs,蘇州風俗諷刺畫,"['China, Qing dynasty (1644–1911), Qianlong reign (1736–95)']",1760,Print,Woodblock print; ink on paper,CC0,accessioned,2025-03-03T05:00:00Z,https://clevelandart.org/art/2025.62,https://openaccess-api.clevelandart.org/api/artworks/2025.62,,,,0,0,0,"[{""description"": ""(Christer von der Burg, sold to the Cleveland Museum of Art)"", ""citations"": [], ""footnotes"": null, ""date"": ""?–2025"", ""sortorder"": 2}, {""description"": ""The Cleveland Museum of Art, Cleveland, OH"", ""citations"": [], ""footnotes"": null, ""date"": ""2025–"", ""sortorder"": 3}]",sold,200,2026-08-18T03:25:22.110907+00:00
CMA:2025.63,2025.63,2025.63,679090,object,,Satirical Prints of Suzhou Customs,蘇州風俗諷刺畫,"['China, Qing dynasty (1644–1911), Qianlong reign (1736–95)']",1760,Print,Woodblock print; ink on paper,CC0,accessioned,2025-03-03T05:00:00Z,https://clevelandart.org/art/2025.63,https://openaccess-api.clevelandart.org/api/artworks/2025.63,,,,0,0,0,"[{""description"": ""(Christer von der Burg, sold to the Cleveland Museum of Art)"", ""citations"": [], ""footnotes"": null, ""date"": ""?–2025"", ""sortorder"": 2}, {""description"": ""The Cleveland Museum of Art, Cleveland, OH"", ""citations"": [], ""footnotes"": null, ""date"": ""2025–"", ""sortorder"": 3}]",sold,200,2026-08-18T03:25:22.295244+00:00
CMA:2025.64,2025.64,2025.64,679091,object,,Satirical Prints of Suzhou Customs,蘇州風俗諷刺畫,"['China, Qing dynasty (1644–1911), Qianlong reign (1736–95)']",1760,Print,Woodblock print; ink on paper,CC0,accessioned,2025-03-03T05:00:00Z,https://clevelandart.org/art/2025.64,https://openaccess-api.clevelandart.org/api/artworks/2025.64,,,,0,0,0,"[{""description"": ""(Christer von der Burg, sold to the Cleveland Museum of Art)"", ""citations"": [], ""footnotes"": [], ""date"": ""?–2025"", ""sortorder"": 2}, {""description"": ""The Cleveland Museum of Art, Cleveland, OH"", ""citations"": [], ""footnotes"": null, ""date"": ""2025–"", ""sortorder"": 3}]",sold,200,2026-08-18T03:25:22.485293+00:00
CMA:2025.65,2025.65,2025.65,679093,object,,A Fisherman's Daughter,漁家女,"['China, Qing dynasty (1644–1911), Qianlong reign (1736–95)']",1736–95,Print,Polychrome woodblock print; ink and color on paper,CC0,accessioned,2025-03-03T05:00:00Z,https://clevelandart.org/art/2025.65,https://openaccess-api.clevelandart.org/api/artworks/2025.65,,,,0,0,0,"[{""description"": ""(Christer von der Burg, sold to the Cleveland Museum of Art)"", ""citations"": [], ""footnotes"": [], ""date"": ""?–2025"", ""sortorder"": 2}, {""description"": ""The Cleveland Museum of Art, Cleveland, OH"", ""citations"": [], ""footnotes"": null, ""date"": ""2025–"", ""sortorder"": 3}]",sold,200,2026-08-18T03:25:22.665920+00:00
CMA:2025.66,2025.66,2025.66,679094,object,,Story of the Western Chamber – The Delivery of the Love Letter,西廂記 – 寄簡傳情,"['China, Qing dynasty (1644–1911), Qianlong reign (1736–95)']",1736–95,Print,Polychrome woodblock print; ink and color on paper,CC0,accessioned,2025-03-03T05:00:00Z,https://clevelandart.org/art/2025.66,https://openaccess-api.clevelandart.org/api/artworks/2025.66,,,,0,0,0,"[{""description"": ""(Christer von der Burg, sold to the Cleveland Museum of Art)"", ""citations"": [], ""footnotes"": null, ""date"": ""?–2025"", ""sortorder"": 2}, {""description"": ""The Cleveland Museum of Art, Cleveland, OH"", ""citations"": [], ""footnotes"": null, ""date"": ""2025–"", ""sortorder"": 3}]",sold,200,2026-08-18T03:25:22.847294+00:00
CMA:2025.67,2025.67,2025.67,679095,object,,Destined to Succeed in the Examinations,必定中舉圖,"['China, Qing dynasty (1644–1911), Qianlong reign (1736–95)']",1736–95,Print,Polychrome woodblock print; ink and color on paper,CC0,accessioned,2025-03-03T05:00:00Z,https://clevelandart.org/art/2025.67,https://openaccess-api.clevelandart.org/api/artworks/2025.67,,,,0,0,0,"[{""description"": ""(Christer von der Burg, sold to the Cleveland Museum of Art)"", ""citations"": [], ""footnotes"": [], ""date"": ""?–2025"", ""sortorder"": 2}, {""description"": ""The Cleveland Museum of Art, Cleveland, OH"", ""citations"": [], ""footnotes"": null, ""date"": ""2025–"", ""sortorder"": 3}]",sold,200,2026-08-18T03:25:23.032898+00:00
CMA:2025.68,2025.68,2025.68,679096,object,,Print in Western Style with Western Text,丁氏仿泰西筆意墨線版畫,"['Southeast China, Suzhou, Qing dynasty (1644–1911), Kangxi reign (1662–1722) to Yongzheng reign (1723–35)']",1662–1735,Print,Woodblock print; ink on paper,CC0,accessioned,2025-03-03T05:00:00Z,https://clevelandart.org/art/2025.68,https://openaccess-api.clevelandart.org/api/artworks/2025.68,,,,0,0,0,"[{""description"": ""(Christer von der Burg, sold to the Cleveland Museum of Art)"", ""citations"": [], ""footnotes"": null, ""date"": ""?–2025"", ""sortorder"": 2}, {""description"": ""The Cleveland Museum of Art, Cleveland, OH"", ""citations"": [], ""footnotes"": null, ""date"": ""2025–"", ""sortorder"": 3}]",sold,200,2026-08-18T03:25:23.224979+00:00
CMA:2025.69,2025.69,2025.69,679097,object,,Distinguishing Good from Evil,善惡分明,"['China, Qing dynasty (1644–1911), Jiaqing period (1796–1820)']",1796–1820,Print,Polychrome woodblock print; ink and color on paper,CC0,accessioned,2025-03-03T05:00:00Z,https://clevelandart.org/art/2025.69,https://openaccess-api.clevelandart.org/api/artworks/2025.69,,,,0,0,0,"[{""description"": ""(Christer von der Burg, sold to the Cleveland Museum of Art)"", ""citations"": [], ""footnotes"": null, ""date"": ""?–2025"", ""sortorder"": 2}, {""description"": ""The Cleveland Museum of Art, Cleveland, OH"", ""citations"": [], ""footnotes"": null, ""date"": ""2025–"", ""sortorder"": 3}]",sold,200,2026-08-18T03:25:23.428603+00:00
CMA:2025.70,2025.70,2025.70,679098,object,,Scenes from First Part of Campaign to the East,征東前本,"['China, Qing dynasty (1644–1911), Jiaqing period (1796–1820)']",1796–1820,Print,Polychrome woodblock print; ink and color on paper,CC0,accessioned,2025-03-03T05:00:00Z,https://clevelandart.org/art/2025.70,https://openaccess-api.clevelandart.org/api/artworks/2025.70,,,,0,0,0,"[{""description"": ""(Christer von der Burg, sold to the Cleveland Museum of Art)"", ""citations"": [], ""footnotes"": [], ""date"": ""?–2025"", ""sortorder"": 2}, {""description"": ""The Cleveland Museum of Art, Cleveland, OH"", ""citations"": [], ""footnotes"": null, ""date"": ""2025–"", ""sortorder"": 3}]",sold,200,2026-08-18T03:25:23.614791+00:00
CMA:2025.71,2025.71,2025.71,679099,object,,A Newly-Cut Print: Scenes from the Second Part of Record of the Three Kingdoms,新刻三國誌後傳,"['China, Qing dynasty (1644–1911), Jiaqing period (1796–1820)']",1796–1820,Print,Polychrome woodblock print; ink and color on paper,CC0,accessioned,2025-03-03T05:00:00Z,https://clevelandart.org/art/2025.71,https://openaccess-api.clevelandart.org/api/artworks/2025.71,,,,0,0,0,"[{""description"": ""(Christer von der Burg, sold to the Cleveland Museum of Art)"", ""citations"": [], ""footnotes"": null, ""date"": ""?–2025"", ""sortorder"": 2}, {""description"": ""The Cleveland Museum of Art, Cleveland, OH"", ""citations"": [], ""footnotes"": null, ""date"": ""2025–"", ""sortorder"": 3}]",sold,200,2026-08-18T03:25:23.803949+00:00
CMA:2025.72,2025.72,2025.72,679100,object,,A Newly-Cut Print of Illustrations from The Classic of Mountains and Seas,新刻山海經全圖,"['China, Qing dynasty (1644–1911), Jiaqing period (1796–1820)']",1796–1820,Print,Polychrome woodblock print; ink and color on paper,CC0,accessioned,2025-03-03T05:00:00Z,https://clevelandart.org/art/2025.72,https://openaccess-api.clevelandart.org/api/artworks/2025.72,https://openaccess-cdn.clevelandart.org/2025.72/2025.72_web.jpg,https://openaccess-cdn.clevelandart.org/2025.72/2025.72_print.jpg,https://openaccess-cdn.clevelandart.org/2025.72/2025.72_full.tif,1,1,1,"[{""description"": ""(Christer von der Burg, sold to the Cleveland Museum of Art)"", ""citations"": [], ""footnotes"": [], ""date"": ""?–2025"", ""sortorder"": 2}, {""description"": ""The Cleveland Museum of Art, Cleveland, OH"", ""citations"": [], ""footnotes"": null, ""date"": ""2025–"", ""sortorder"": 3}]",sold,200,2026-08-18T03:25:24.006468+00:00
CMA:2025.73,2025.73,2025.73,679101,object,,A Newly Cut Print: Scenes from the First Part of Outlaws of the Marsh,新刻前水滸,"['China, Qing dynasty (1644–1911), Jiaqing period (1796–1820)']",1796–1820,Print,Polychrome woodblock print; ink and color on paper,CC0,accessioned,2025-03-03T05:00:00Z,https://clevelandart.org/art/2025.73,https://openaccess-api.clevelandart.org/api/artworks/2025.73,https://openaccess-cdn.clevelandart.org/2025.73/2025.73_web.jpg,https://openaccess-cdn.clevelandart.org/2025.73/2025.73_print.jpg,https://openaccess-cdn.clevelandart.org/2025.73/2025.73_full.tif,1,1,1,"[{""description"": ""(Christer von der Burg, sold to the Cleveland Museum of Art)"", ""citations"": [], ""footnotes"": null, ""date"": ""?–2025"", ""sortorder"": 2}, {""description"": ""The Cleveland Museum of Art, Cleveland, OH"", ""citations"": [], ""footnotes"": null, ""date"": ""2025–"", ""sortorder"": 3}]",sold,200,2026-08-18T03:25:24.207875+00:00
CMA:2025.74,2025.74,2025.74,679102,object,,The Spring Ox,春牛圖,"['China, Qing dynasty (1644–1911), Guangxu period (1875–1905)']",1882,Print,Polychrome woodblock print; ink and color on paper,CC0,accessioned,2025-03-03T05:00:00Z,https://clevelandart.org/art/2025.74,https://openaccess-api.clevelandart.org/api/artworks/2025.74,,,,0,0,0,"[{""description"": ""(Christer von der Burg, sold to the Cleveland Museum of Art)"", ""citations"": [], ""footnotes"": [], ""date"": ""?–2025"", ""sortorder"": 2}, {""description"": ""The Cleveland Museum of Art, Cleveland, OH"", ""citations"": [], ""footnotes"": null, ""date"": ""2025–"", ""sortorder"": 3}]",sold,200,2026-08-18T03:25:24.397785+00:00
CMA:2025.75,2025.75,2025.75,679103,object,,Illustrations of the Sui and Tang Dynasties,隋唐綉像,"['China, Qing dynasty (1644–1911), Qianlong period (1736–95)']",1736–95,Print,Woodblock print; ink on paper,CC0,accessioned,2025-03-03T05:00:00Z,https://clevelandart.org/art/2025.75,https://openaccess-api.clevelandart.org/api/artworks/2025.75,,,,0,0,0,"[{""description"": ""(Christer von der Burg, sold to the Cleveland Museum of Art)"", ""citations"": [], ""footnotes"": null, ""date"": ""?–2025"", ""sortorder"": 2}, {""description"": ""The Cleveland Museum of Art, Cleveland, OH"", ""citations"": [], ""footnotes"": null, ""date"": ""2025–"", ""sortorder"": 3}]",sold,200,2026-08-18T03:25:24.581914+00:00
CMA:2025.76,2025.76,2025.76,679104,object,,Li Wenzhong Clears the North,李文忠掃北,"['China, Qing dynasty (1644–1911), Jiaqing period (1796–1820)']",1796–1820,Print,Polychrome woodblock print; ink and color on paper,CC0,accessioned,2025-03-03T05:00:00Z,https://clevelandart.org/art/2025.76,https://openaccess-api.clevelandart.org/api/artworks/2025.76,https://openaccess-cdn.clevelandart.org/2025.76/2025.76_web.jpg,https://openaccess-cdn.clevelandart.org/2025.76/2025.76_print.jpg,https://openaccess-cdn.clevelandart.org/2025.76/2025.76_full.tif,1,1,1,"[{""description"": ""(Christer von der Burg, sold to the Cleveland Museum of Art)"", ""citations"": [], ""footnotes"": [], ""date"": ""?–2025"", ""sortorder"": 2}, {""description"": ""The Cleveland Museum of Art, Cleveland, OH"", ""citations"": [], ""footnotes"": null, ""date"": ""2025–"", ""sortorder"": 3}]",sold,200,2026-08-18T03:25:24.768660+00:00
CMA:2025.77,2025.77,2025.77,679105,object,,Four Concubines,四妃圖,"['China, Qing dynasty (1644–1911), Qianlong reign (1736–95)']",1736–95,Print,Polychrome woodblock print; ink and color on paper,CC0,accessioned,2025-03-03T05:00:00Z,https://clevelandart.org/art/2025.77,https://openaccess-api.clevelandart.org/api/artworks/2025.77,,,,0,0,0,"[{""description"": ""(Christer von der Burg, sold to the Cleveland Museum of Art)"", ""citations"": [], ""footnotes"": null, ""date"": ""?–2025"", ""sortorder"": 2}, {""description"": ""The Cleveland Museum of Art, Cleveland, OH"", ""citations"": [], ""footnotes"": null, ""date"": ""2025–"", ""sortorder"": 3}]",sold,200,2026-08-18T03:25:24.953825+00:00
CMA:2025.78,2025.78,2025.78,679106,object,,"Drinking Wine in Autumn, Chanting Poems in Winter",秋飲冬吟,"['China, Qing dynasty (1644–1911), Qianlong reign (1736–95)']",1736–95,Print,Hanging scroll; polychrome woodblock print; ink and color on paper,CC0,accessioned,2025-03-03T05:00:00Z,https://clevelandart.org/art/2025.78,https://openaccess-api.clevelandart.org/api/artworks/2025.78,,,,0,0,0,"[{""description"": ""(Christer von der Burg, sold to the Cleveland Museum of Art)"", ""citations"": [], ""footnotes"": [], ""date"": ""?–2025"", ""sortorder"": 2}, {""description"": ""The Cleveland Museum of Art, Cleveland, OH"", ""citations"": [], ""footnotes"": null, ""date"": ""2025–"", ""sortorder"": 3}]",sold,200,2026-08-18T03:25:25.142220+00:00
CMA:2025.79,2025.79,2025.79,679107,object,,The Spring Hunt,春蒐圖,"['China, Qing dynasty (1644–1911), Kangxi reign (1622–1722) to Yongzheng reign (1723–35)']",1662–1735,Print,Hanging scroll; polychrome woodblock print; ink and color on paper,CC0,accessioned,2025-03-03T05:00:00Z,https://clevelandart.org/art/2025.79,https://openaccess-api.clevelandart.org/api/artworks/2025.79,,,,0,0,0,"[{""description"": ""(Christer von der Burg, sold to the Cleveland Museum of Art)"", ""citations"": [], ""footnotes"": null, ""date"": ""?–2025"", ""sortorder"": 2}, {""description"": ""The Cleveland Museum of Art, Cleveland, OH"", ""citations"": [], ""footnotes"": null, ""date"": ""2025–"", ""sortorder"": 3}]",sold,200,2026-08-18T03:25:25.324914+00:00
CMA:2025.80,2025.80,2025.80,679108,object,,Wannian Bridge in Suzhou,姑蘇萬年橋,"['China, Qing dynasty (1644–1911), Qianlong reign (1736–95)']",1741,Print,Hanging scroll; polychrome woodblock print; ink and color on paper,CC0,accessioned,2025-03-03T05:00:00Z,https://clevelandart.org/art/2025.80,https://openaccess-api.clevelandart.org/api/artworks/2025.80,,,,0,0,0,"[{""description"": ""(Christer von der Burg, sold to the Cleveland Museum of Art)"", ""citations"": [], ""footnotes"": [], ""date"": ""?–2025"", ""sortorder"": 2}, {""description"": ""The Cleveland Museum of Art, Cleveland, OH"", ""citations"": [], ""footnotes"": null, ""date"": ""2025–"", ""sortorder"": 3}]",sold,200,2026-08-18T03:25:25.523640+00:00
CMA:2025.81,2025.81,2025.81,679109,object,,Great Celebrations in an Abundant Year,大慶豐年,"['China, Qing dynasty (1644–1911), Qianlong reign (1736–95)']",1736–95,Print,Hanging scroll; polychrome woodblock print; ink and color on paper,CC0,accessioned,2025-03-03T05:00:00Z,https://clevelandart.org/art/2025.81,https://openaccess-api.clevelandart.org/api/artworks/2025.81,,,,0,0,0,"[{""description"": ""(Christer von der Burg, sold to the Cleveland Museum of Art)"", ""citations"": [], ""footnotes"": null, ""date"": ""?–2025"", ""sortorder"": 2}, {""description"": ""The Cleveland Museum of Art, Cleveland, OH"", ""citations"": [], ""footnotes"": null, ""date"": ""2025–"", ""sortorder"": 3}]",sold,200,2026-08-18T03:25:25.706085+00:00
CMA:2025.82,2025.82,2025.82,398803,cover,,Westlake Panorama,西湖全景,"['Southeast China, Suzhou, Qing dynasty (1644–1911), Qianlong reign (1736–95)']",mid-1700s,Print,"woodblock print, ink on paper; printed with three wood blocks in shades of black on four sheets",CC0,accessioned,2025-03-03T05:00:00Z,https://clevelandart.org/art/2025.82,https://openaccess-api.clevelandart.org/api/artworks/2025.82,https://openaccess-cdn.clevelandart.org/2025.82/2025.82_web.jpg,https://openaccess-cdn.clevelandart.org/2025.82/2025.82_print.jpg,https://openaccess-cdn.clevelandart.org/2025.82/2025.82_full.tif,1,1,1,"[{""description"": ""(Christer von der Burg, sold to the Cleveland Museum of Art)"", ""citations"": [], ""footnotes"": null, ""date"": ""?–2025"", ""sortorder"": 2}, {""description"": ""The Cleveland Museum of Art, Cleveland, OH"", ""citations"": [], ""footnotes"": null, ""date"": ""2025–"", ""sortorder"": 3}]",sold,200,2026-08-18T03:25:25.906272+00:00
CMA:2025.82.1,2025.82.1,2025.82,678436,component,2025.82,Westlake Panorama,西湖全景,"['Southeast China, Suzhou, Qing dynasty (1644–1911), Qianlong reign (1736–95)']",mid-1700s,Print,One of four woodblock prints; ink on paper; printed with three woodblocks in shades of black,CC0,accessioned,2025-03-03T05:00:00Z,https://clevelandart.org/art/2025.82.1,https://openaccess-api.clevelandart.org/api/artworks/2025.82.1,https://openaccess-cdn.clevelandart.org/2025.82.1/2025.82.1_web.jpg,https://openaccess-cdn.clevelandart.org/2025.82.1/2025.82.1_print.jpg,https://openaccess-cdn.clevelandart.org/2025.82.1/2025.82.1_full.tif,1,1,1,"[{""description"": ""(Christer von der Burg, sold to the Cleveland Museum of Art)"", ""citations"": [], ""footnotes"": null, ""date"": ""?–2025"", ""sortorder"": 2}, {""description"": ""The Cleveland Museum of Art, Cleveland, OH"", ""citations"": [], ""footnotes"": null, ""date"": ""2025–"", ""sortorder"": 3}]",sold,200,2026-08-18T03:25:26.097225+00:00
CMA:2025.82.2,2025.82.2,2025.82,678437,component,2025.82,Westlake Panorama,西湖全景,"['Southeast China, Suzhou, Qing dynasty (1644–1911), Qianlong reign (1736–95)']",mid-1700s,Print,One of four woodblock prints; ink on paper; printed with three wood blocks in shades of black,CC0,accessioned,2025-03-03T05:00:00Z,https://clevelandart.org/art/2025.82.2,https://openaccess-api.clevelandart.org/api/artworks/2025.82.2,https://openaccess-cdn.clevelandart.org/2025.82.2/2025.82.2_web.jpg,https://openaccess-cdn.clevelandart.org/2025.82.2/2025.82.2_print.jpg,https://openaccess-cdn.clevelandart.org/2025.82.2/2025.82.2_full.tif,1,1,1,"[{""description"": ""(Christer von der Burg, sold to the Cleveland Museum of Art)"", ""citations"": [], ""footnotes"": null, ""date"": ""?–2025"", ""sortorder"": 2}, {""description"": ""The Cleveland Museum of Art, Cleveland, OH"", ""citations"": [], ""footnotes"": null, ""date"": ""2025–"", ""sortorder"": 3}]",sold,200,2026-08-18T03:25:26.295334+00:00
CMA:2025.82.3,2025.82.3,2025.82,678438,component,2025.82,Westlake Panorama,西湖全景,"['Southeast China, Suzhou, Qing dynasty (1644–1911), Qianlong reign (1736–95)']",mid-1700s,Print,One of four woodblock prints; ink on paper; printed with three woodblocks in shades of black,CC0,accessioned,2025-03-03T05:00:00Z,https://clevelandart.org/art/2025.82.3,https://openaccess-api.clevelandart.org/api/artworks/2025.82.3,https://openaccess-cdn.clevelandart.org/2025.82.3/2025.82.3_web.jpg,https://openaccess-cdn.clevelandart.org/2025.82.3/2025.82.3_print.jpg,https://openaccess-cdn.clevelandart.org/2025.82.3/2025.82.3_full.tif,1,1,1,"[{""description"": ""(Christer von der Burg, sold to the Cleveland Museum of Art)"", ""citations"": [], ""footnotes"": null, ""date"": ""?–2025"", ""sortorder"": 2}, {""description"": ""The Cleveland Museum of Art, Cleveland, OH"", ""citations"": [], ""footnotes"": null, ""date"": ""2025–"", ""sortorder"": 3}]",sold,200,2026-08-18T03:25:26.489022+00:00
CMA:2025.82.4,2025.82.4,2025.82,678440,component,2025.82,Westlake Panorama,西湖全景,"['Southeast China, Suzhou, Qing dynasty (1644–1911), Qianlong reign (1736–95)']",mid-1700s,Print,One of four woodblock prints; ink on paper; printed with three woodblocks in shades of black,CC0,accessioned,2025-03-03T05:00:00Z,https://clevelandart.org/art/2025.82.4,https://openaccess-api.clevelandart.org/api/artworks/2025.82.4,https://openaccess-cdn.clevelandart.org/2025.82.4/2025.82.4_web.jpg,https://openaccess-cdn.clevelandart.org/2025.82.4/2025.82.4_print.jpg,https://openaccess-cdn.clevelandart.org/2025.82.4/2025.82.4_full.tif,1,1,1,"[{""description"": ""(Christer von der Burg, sold to the Cleveland Museum of Art)"", ""citations"": [], ""footnotes"": null, ""date"": ""?–2025"", ""sortorder"": 2}, {""description"": ""The Cleveland Museum of Art, Cleveland, OH"", ""citations"": [], ""footnotes"": null, ""date"": ""2025–"", ""sortorder"": 3}]",sold,200,2026-08-18T03:25:26.680686+00:00
CMA:2025.83,2025.83,2025.83,679111,object,,Music in the Jade Palace,瓊宮樂奏圖,"['Southeast China, Suzhou, Qing dynasty (1644–1911), Qianlong reign (1736–95)']",1736–95,Print,Multicolor woodblock print on paper,CC0,accessioned,2025-03-03T05:00:00Z,https://clevelandart.org/art/2025.83,https://openaccess-api.clevelandart.org/api/artworks/2025.83,https://openaccess-cdn.clevelandart.org/2025.83/2025.83_web.jpg,https://openaccess-cdn.clevelandart.org/2025.83/2025.83_print.jpg,https://openaccess-cdn.clevelandart.org/2025.83/2025.83_full.tif,1,1,1,"[{""description"": ""(Christer von der Burg, sold to the Cleveland Museum of Art)"", ""citations"": [], ""footnotes"": [], ""date"": ""?–2025"", ""sortorder"": 2}, {""description"": ""The Cleveland Museum of Art, Cleveland, OH"", ""citations"": [], ""footnotes"": null, ""date"": ""2025–"", ""sortorder"": 3}]",sold,200,2026-08-18T03:25:27.058646+00:00
CMA:2025.84,2025.84,2025.84,679112,object,,Gathering Osmanthus,折桂圖,"['Southeast China, Suzhou, Qing dynasty (1644–1911), Qianlong reign (1736–95)']",1736–95,Print,Multicolor woodblock print on paper,CC0,accessioned,2025-03-03T05:00:00Z,https://clevelandart.org/art/2025.84,https://openaccess-api.clevelandart.org/api/artworks/2025.84,https://openaccess-cdn.clevelandart.org/2025.84/2025.84_web.jpg,https://openaccess-cdn.clevelandart.org/2025.84/2025.84_print.jpg,https://openaccess-cdn.clevelandart.org/2025.84/2025.84_full.tif,1,1,1,"[{""description"": ""(Christer von der Burg, sold to the Cleveland Museum of Art)"", ""citations"": [], ""footnotes"": null, ""date"": ""?–2025"", ""sortorder"": 2}, {""description"": ""The Cleveland Museum of Art, Cleveland, OH"", ""citations"": [], ""footnotes"": null, ""date"": ""2025–"", ""sortorder"": 3}]",sold,200,2026-08-18T03:25:27.247162+00:00
CMA:2025.85,2025.85,2025.85,679113,object,,Print of Xu Gate and the City Moat,胥門護城河畔圖,"['Southeast China, Suzhou, Qing dynasty (1644–1911), Qianlong reign (1736–95)']",1736–95,Print,Multicolor woodblock print; ink and color on paper,CC0,accessioned,2025-03-03T05:00:00Z,https://clevelandart.org/art/2025.85,https://openaccess-api.clevelandart.org/api/artworks/2025.85,,,,0,0,0,"[{""description"": ""(Christer von der Burg, sold to the Cleveland Museum of Art)"", ""citations"": [], ""footnotes"": [], ""date"": ""?–2025"", ""sortorder"": 2}, {""description"": ""The Cleveland Museum of Art, Cleveland, OH"", ""citations"": [], ""footnotes"": null, ""date"": ""2025–"", ""sortorder"": 3}]",sold,200,2026-08-18T03:25:27.438081+00:00
CMA:2025.86,2025.86,2025.86,679114,object,,Print of Xu Gate and the City Moat,胥門護城河畔圖,"['Southeast China, Suzhou, Qing dynasty (1644–1911), Qianlong reign (1736–95)']",1736–95,Print,Multicolor woodblock print; ink and color on paper,CC0,accessioned,2025-03-03T05:00:00Z,https://clevelandart.org/art/2025.86,https://openaccess-api.clevelandart.org/api/artworks/2025.86,,,,0,0,0,"[{""description"": ""(Christer von der Burg, sold to the Cleveland Museum of Art)"", ""citations"": [], ""footnotes"": null, ""date"": ""?–2025"", ""sortorder"": 2}, {""description"": ""The Cleveland Museum of Art, Cleveland, OH"", ""citations"": [], ""footnotes"": null, ""date"": ""2025–"", ""sortorder"": 3}]",sold,200,2026-08-18T03:25:27.628784+00:00
CMA:2025.87,2025.87,2025.87,679115,object,,"Touring in Spring, Enjoying Summer",春遊夏賞,"['Southeast China, Suzhou, Qing dynasty (1644–1911), Qianlong reign (1736–95)']",1736–95,Print,Multicolor woodblock print; two shades of ink on paper,CC0,accessioned,2025-03-03T05:00:00Z,https://clevelandart.org/art/2025.87,https://openaccess-api.clevelandart.org/api/artworks/2025.87,https://openaccess-cdn.clevelandart.org/2025.87/2025.87_web.jpg,https://openaccess-cdn.clevelandart.org/2025.87/2025.87_print.jpg,https://openaccess-cdn.clevelandart.org/2025.87/2025.87_full.tif,1,1,1,"[{""description"": ""(Christer von der Burg, sold to the Cleveland Museum of Art)"", ""citations"": [], ""footnotes"": [], ""date"": ""?–2025"", ""sortorder"": 2}, {""description"": ""The Cleveland Museum of Art, Cleveland, OH"", ""citations"": [], ""footnotes"": null, ""date"": ""2025–"", ""sortorder"": 3}]",sold,200,2026-08-18T03:25:27.840630+00:00
CMA:2025.88,2025.88,2025.88,679116,object,,First Part of Story of The Western Chamber,全本西廂記,"['China, Qing dynasty (1644–1911), Qianlong reign (1736–95)']",1736–95,Print,Polychrome woodblock print; ink and color on paper,CC0,accessioned,2025-03-03T05:00:00Z,https://clevelandart.org/art/2025.88,https://openaccess-api.clevelandart.org/api/artworks/2025.88,https://openaccess-cdn.clevelandart.org/2025.88/2025.88_web.jpg,https://openaccess-cdn.clevelandart.org/2025.88/2025.88_print.jpg,https://openaccess-cdn.clevelandart.org/2025.88/2025.88_full.tif,1,1,1,"[{""description"": ""(Christer von der Burg, sold to the Cleveland Museum of Art)"", ""citations"": [], ""footnotes"": null, ""date"": ""?–2025"", ""sortorder"": 2}, {""description"": ""The Cleveland Museum of Art, Cleveland, OH"", ""citations"": [], ""footnotes"": null, ""date"": ""2025–"", ""sortorder"": 3}]",sold,200,2026-08-18T03:25:28.041758+00:00
CMA:2025.89,2025.89,2025.89,679117,object,,Beauties with Orchids,美人蘭花圖,"['China, Qing dynasty (1644–1911), Qianlong reign (1736–95)']",1736–95,Print,Polychrome woodblock print; ink and color on paper,CC0,accessioned,2025-03-03T05:00:00Z,https://clevelandart.org/art/2025.89,https://openaccess-api.clevelandart.org/api/artworks/2025.89,,,,0,0,0,"[{""description"": ""(Christer von der Burg, sold to the Cleveland Museum of Art)"", ""citations"": [], ""footnotes"": [], ""date"": ""?–2025"", ""sortorder"": 2}, {""description"": ""The Cleveland Museum of Art, Cleveland, OH"", ""citations"": [], ""footnotes"": null, ""date"": ""2025–"", ""sortorder"": 3}]",sold,200,2026-08-18T03:25:28.237760+00:00
CMA:2025.90,2025.90,2025.90,679118,object,,Ladies Playing with a Baby,仕女戲嬰圖,"['China, Qing dynasty (1644–1911), Qianlong reign (1736–95)']",1736–95,Print,Polychrome woodblock print; ink and color on paper,CC0,accessioned,2025-03-03T05:00:00Z,https://clevelandart.org/art/2025.90,https://openaccess-api.clevelandart.org/api/artworks/2025.90,,,,0,0,0,"[{""description"": ""(Christer von der Burg, sold to the Cleveland Museum of Art)"", ""citations"": [], ""footnotes"": null, ""date"": ""?–2025"", ""sortorder"": 2}, {""description"": ""The Cleveland Museum of Art, Cleveland, OH"", ""citations"": [], ""footnotes"": null, ""date"": ""2025–"", ""sortorder"": 3}]",sold,200,2026-08-18T03:25:28.424062+00:00
CMA:2025.91,2025.91,2025.91,694844,cover,,Two Prints: Mu Yuying Smashes the Gate of Heaven Formation; Happy Fisherfolk,穆御英大破天門陣; 漁家歡樂,"['China, Qing dynasty (1644–1911), Kangxi reign (1622–1722)']",1662–1722,Print,Two polychrome woodblock prints bound along middle; ink and color on paper,CC0,accessioned,2025-03-03T05:00:00Z,https://clevelandart.org/art/2025.91,https://openaccess-api.clevelandart.org/api/artworks/2025.91,,,,0,0,0,"[{""description"": ""(Christer von der Burg, sold to the Cleveland Museum of Art)"", ""citations"": [], ""footnotes"": [], ""date"": ""?–2025"", ""sortorder"": 2}, {""description"": ""The Cleveland Museum of Art, Cleveland, OH"", ""citations"": [], ""footnotes"": null, ""date"": ""2025–"", ""sortorder"": 3}]",sold,200,2026-08-18T03:25:28.614371+00:00
CMA:2025.91.a,2025.91.a,2025.91,679119,part,2025.91,Mu Yuying Smashes the Gate of Heaven Formation,穆御英大破天門陣,"['Southeast China, Suzhou, Qing dynasty (1644–1911), Kangxi reign (1662–1722)']",1662–1722,Print,Multicolor woodblock print; ink and color on paper,CC0,accessioned,2025-03-03T05:00:00Z,https://clevelandart.org/art/2025.91.a,https://openaccess-api.clevelandart.org/api/artworks/2025.91.a,,,,0,0,0,"[{""description"": ""(Christer von der Burg, sold to the Cleveland Museum of Art)"", ""citations"": [], ""footnotes"": [], ""date"": ""?–2025"", ""sortorder"": 2}, {""description"": ""The Cleveland Museum of Art, Cleveland, OH"", ""citations"": [], ""footnotes"": null, ""date"": ""2025–"", ""sortorder"": 3}]",sold,200,2026-08-18T03:25:28.807177+00:00
CMA:2025.91.b,2025.91.b,2025.91,679120,part,2025.91,Happy Fisherfolk,漁家歡樂,"['Southeast China, Suzhou, Qing dynasty (1644–1911), Kangxi reign (1662–1722)']",1662–1722,Print,Multicolor woodblock print; ink and color on paper,CC0,accessioned,2025-03-03T05:00:00Z,https://clevelandart.org/art/2025.91.b,https://openaccess-api.clevelandart.org/api/artworks/2025.91.b,,,,0,0,0,"[{""description"": ""(Christer von der Burg, sold to the Cleveland Museum of Art)"", ""citations"": [], ""footnotes"": [], ""date"": ""?–2025"", ""sortorder"": 2}, {""description"": ""The Cleveland Museum of Art, Cleveland, OH"", ""citations"": [], ""footnotes"": null, ""date"": ""2025–"", ""sortorder"": 3}]",sold,200,2026-08-18T03:25:29.002385+00:00
CMA:2025.92,2025.92,2025.92,694779,cover,,Three prints: Zhang Qian Chances upon Douniu Celestial Palace; The Twenty Four Paragons of Filial Piety; A Scene of Early Spring,張騫誤入斗牛宮; 二十四孝; 早春圖,"['China, Qing dynasty (1644–1911), Yongzheng reign (1723–35) to Qianlong reign (1736–95)']",1723–95,Print,Three polychrome woodblock prints bound into a booklet; ink and color on paper,CC0,accessioned,2025-03-03T05:00:00Z,https://clevelandart.org/art/2025.92,https://openaccess-api.clevelandart.org/api/artworks/2025.92,,,,0,0,0,"[{""description"": ""(Christer von der Burg, sold to the Cleveland Museum of Art)"", ""citations"": [], ""footnotes"": [], ""date"": ""?–2025"", ""sortorder"": 2}, {""description"": ""The Cleveland Museum of Art, Cleveland, OH"", ""citations"": [], ""footnotes"": null, ""date"": ""2025–"", ""sortorder"": 3}]",sold,200,2026-08-18T03:25:29.202570+00:00
CMA:2025.92.a,2025.92.a,2025.92,679121,part,2025.92,Zhang Qian Chances upon Douniu Celestial Palace,張騫誤入斗牛宮,"['China, Qing dynasty (1644–1911), Yongzheng reign (1723–35) to Qianlong reign (1736–95)']",1723–95,Print,Polychrome woodblock print; ink and color on paper,CC0,accessioned,2025-03-03T05:00:00Z,https://clevelandart.org/art/2025.92.a,https://openaccess-api.clevelandart.org/api/artworks/2025.92.a,,,,0,0,0,"[{""description"": ""(Christer von der Burg, sold to the Cleveland Museum of Art)"", ""citations"": [], ""footnotes"": [], ""date"": ""?–2025"", ""sortorder"": 2}, {""description"": ""The Cleveland Museum of Art, Cleveland, OH"", ""citations"": [], ""footnotes"": null, ""date"": ""2025–"", ""sortorder"": 3}]",sold,200,2026-08-18T03:25:29.387574+00:00
CMA:2025.92.b,2025.92.b,2025.92,679122,part,2025.92,The Twenty Four Paragons of Filial Piety,二十四孝,"['China, Qing dynasty (1644–1911), Yongzheng reign (1723–35) to Qianlong reign (1736–95)']",1723–95,Print,Polychrome woodblock print; ink and color on paper,CC0,accessioned,2025-03-03T05:00:00Z,https://clevelandart.org/art/2025.92.b,https://openaccess-api.clevelandart.org/api/artworks/2025.92.b,,,,0,0,0,"[{""description"": ""(Christer von der Burg, sold to the Cleveland Museum of Art)"", ""citations"": [], ""footnotes"": [], ""date"": ""?–2025"", ""sortorder"": 2}, {""description"": ""The Cleveland Museum of Art, Cleveland, OH"", ""citations"": [], ""footnotes"": null, ""date"": ""2025–"", ""sortorder"": 3}]",sold,200,2026-08-18T03:25:29.582945+00:00
CMA:2025.92.c,2025.92.c,2025.92,679123,part,2025.92,A Scene of Early Spring,早春圖,"['China, Qing dynasty (1644–1911), Kangxi reign (1622–1722) to Yongzheng reign (1723–35)']",1662–1735,Print,Polychrome woodblock print; ink and color on paper,CC0,accessioned,2025-03-03T05:00:00Z,https://clevelandart.org/art/2025.92.c,https://openaccess-api.clevelandart.org/api/artworks/2025.92.c,,,,0,0,0,"[{""description"": ""(Christer von der Burg, sold to the Cleveland Museum of Art)"", ""citations"": [], ""footnotes"": [], ""date"": ""?–2025"", ""sortorder"": 2}, {""description"": ""The Cleveland Museum of Art, Cleveland, OH"", ""citations"": [], ""footnotes"": null, ""date"": ""2025–"", ""sortorder"": 3}]",sold,200,2026-08-18T03:25:29.792244+00:00
CMA:2025.93,2025.93,2025.93,679127,object,,Happy New Year,新春樂,"['China, Qing dynasty (1644–1911), Kangxi reign (1622–1722)']",1662–1722,Print,Polychrome woodblock print; ink and color on paper,CC0,accessioned,2025-03-03T05:00:00Z,https://clevelandart.org/art/2025.93,https://openaccess-api.clevelandart.org/api/artworks/2025.93,https://openaccess-cdn.clevelandart.org/2025.93/2025.93_web.jpg,https://openaccess-cdn.clevelandart.org/2025.93/2025.93_print.jpg,https://openaccess-cdn.clevelandart.org/2025.93/2025.93_full.tif,1,1,1,"[{""description"": ""(Christer von der Burg, sold to the Cleveland Museum of Art)"", ""citations"": [], ""footnotes"": [], ""date"": ""?–2025"", ""sortorder"": 2}, {""description"": ""The Cleveland Museum of Art, Cleveland, OH"", ""citations"": [], ""footnotes"": null, ""date"": ""2025–"", ""sortorder"": 3}]",sold,200,2026-08-18T03:25:30.076396+00:00
CMA:2025.94,2025.94,2025.94,679128,object,,"Wife, Wealth, Sons, and a Salary",妻財子禄,"['China, Qing dynasty (1644–1911), Kangxi reign (1622–1722)']",1662–1722,Print,Polychrome woodblock print; ink and color on paper,CC0,accessioned,2025-03-03T05:00:00Z,https://clevelandart.org/art/2025.94,https://openaccess-api.clevelandart.org/api/artworks/2025.94,https://openaccess-cdn.clevelandart.org/2025.94/2025.94_web.jpg,https://openaccess-cdn.clevelandart.org/2025.94/2025.94_print.jpg,https://openaccess-cdn.clevelandart.org/2025.94/2025.94_full.tif,1,1,1,"[{""description"": ""(Christer von der Burg, sold to the Cleveland Museum of Art)"", ""citations"": [], ""footnotes"": null, ""date"": ""?–2025"", ""sortorder"": 2}, {""description"": ""The Cleveland Museum of Art, Cleveland, OH"", ""citations"": [], ""footnotes"": null, ""date"": ""2025–"", ""sortorder"": 3}]",sold,200,2026-08-18T03:25:30.270415+00:00
CMA:2025.95,2025.95,2025.95,679264,object,,New Year's Day,歲朝圖,"['China, Qing dynasty (1644–1911), Qianlong period (1736–95)']",1736–95,Print,Hanging scroll; polychrome woodblock print; ink and color on paper,CC0,accessioned,2025-03-03T05:00:00Z,https://clevelandart.org/art/2025.95,https://openaccess-api.clevelandart.org/api/artworks/2025.95,,,,0,0,0,"[{""description"": ""(Christer von der Burg, sold to the Cleveland Museum of Art)"", ""citations"": [], ""footnotes"": null, ""date"": ""?–2025"", ""sortorder"": 2}, {""description"": ""The Cleveland Museum of Art, Cleveland, OH"", ""citations"": [], ""footnotes"": null, ""date"": ""2025"", ""sortorder"": 3}]",sold,200,2026-08-18T03:25:30.456336+00:00
CMA:2025.96,2025.96,2025.96,679265,object,,Story of the Western Chamber,⻄廂記,"['China, Qing dynasty (1644–1911), Qianlong period (1736–95)']",1736–95,Print,Hanging scroll; polychrome woodblock print; ink and color on paper,CC0,accessioned,2025-03-03T05:00:00Z,https://clevelandart.org/art/2025.96,https://openaccess-api.clevelandart.org/api/artworks/2025.96,,,,0,0,0,"[{""description"": ""(Christer von der Burg, sold to the Cleveland Museum of Art)"", ""citations"": [], ""footnotes"": null, ""date"": ""?–2025"", ""sortorder"": 2}, {""description"": ""The Cleveland Museum of Art, Cleveland, OH"", ""citations"": [], ""footnotes"": null, ""date"": ""2025–"", ""sortorder"": 3}]",sold,200,2026-08-18T03:25:30.642045+00:00
CMA:2025.97,2025.97,2025.97,679266,object,,The Fierce Battle at the Red Cliff,赤壁鏖兵圖,"['China, Qing dynasty (1644–1911), Qianlong period (1736–95)']",1736–95,Print,Hanging scroll; multicolor woodblock print on paper,CC0,accessioned,2025-03-03T05:00:00Z,https://clevelandart.org/art/2025.97,https://openaccess-api.clevelandart.org/api/artworks/2025.97,https://openaccess-cdn.clevelandart.org/2025.97/2025.97_web.jpg,https://openaccess-cdn.clevelandart.org/2025.97/2025.97_print.jpg,https://openaccess-cdn.clevelandart.org/2025.97/2025.97_full.tif,1,1,1,"[{""description"": ""Christer von der Burg"", ""citations"": [], ""footnotes"": null, ""date"": null, ""sortorder"": 2}]",other,200,2026-08-18T03:25:30.838457+00:00
CMA:2025.98,2025.98,2025.98,679267,object,,Mother with Son Holding a Brush,母童執筆圖,"['China, Qing dynasty (1644–1911), Qianlong period (1736–95)']",1736–95,Print,Hanging scroll; polychrome woodblock print; ink and color on paper,CC0,accessioned,2025-03-03T05:00:00Z,https://clevelandart.org/art/2025.98,https://openaccess-api.clevelandart.org/api/artworks/2025.98,,,,0,0,0,"[{""description"": ""(Christer von der Burg, sold to the Cleveland Museum of Art)"", ""citations"": [], ""footnotes"": null, ""date"": ""?–2025"", ""sortorder"": 2}, {""description"": ""The Cleveland Museum of Art, Cleveland, OH"", ""citations"": [], ""footnotes"": null, ""date"": ""2025–"", ""sortorder"": 3}]",sold,200,2026-08-18T03:25:31.020462+00:00
CMA:2025.99,2025.99,2025.99,679268,object,,Fang Qing Collapses on the Snow and Encounters Bi Yunxian,方卿跌雪遇畢雲顯,"['China, Qing dynasty (1644–1911), Jiaqing period (1796–1820)']",1796–1820,Print,Polychrome woodblock print; ink and color on paper,CC0,accessioned,2025-03-03T05:00:00Z,https://clevelandart.org/art/2025.99,https://openaccess-api.clevelandart.org/api/artworks/2025.99,,,,0,0,0,"[{""description"": ""(Christer von der Burg, sold to the Cleveland Museum of Art)"", ""citations"": [], ""footnotes"": [], ""date"": ""?–2025"", ""sortorder"": 2}, {""description"": ""The Cleveland Museum of Art, Cleveland, OH"", ""citations"": [], ""footnotes"": null, ""date"": ""2025–"", ""sortorder"": 3}]",sold,200,2026-08-18T03:25:31.205901+00:00
CMA:2025.100,2025.100,2025.100,396870,object,,View of Changmen Gate in Suzhou,蘇州閶⾨景,"['China, Suzhou, Qing dynasty (1644–1911)']",1700s,Print,Hanging scroll; printed in two shades of black and red ink,CC0,accessioned,2025-03-03T05:00:00Z,https://clevelandart.org/art/2025.100,https://openaccess-api.clevelandart.org/api/artworks/2025.100,,,,0,0,0,"[{""description"": ""(Christer von der Burg, sold to the Cleveland Museum of Art)"", ""citations"": [], ""footnotes"": null, ""date"": ""?–2025"", ""sortorder"": 1}, {""description"": ""The Cleveland Museum of Art, Cleveland, OH"", ""citations"": [], ""footnotes"": null, ""date"": ""2025–"", ""sortorder"": 2}]",sold,200,2026-08-18T03:25:31.391051+00:00
CMA:2025.101,2025.101,2025.101,679269,object,,Long Guanbao from the Ballad Wuxiangqiu Performs Martial Arts on a Stage,武香球龍官寶打擂檯,"['China, Qing dynasty (1644–1911), Qianlong period (1736–95)']",1736–95,Print,Polychrome woodblock print; ink and color on paper,CC0,accessioned,2025-03-03T05:00:00Z,https://clevelandart.org/art/2025.101,https://openaccess-api.clevelandart.org/api/artworks/2025.101,,,,0,0,0,"[{""description"": ""(Christer von der Burg, sold to the Cleveland Museum of Art)"", ""citations"": [], ""footnotes"": null, ""date"": ""?–2025"", ""sortorder"": 2}, {""description"": ""The Cleveland Museum of Art, Cleveland, OH"", ""citations"": [], ""footnotes"": null, ""date"": ""2025–"", ""sortorder"": 3}]",sold,200,2026-08-18T03:25:31.590214+00:00
CMA:2025.102,2025.102,2025.102,679270,object,,Eight Immortals Honoring the God of Longevity,八仙上壽選仙圖,"['China, Qing dynasty (1644–1911), Qianlong period (1736–95)']",1736–95,Print,Woodblock print; ink on paper,CC0,accessioned,2025-03-03T05:00:00Z,https://clevelandart.org/art/2025.102,https://openaccess-api.clevelandart.org/api/artworks/2025.102,,,,0,0,0,"[{""description"": ""(Christer von der Burg, sold to the Cleveland Museum of Art)"", ""citations"": [], ""footnotes"": null, ""date"": ""?–2025"", ""sortorder"": 2}, {""description"": ""The Cleveland Museum of Art, Cleveland, OH"", ""citations"": [], ""footnotes"": null, ""date"": ""2025–"", ""sortorder"": 3}]",sold,200,2026-08-18T03:25:31.779255+00:00
CMA:2025.103,2025.103,2025.103,679271,object,,Eight Immortals and Twelve Zodiac Animals,八仙十二生肖圖,"['China, Qing dynasty (1644–1911), Qianlong period (1736–95)']",1736–95,Print,Woodblock print; ink on paper,CC0,accessioned,2025-03-03T05:00:00Z,https://clevelandart.org/art/2025.103,https://openaccess-api.clevelandart.org/api/artworks/2025.103,,,,0,0,0,"[{""description"": ""(Christer von der Burg, sold to the Cleveland Museum of Art)"", ""citations"": [], ""footnotes"": null, ""date"": ""?–2025"", ""sortorder"": 2}, {""description"": ""The Cleveland Museum of Art, Cleveland, OH"", ""citations"": [], ""footnotes"": null, ""date"": ""2025–"", ""sortorder"": 3}]",sold,200,2026-08-18T03:25:32.016190+00:00
CMA:2025.104,2025.104,2025.104,679272,object,,Dominoes,骨牌圖,"['China, Qing dynasty (1644–1911), Qianlong period (1736–95)']",1736–95,Print,Woodblock print; ink on paper,CC0,accessioned,2025-03-03T05:00:00Z,https://clevelandart.org/art/2025.104,https://openaccess-api.clevelandart.org/api/artworks/2025.104,,,,0,0,0,"[{""description"": ""(Christer von der Burg, sold to the Cleveland Museum of Art)"", ""citations"": [], ""footnotes"": null, ""date"": ""?–2025"", ""sortorder"": 2}, {""description"": ""The Cleveland Museum of Art, Cleveland, OH"", ""citations"": [], ""footnotes"": null, ""date"": ""2025–"", ""sortorder"": 3}]",sold,200,2026-08-18T03:25:32.197403+00:00
CMA:2025.105,2025.105,2025.105,679273,object,,Leifeng Pagoda Board Game,雷峰塔牌子,"['China, Qing dynasty (1644–1911), Qianlong period (1736–95)']",1736–95,Print,Woodblock print; ink on paper,CC0,accessioned,2025-03-03T05:00:00Z,https://clevelandart.org/art/2025.105,https://openaccess-api.clevelandart.org/api/artworks/2025.105,,,,0,0,0,"[{""description"": ""(Christer von der Burg, sold to the Cleveland Museum of Art)"", ""citations"": [], ""footnotes"": null, ""date"": ""?–2025"", ""sortorder"": 2}, {""description"": ""The Cleveland Museum of Art, Cleveland, OH"", ""citations"": [], ""footnotes"": null, ""date"": ""2025–"", ""sortorder"": 3}]",sold,200,2026-08-18T03:25:32.374991+00:00
CMA:2025.106,2025.106,2025.106,679345,object,,"Winter Basket: Narcissus, Camellia, and Wax Plum",冬藍：水仙、茶花、蠟梅,"['China, Suzhou, Qing dynasty (1644–1911)']",1700–1750,Print,Polychrome woodblock print; ink and color on paper,CC0,accessioned,2025-03-03T05:00:00Z,https://clevelandart.org/art/2025.106,https://openaccess-api.clevelandart.org/api/artworks/2025.106,,,,0,0,0,"[{""description"": ""(Christer von der Burg, sold to the Cleveland Museum of Art)"", ""citations"": [], ""footnotes"": [], ""date"": ""?–2025"", ""sortorder"": 2}, {""description"": ""The Cleveland Museum of Art, Cleveland, OH"", ""citations"": [], ""footnotes"": null, ""date"": ""2025–"", ""sortorder"": 3}]",sold,200,2026-08-18T03:25:32.555318+00:00
CMA:2025.107,2025.107,2025.107,679346,object,,"Spring Basket: Peony, White Magnolia, and Peach Blossom",春藍：牡丹、白玉蘭、桃花,"['China, Suzhou, Qing dynasty (1644–1911)']",1700–1750,Print,Polychrome woodblock print; ink and color on paper,CC0,accessioned,2025-03-03T05:00:00Z,https://clevelandart.org/art/2025.107,https://openaccess-api.clevelandart.org/api/artworks/2025.107,,,,0,0,0,"[{""description"": ""(Christer von der Burg, sold to the Cleveland Museum of Art)"", ""citations"": [], ""footnotes"": null, ""date"": ""?–2025"", ""sortorder"": 2}, {""description"": ""The Cleveland Museum of Art, Cleveland, OH"", ""citations"": [], ""footnotes"": null, ""date"": ""2025–"", ""sortorder"": 3}]",sold,200,2026-08-18T03:25:32.737383+00:00
CMA:2025.108,2025.108,2025.108,679347,object,,Bird on Pomegranate,石榴上的鳥兒,"['Southeast China, Suzhou, Qing dynasty (1644–1911)']",1700–1750,Print,Multicolor woodblock print; ink and color on paper,CC0,accessioned,2025-03-03T05:00:00Z,https://clevelandart.org/art/2025.108,https://openaccess-api.clevelandart.org/api/artworks/2025.108,https://openaccess-cdn.clevelandart.org/2025.108/2025.108_web.jpg,https://openaccess-cdn.clevelandart.org/2025.108/2025.108_print.jpg,https://openaccess-cdn.clevelandart.org/2025.108/2025.108_full.tif,1,1,1,"[{""description"": ""(Christer von der Burg, sold to the Cleveland Museum of Art)"", ""citations"": [], ""footnotes"": [], ""date"": ""?–2025"", ""sortorder"": 2}, {""description"": ""The Cleveland Museum of Art, Cleveland, OH"", ""citations"": [], ""footnotes"": null, ""date"": ""2025–"", ""sortorder"": 3}]",sold,200,2026-08-18T03:25:32.929550+00:00
CMA:2025.109,2025.109,2025.109,679348,object,,Waxbills,臘轉春回 - 蠟嘴鳥,"['China, Suzhou, Qing dynasty (1644–1911)']",1700–1750,Print,Polychrome woodblock print; ink and color on paper,CC0,accessioned,2025-03-03T05:00:00Z,https://clevelandart.org/art/2025.109,https://openaccess-api.clevelandart.org/api/artworks/2025.109,,,,0,0,0,"[{""description"": ""(Christer von der Burg, sold to the Cleveland Museum of Art)"", ""citations"": [], ""footnotes"": null, ""date"": ""?–2025"", ""sortorder"": 2}, {""description"": ""The Cleveland Museum of Art, Cleveland, OH"", ""citations"": [], ""footnotes"": null, ""date"": ""2025–"", ""sortorder"": 3}]",sold,200,2026-08-18T03:25:33.119200+00:00
CMA:2025.110,2025.110,2025.110,679352,object,,Birds on Plum Branches,,"['Southeast China, Suzhou, Qing dynasty (1644–1911)']",1700–1750,Print,Multicolor woodblock print; ink and color on paper,CC0,accessioned,2025-03-03T05:00:00Z,https://clevelandart.org/art/2025.110,https://openaccess-api.clevelandart.org/api/artworks/2025.110,,,,0,0,0,"[{""description"": ""(Christer von der Burg, sold to the Cleveland Museum of Art)"", ""citations"": [], ""footnotes"": [], ""date"": ""?–2025"", ""sortorder"": 2}, {""description"": ""The Cleveland Museum of Art, Cleveland, OH"", ""citations"": [], ""footnotes"": null, ""date"": ""2025–"", ""sortorder"": 3}]",sold,200,2026-08-18T03:25:33.304109+00:00
CMA:2025.111,2025.111,2025.111,679353,object,,Sleeping Birds,月下樹上小鳥,"['Southeast China, Suzhou, Qing dynasty (1644–1911)']",1700–1750,Print,Multicolor woodblock print; ink and five colors on paper,CC0,accessioned,2025-03-03T05:00:00Z,https://clevelandart.org/art/2025.111,https://openaccess-api.clevelandart.org/api/artworks/2025.111,,,,0,0,0,"[{""description"": ""(Christer von der Burg, sold to the Cleveland Museum of Art)"", ""citations"": [], ""footnotes"": null, ""date"": ""?–2025"", ""sortorder"": 2}, {""description"": ""The Cleveland Museum of Art, Cleveland, OH"", ""citations"": [], ""footnotes"": null, ""date"": ""2025–"", ""sortorder"": 3}]",sold,200,2026-08-18T03:25:33.492952+00:00
CMA:2025.112,2025.112,2025.112,679354,object,,Butterflies on Roses,玫瑰與蝴蝶,"['China, Suzhou, Qing dynasty (1644–1911)']",1700–1750,Print,Polychrome woodblock print; ink and color on paper,CC0,accessioned,2025-03-03T05:00:00Z,https://clevelandart.org/art/2025.112,https://openaccess-api.clevelandart.org/api/artworks/2025.112,,,,0,0,0,"[{""description"": ""(Christer von der Burg, sold to the Cleveland Museum of Art)"", ""citations"": [], ""footnotes"": [], ""date"": ""?–2025"", ""sortorder"": 2}, {""description"": ""The Cleveland Museum of Art, Cleveland, OH"", ""citations"": [], ""footnotes"": null, ""date"": ""2025–"", ""sortorder"": 3}]",sold,200,2026-08-18T03:25:33.677791+00:00
CMA:2025.113,2025.113,2025.113,679355,object,,Lotus Seeds and Water Caltrops,蓮蓬和菱角,"['Southeast China, Suzhou, Qing dynasty (1644–1911)']",1700–1750,Print,Multicolor woodblock print; ink and color on paper,CC0,accessioned,2025-03-03T05:00:00Z,https://clevelandart.org/art/2025.113,https://openaccess-api.clevelandart.org/api/artworks/2025.113,https://openaccess-cdn.clevelandart.org/2025.113/2025.113_web.jpg,https://openaccess-cdn.clevelandart.org/2025.113/2025.113_print.jpg,https://openaccess-cdn.clevelandart.org/2025.113/2025.113_full.tif,1,1,1,"[{""description"": ""(Christer von der Burg, sold to the Cleveland Museum of Art)"", ""citations"": [], ""footnotes"": null, ""date"": ""?–2025"", ""sortorder"": 2}, {""description"": ""The Cleveland Museum of Art, Cleveland, OH"", ""citations"": [], ""footnotes"": null, ""date"": ""2025–"", ""sortorder"": 3}]",sold,200,2026-08-18T03:25:33.879317+00:00
CMA:2025.114,2025.114,2025.114,679365,object,,Apples and Pomegranates,,"['China, Suzhou, Qing dynasty (1644–1911)']",first half of the 1700s,Print,Polychrome woodblock print; ink and color on paper,CC0,accessioned,2025-03-03T05:00:00Z,https://clevelandart.org/art/2025.114,https://openaccess-api.clevelandart.org/api/artworks/2025.114,,,,0,0,0,"[{""description"": ""(Christer von der Burg, sold to the Cleveland Museum of Art)"", ""citations"": [], ""footnotes"": [], ""date"": ""?–2025"", ""sortorder"": 2}, {""description"": ""The Cleveland Museum of Art, Cleveland, OH"", ""citations"": [], ""footnotes"": null, ""date"": ""2025–"", ""sortorder"": 3}]",sold,200,2026-08-18T03:25:34.075269+00:00
CMA:2025.115,2025.115,2025.115,679366,object,,Watermelon and Grapes,西瓜與葡萄,"['China, Suzhou, Qing dynasty (1644–1911)']",1700–1750,Print,Polychrome woodblock print; ink and color on paper,CC0,accessioned,2025-03-03T05:00:00Z,https://clevelandart.org/art/2025.115,https://openaccess-api.clevelandart.org/api/artworks/2025.115,,,,0,0,0,"[{""description"": ""(Christer von der Burg, sold to the Cleveland Museum of Art)"", ""citations"": [], ""footnotes"": null, ""date"": ""?–2025"", ""sortorder"": 2}, {""description"": ""The Cleveland Museum of Art, Cleveland, OH"", ""citations"": [], ""footnotes"": null, ""date"": ""2025–"", ""sortorder"": 3}]",sold,200,2026-08-18T03:25:34.259491+00:00
CMA:2025.116,2025.116,2025.116,398727,object,,Grasshopper on Pomegranate,蚱蜢石榴,"['Southeast China, Suzhou, Qing dynasty (1644–1911)']",1700–1750,Print,Woodblock printed in black and six other colors,CC0,accessioned,2025-03-03T05:00:00Z,https://clevelandart.org/art/2025.116,https://openaccess-api.clevelandart.org/api/artworks/2025.116,https://openaccess-cdn.clevelandart.org/2025.116/2025.116_web.jpg,https://openaccess-cdn.clevelandart.org/2025.116/2025.116_print.jpg,https://openaccess-cdn.clevelandart.org/2025.116/2025.116_full.tif,1,1,1,"[{""description"": ""(Christer von der Burg, sold to the Cleveland Museum of Art)"", ""citations"": [], ""footnotes"": null, ""date"": ""?–2025"", ""sortorder"": 2}, {""description"": ""The Cleveland Museum of Art, Cleveland, OH"", ""citations"": [], ""footnotes"": null, ""date"": ""2025–"", ""sortorder"": 3}]",sold,200,2026-08-18T03:25:34.448504+00:00
CMA:2025.117,2025.117,2025.117,679367,object,,Praying Mantis on a Lychee,荔枝上的螳螂,"['Southeast China, Suzhou, Qing dynasty (1644–1911)']",1700–1750,Print,Multicolor woodblock print; ink and color on paper,CC0,accessioned,2025-03-03T05:00:00Z,https://clevelandart.org/art/2025.117,https://openaccess-api.clevelandart.org/api/artworks/2025.117,,,,0,0,0,"[{""description"": ""(Christer von der Burg, sold to the Cleveland Museum of Art)"", ""citations"": [], ""footnotes"": [], ""date"": ""?–2025"", ""sortorder"": 2}, {""description"": ""The Cleveland Museum of Art, Cleveland, OH"", ""citations"": [], ""footnotes"": null, ""date"": ""2025–"", ""sortorder"": 3}]",sold,200,2026-08-18T03:25:34.629260+00:00
CMA:2025.118,2025.118,2025.118,679368,object,,Bird on Lotus,蓮花和鸟,"['Southeast China, Suzhou, Qing dynasty (1644–1911)']",1700–1750,Print,Multicolor woodblock print and embossing; ink and color on paper,CC0,accessioned,2025-03-03T05:00:00Z,https://clevelandart.org/art/2025.118,https://openaccess-api.clevelandart.org/api/artworks/2025.118,https://openaccess-cdn.clevelandart.org/2025.118/2025.118_web.jpg,https://openaccess-cdn.clevelandart.org/2025.118/2025.118_print.jpg,https://openaccess-cdn.clevelandart.org/2025.118/2025.118_full.tif,1,1,1,"[{""description"": ""(Christer von der Burg, sold to the Cleveland Museum of Art)"", ""citations"": [], ""footnotes"": null, ""date"": ""?–2025"", ""sortorder"": 2}, {""description"": ""The Cleveland Museum of Art, Cleveland, OH"", ""citations"": [], ""footnotes"": null, ""date"": ""2025–"", ""sortorder"": 3}]",sold,200,2026-08-18T03:25:34.832572+00:00
CMA:2025.119,2025.119,2025.119,679369,object,,Three Friends of Winter,歲寒三友圖,"['Southeast China, Suzhou, Qing dynasty (1644–1911)']",1700s,Print,Multicolor woodblock print; ink and color on paper,CC0,accessioned,2025-03-03T05:00:00Z,https://clevelandart.org/art/2025.119,https://openaccess-api.clevelandart.org/api/artworks/2025.119,,,,0,0,0,"[{""description"": ""(Christer von der Burg, sold to the Cleveland Museum of Art)"", ""citations"": [], ""footnotes"": [], ""date"": ""?–2025"", ""sortorder"": 2}, {""description"": ""The Cleveland Museum of Art, Cleveland, OH"", ""citations"": [], ""footnotes"": null, ""date"": ""2025–"", ""sortorder"": 3}]",sold,200,2026-08-18T03:25:35.020205+00:00
CMA:2025.120,2025.120,2025.120,679370,object,,Insect on Viburnum,紫荊上的昆蟲,"['China, Suzhou, Qing dynasty (1644–1911)']",1700–1750,Print,Polychrome woodblock print; ink and color on paper,CC0,accessioned,2025-03-03T05:00:00Z,https://clevelandart.org/art/2025.120,https://openaccess-api.clevelandart.org/api/artworks/2025.120,,,,0,0,0,"[{""description"": ""(Christer von der Burg, sold to the Cleveland Museum of Art)"", ""citations"": [], ""footnotes"": null, ""date"": ""?–2025"", ""sortorder"": 2}, {""description"": ""The Cleveland Museum of Art, Cleveland, OH"", ""citations"": [], ""footnotes"": null, ""date"": ""2025–"", ""sortorder"": 3}]",sold,200,2026-08-18T03:25:35.207471+00:00
CMA:2025.121,2025.121,2025.121,679371,object,,"Chrysanthemum, Begonia, and Blue Asters",菊花、秋海棠、與紫菀,"['China, Suzhou, Qing dynasty (1644–1911)']",1700–1750,Print,Polychrome woodblock print; ink and color on paper,CC0,accessioned,2025-03-03T05:00:00Z,https://clevelandart.org/art/2025.121,https://openaccess-api.clevelandart.org/api/artworks/2025.121,,,,0,0,0,"[{""description"": ""(Christer von der Burg, sold to the Cleveland Museum of Art)"", ""citations"": [], ""footnotes"": [], ""date"": ""?–2025"", ""sortorder"": 2}, {""description"": ""The Cleveland Museum of Art, Cleveland, OH"", ""citations"": [], ""footnotes"": null, ""date"": ""2025–"", ""sortorder"": 3}]",sold,200,2026-08-18T03:25:35.387143+00:00
CMA:2025.122,2025.122,2025.122,679372,object,,"Chrysanthemum, Begonia, and Blue Asters",菊花、秋海棠、與紫菀,"['China, Suzhou, Qing dynasty (1644–1911)']",1700–1750,Print,Polychrome woodblock print; ink and color on paper,CC0,accessioned,2025-03-03T05:00:00Z,https://clevelandart.org/art/2025.122,https://openaccess-api.clevelandart.org/api/artworks/2025.122,,,,0,0,0,"[{""description"": ""(Christer von der Burg, sold to the Cleveland Museum of Art)"", ""citations"": [], ""footnotes"": [], ""date"": ""?–2025"", ""sortorder"": 2}, {""description"": ""The Cleveland Museum of Art, Cleveland, OH"", ""citations"": [], ""footnotes"": null, ""date"": ""2025–"", ""sortorder"": 3}]",sold,200,2026-08-18T03:25:35.576194+00:00
CMA:2025.123,2025.123,2025.123,679373,object,,Mustard Garden Print,芥子園畫譜,"['China, Suzhou, Qing dynasty (1644–1911)']",1700–1750,Print,Polychrome woodblock print; ink and color on paper,CC0,accessioned,2025-03-03T05:00:00Z,https://clevelandart.org/art/2025.123,https://openaccess-api.clevelandart.org/api/artworks/2025.123,,,,0,0,0,"[{""description"": ""(Christer von der Burg, sold to the Cleveland Museum of Art)"", ""citations"": [], ""footnotes"": null, ""date"": ""?–2025"", ""sortorder"": 2}, {""description"": ""The Cleveland Museum of Art, Cleveland, OH"", ""citations"": [], ""footnotes"": null, ""date"": ""2025–"", ""sortorder"": 3}]",sold,200,2026-08-18T03:25:35.766549+00:00
CMA:2025.124,2025.124,2025.124,679374,object,,"Autumn Basket: Hibiscus, Yellow Hibiscus, and Chrysanthemum",秋籃: 芙蓉花、黃芙蓉與菊花,"['China, Suzhou, Qing dynasty (1644–1911)']",1700–1750,Print,Polychrome woodblock print; ink and color on paper,CC0,accessioned,2025-03-03T05:00:00Z,https://clevelandart.org/art/2025.124,https://openaccess-api.clevelandart.org/api/artworks/2025.124,,,,0,0,0,"[{""description"": ""(Christer von der Burg, sold to the Cleveland Museum of Art)"", ""citations"": [], ""footnotes"": [], ""date"": ""?–2025"", ""sortorder"": 2}, {""description"": ""The Cleveland Museum of Art, Cleveland, OH"", ""citations"": [], ""footnotes"": null, ""date"": ""2025–"", ""sortorder"": 3}]",sold,200,2026-08-18T03:25:35.958608+00:00
CMA:2025.125,2025.125,2025.125,679375,object,,Praying Mantis on a Lychee,荔枝上的螳螂,"['China, Suzhou, Qing dynasty (1644–1911)']",1700–1750,Print,Polychrome woodblock print; ink and color on paper,CC0,accessioned,2025-03-03T05:00:00Z,https://clevelandart.org/art/2025.125,https://openaccess-api.clevelandart.org/api/artworks/2025.125,,,,0,0,0,"[{""description"": ""(Christer von der Burg, sold to the Cleveland Museum of Art)"", ""citations"": [], ""footnotes"": null, ""date"": ""?–2025"", ""sortorder"": 2}, {""description"": ""The Cleveland Museum of Art, Cleveland, OH"", ""citations"": [], ""footnotes"": null, ""date"": ""2025–"", ""sortorder"": 3}]",sold,200,2026-08-18T03:25:36.141485+00:00
CMA:2025.126,2025.126,2025.126,679376,object,,Vase with Peony,博古花卉圖,"['Southeast China, Suzhou, Qing dynasty (1644–1911)']",1700–1750,Print,Multicolor woodblock print; ink and color on paper,CC0,accessioned,2025-03-03T05:00:00Z,https://clevelandart.org/art/2025.126,https://openaccess-api.clevelandart.org/api/artworks/2025.126,,,,0,0,0,"[{""description"": ""(Christer von der Burg, sold to the Cleveland Museum of Art)"", ""citations"": [], ""footnotes"": [], ""date"": ""?–2025"", ""sortorder"": 2}, {""description"": ""The Cleveland Museum of Art, Cleveland, OH"", ""citations"": [], ""footnotes"": null, ""date"": ""2025–"", ""sortorder"": 3}]",sold,200,2026-08-18T03:25:36.348691+00:00
CMA:2025.127,2025.127,2025.127,679377,object,,Plum and Camellia in a Bronze Vase,博古花卉圖,"['Southeast China, Suzhou, Qing dynasty (1644–1911)']",1700–1750,Print,Multicolor woodblock print; ink and color on paper,CC0,accessioned,2025-03-03T05:00:00Z,https://clevelandart.org/art/2025.127,https://openaccess-api.clevelandart.org/api/artworks/2025.127,https://openaccess-cdn.clevelandart.org/2025.127/2025.127_web.jpg,https://openaccess-cdn.clevelandart.org/2025.127/2025.127_print.jpg,https://openaccess-cdn.clevelandart.org/2025.127/2025.127_full.tif,1,1,1,"[{""description"": ""Christer von der Burg, sold to the Cleveland Museum of Art)"", ""citations"": [], ""footnotes"": null, ""date"": ""?–2025"", ""sortorder"": 2}, {""description"": ""The Cleveland Museum of Art, Cleveland, OH"", ""citations"": [], ""footnotes"": null, ""date"": ""2025–"", ""sortorder"": 3}]",sold,200,2026-08-18T03:25:36.534506+00:00
CMA:2025.128,2025.128,2025.128,685895,object,,One Hundred Boys,百子圖,"['China, Qing dynasty (1644–1911), Jiaqing period (1796–1820)']",1700s,Print,woodblock print,CC0,accessioned,2025-03-03T05:00:00Z,https://clevelandart.org/art/2025.128,https://openaccess-api.clevelandart.org/api/artworks/2025.128,,,,0,0,0,"[{""description"": ""(Christer von der Burg, sold to the Cleveland Museum of Art)"", ""citations"": [], ""footnotes"": [], ""date"": ""?–2025"", ""sortorder"": 2}, {""description"": ""The Cleveland Museum of Art, Cleveland, OH"", ""citations"": [], ""footnotes"": null, ""date"": ""2025–"", ""sortorder"": 3}]",sold,200,2026-08-18T03:25:36.714871+00:00
CMA:2025.129,2025.129,2025.129,685894,object,,May You Soon Bear Noble Sons,早生貴子圖,"['China, Qing dynasty (1644–1911), Jiaqing period (1796–1820)']",1700s,Print,woodblock print,CC0,accessioned,2025-03-03T05:00:00Z,https://clevelandart.org/art/2025.129,https://openaccess-api.clevelandart.org/api/artworks/2025.129,,,,0,0,0,"[{""description"": ""(Christer von der Burg, sold to the Cleveland Museum of Art)"", ""citations"": [], ""footnotes"": null, ""date"": null, ""sortorder"": 2}, {""description"": ""The Cleveland Museum of Art, Cleveland, OH"", ""citations"": [], ""footnotes"": null, ""date"": """", ""sortorder"": 3}]",sold,200,2026-08-18T03:25:36.900229+00:00
CMA:2025.212,2025.212,2025.212,703303,object,,Zhang Xian Brings Sons,張仙送子,"['China, Qing dynasty (1644–1911)']",1644–1911,Print,Polychrome woodblock print; ink and color on paper,CC0,accessioned,2025-12-08T05:00:00Z,https://clevelandart.org/art/2025.212,https://openaccess-api.clevelandart.org/api/artworks/2025.212,,,,0,0,0,"[{""description"": ""Christer von der Burg, given to the Cleveland Museum of Art"", ""citations"": [], ""footnotes"": null, ""date"": ""1997–2025"", ""sortorder"": 2}, {""description"": ""The Cleveland Museum of Art, Cleveland, OH"", ""citations"": [], ""footnotes"": null, ""date"": ""2025–"", ""sortorder"": 3}]",given,200,2026-08-18T03:25:37.091582+00:00
CMA:2025.213,2025.213,2025.213,703302,object,,One Hundred Boys,百子圖,['China'],1990s,Print,woodblock print; ink and color on paper,Copyrighted,accessioned,2025-12-08T05:00:00Z,https://clevelandart.org/art/2025.213,https://openaccess-api.clevelandart.org/api/artworks/2025.213,,,,0,0,0,"[{""description"": ""Christer von der Burg, given to the Cleveland Museum of Art"", ""citations"": [], ""footnotes"": [], ""date"": ""1997–2025"", ""sortorder"": 2}, {""description"": ""The Cleveland Museum of Art, Cleveland, OH"", ""citations"": [], ""footnotes"": null, ""date"": ""2025–"", ""sortorder"": 3}]",given,200,2026-08-18T03:25:37.271343+00:00
CMA:2025.214,2025.214,2025.214,703301,object,,One Hundred Boys,百子圖,['China'],1970s,Print,woodblock print; ink and color on paper,Copyrighted,accessioned,2025-12-08T05:00:00Z,https://clevelandart.org/art/2025.214,https://openaccess-api.clevelandart.org/api/artworks/2025.214,,,,0,0,0,"[{""description"": ""Christer von der Burg, given to the Cleveland Museum of Art"", ""citations"": [], ""footnotes"": [], ""date"": ""1997–2025"", ""sortorder"": 2}, {""description"": ""The Cleveland Museum of Art, Cleveland, OH"", ""citations"": [], ""footnotes"": null, ""date"": ""2025–"", ""sortorder"": 3}]",given,200,2026-08-18T03:25:37.452726+00:00
