machine_id,accession,accession_base,component_suffix,object_id,inferred_record_kind,inferred_cover_accession,multipart_group_size_records,title_en,title_zh,culture,date,type,technique,provenance_raw,acquisition_mode,share_license_status,object_url,web_image_url,print_image_url,full_image_url,has_web_image,has_print_image,has_full_image,in_core_2025_purchase_block,physical_print_contribution_inferred,cma_jpeg_caption_endpoint,cma_tiff_endpoint,updated_at
CMA:2025.19,2025.19,2025.19,,678453,object,,1,Beautiful Autumn and Winter Landscapes,清鉴秋冬美境,"China, Qing dynasty (1644–1911), Qianlong reign (1736–95)",1736–95,Print,Hanging scroll; woodblock print; ink on paper,"(Christer von der Burg, sold to the Cleveland Museum of Art) (?–2025); The Cleveland Museum of Art, Cleveland, OH (2025–)",sold,CC0,https://clevelandart.org/art/2025.19,,,,0,0,0,1,1,https://openaccess-api.clevelandart.org/api/collectiononline/jpeg_and_caption/2025.19,https://openaccess-api.clevelandart.org/api/collectiononline/tiff/2025.19,2026-06-26 11:50:57.473000
CMA:2025.20,2025.20,2025.20,,678462,object,,1,Li Bai Writes a Poem Whilst Drunk In Huaqing Palace,華清宮李⽩醉酒寫詩,"China, Qing dynasty (1644–1911)",1700s,Print,Hanging scroll; polychrome woodblock print; ink and color on paper,"(Christer von der Burg, sold to the Cleveland Museum of Art) (?–2025); The Cleveland Museum of Art, Cleveland, OH (2025–)",sold,CC0,https://clevelandart.org/art/2025.20,,,,0,0,0,1,1,https://openaccess-api.clevelandart.org/api/collectiononline/jpeg_and_caption/2025.20,https://openaccess-api.clevelandart.org/api/collectiononline/tiff/2025.20,2026-07-22 11:09:14.179000
CMA:2025.21,2025.21,2025.21,,678477,object,,1,Part of Story of The Western Chamber,一部西廂總,"China, Qing dynasty (1644–1911), Qianlong reign (1736–95)",1736–95,Print,Hanging scroll; polychrome woodblock print; ink and color on paper,"(Christer von der Burg, sold to the Cleveland Museum of Art) (?–2025); The Cleveland Museum of Art, Cleveland, OH (2025–)",sold,CC0,https://clevelandart.org/art/2025.21,https://openaccess-cdn.clevelandart.org/2025.21/2025.21_web.jpg,https://openaccess-cdn.clevelandart.org/2025.21/2025.21_print.jpg,https://openaccess-cdn.clevelandart.org/2025.21/2025.21_full.tif,1,1,1,1,1,https://openaccess-api.clevelandart.org/api/collectiononline/jpeg_and_caption/2025.21,https://openaccess-api.clevelandart.org/api/collectiononline/tiff/2025.21,2026-05-29 09:15:03.335000
CMA:2025.22,2025.22,2025.22,,678485,object,,1,Scenic View of Pavilions by a Lake,亭畔勝景圖,"China, Qing dynasty (1644–1911), Qianlong reign (1736–95)",1736–95,Print,Hanging scroll; polychrome woodblock print; ink and color on paper,"(Christer von der Burg, sold to the Cleveland Museum of Art) (?–2025); The Cleveland Museum of Art, Cleveland, OH (2025–)",sold,CC0,https://clevelandart.org/art/2025.22,,,,0,0,0,1,1,https://openaccess-api.clevelandart.org/api/collectiononline/jpeg_and_caption/2025.22,https://openaccess-api.clevelandart.org/api/collectiononline/tiff/2025.22,2026-07-22 11:09:14.185000
CMA:2025.23,2025.23,2025.23,,678529,object,,1,Mother and Sons,母子圖,"Southeast China, Suzhou, Qing dynasty (1644–1911), Qianlong reign (1736–95)",1736–95,Print,Hanging scroll; multicolor woodblock print on paper,"(Christer von der Burg, sold to the Cleveland Museum of Art) (?–2025); The Cleveland Museum of Art, Cleveland, OH (2025–)",sold,CC0,https://clevelandart.org/art/2025.23,https://openaccess-cdn.clevelandart.org/2025.23/2025.23_web.jpg,https://openaccess-cdn.clevelandart.org/2025.23/2025.23_print.jpg,https://openaccess-cdn.clevelandart.org/2025.23/2025.23_full.tif,1,1,1,1,1,https://openaccess-api.clevelandart.org/api/collectiononline/jpeg_and_caption/2025.23,https://openaccess-api.clevelandart.org/api/collectiononline/tiff/2025.23,2026-08-13 11:44:38.216000
CMA:2025.24,2025.24,2025.24,,678537,object,,1,A Quatrain about Peonies,牡丹一絕句,"Southeast China, Suzhou, Qing dynasty (1644–1911), Qianlong reign (1736–95)",1736–95,Print,Hanging scroll; polychrome woodblock print; ink and color on paper,"(Christer von der Burg, sold to the Cleveland Museum of Art) (?–2025); The Cleveland Museum of Art, Cleveland, OH (2025–)",sold,CC0,https://clevelandart.org/art/2025.24,https://openaccess-cdn.clevelandart.org/2025.24/2025.24_web.jpg,https://openaccess-cdn.clevelandart.org/2025.24/2025.24_print.jpg,https://openaccess-cdn.clevelandart.org/2025.24/2025.24_full.tif,1,1,1,1,1,https://openaccess-api.clevelandart.org/api/collectiononline/jpeg_and_caption/2025.24,https://openaccess-api.clevelandart.org/api/collectiononline/tiff/2025.24,2026-08-13 11:44:38.227000
CMA:2025.25,2025.25,2025.25,,678656,object,,1,The Top Scholar Returns Home,狀元回家,"China, Qing dynasty (1644–1911), Qianlong period (1736–95)",1736–95,Print,Hanging scroll; polychrome woodblock print; ink and color on paper,"(Christer von der Burg, sold to the Cleveland Museum of Art) (?–2025); The Cleveland Museum of Art, Cleveland, OH (2025–)",sold,CC0,https://clevelandart.org/art/2025.25,,,,0,0,0,1,1,https://openaccess-api.clevelandart.org/api/collectiononline/jpeg_and_caption/2025.25,https://openaccess-api.clevelandart.org/api/collectiononline/tiff/2025.25,2026-08-13 11:44:38.237000
CMA:2025.26,2025.26,2025.26,,678657,object,,1,Portraits of the Outlaws of the Marsh,⽩滸綉像全圖,"China, Qing dynasty (1644–1911), Qianlong reign (1736–95)",1736–95,Print,Hanging scroll; polychrome woodblock print; ink and color on paper,"(Christer von der Burg, sold to the Cleveland Museum of Art) (?–2025); The Cleveland Museum of Art, Cleveland, OH (2025–)",sold,CC0,https://clevelandart.org/art/2025.26,,,,0,0,0,1,1,https://openaccess-api.clevelandart.org/api/collectiononline/jpeg_and_caption/2025.26,https://openaccess-api.clevelandart.org/api/collectiononline/tiff/2025.26,2026-06-18 11:45:48.184000
CMA:2025.27,2025.27,2025.27,,678658,object,,1,Yang Guifei Strolls in a Garden,楊貴妃遊花園,"China, Qing dynasty (1644–1911), Qianlong reign (1736–95)",1736–95,Print,Hanging scroll; polychrome woodblock print; ink and color on paper,"(Christer von der Burg, sold to the Cleveland Museum of Art) (?–2025); The Cleveland Museum of Art, Cleveland, OH (2025–)",sold,CC0,https://clevelandart.org/art/2025.27,,,,0,0,0,1,1,https://openaccess-api.clevelandart.org/api/collectiononline/jpeg_and_caption/2025.27,https://openaccess-api.clevelandart.org/api/collectiononline/tiff/2025.27,2026-06-26 11:50:57.485000
CMA:2025.28,2025.28,2025.28,,678659,object,,1,Beauties with Bamboo and a Rose,竹葉月季雙美圖,"China, Qing dynasty (1644–1911), Jiaqing period (1796–1820)",1796–1820,Print,Hanging scroll; polychrome woodblock print; ink and color on paper,"(Christer von der Burg, sold to the Cleveland Museum of Art) (?–2025); The Cleveland Museum of Art, Cleveland, OH (2025–)",sold,CC0,https://clevelandart.org/art/2025.28,,,,0,0,0,1,1,https://openaccess-api.clevelandart.org/api/collectiononline/jpeg_and_caption/2025.28,https://openaccess-api.clevelandart.org/api/collectiononline/tiff/2025.28,2026-06-26 11:50:57.491000
CMA:2025.29,2025.29,2025.29,,678663,object,,1,Rise in Rank and Attain Wealth,加官進祿,"China, Qing dynasty (1644–1911), Qianlong reign (1736–95)",1736–95,Print,Hanging scroll; polychrome woodblock print; ink and color on paper,"(Christer von der Burg, sold to the Cleveland Museum of Art) (?–2025); The Cleveland Museum of Art, Cleveland, OH (2025–)",sold,CC0,https://clevelandart.org/art/2025.29,https://openaccess-cdn.clevelandart.org/2025.29/2025.29_web.jpg,https://openaccess-cdn.clevelandart.org/2025.29/2025.29_print.jpg,https://openaccess-cdn.clevelandart.org/2025.29/2025.29_full.tif,1,1,1,1,1,https://openaccess-api.clevelandart.org/api/collectiononline/jpeg_and_caption/2025.29,https://openaccess-api.clevelandart.org/api/collectiononline/tiff/2025.29,2026-06-26 11:50:57.501000
CMA:2025.30,2025.30,2025.30,,678664,object,,1,The Two Immortals of Harmony and Unity,和合二仙,"China, Qing dynasty (1644–1911), Qianlong reign (1736–95)",1736–95,Print,Polychrome woodblock print; ink and color on paper,"(Christer von der Burg, sold to the Cleveland Museum of Art) (?–2025); The Cleveland Museum of Art, Cleveland, OH (2025–)",sold,CC0,https://clevelandart.org/art/2025.30,,,,0,0,0,1,1,https://openaccess-api.clevelandart.org/api/collectiononline/jpeg_and_caption/2025.30,https://openaccess-api.clevelandart.org/api/collectiononline/tiff/2025.30,2026-06-26 11:50:57.511000
CMA:2025.31,2025.31,2025.31,,679031,object,,1,The Two Immortals of Harmony and Unity,和合二仙,"China, Qing dynasty (1644–1911), Qianlong reign (1736–95)",1736–95,Print,Hanging scroll; polychrome woodblock print; ink and color on paper,"(Christer von der Burg, sold to the Cleveland Museum of Art) (?–2025); The Cleveland Museum of Art, Cleveland, OH (2025–)",sold,CC0,https://clevelandart.org/art/2025.31,https://openaccess-cdn.clevelandart.org/2025.31/2025.31_web.jpg,https://openaccess-cdn.clevelandart.org/2025.31/2025.31_print.jpg,https://openaccess-cdn.clevelandart.org/2025.31/2025.31_full.tif,1,1,1,1,1,https://openaccess-api.clevelandart.org/api/collectiononline/jpeg_and_caption/2025.31,https://openaccess-api.clevelandart.org/api/collectiononline/tiff/2025.31,2026-06-26 11:50:57.518000
CMA:2025.32,2025.32,2025.32,,679032,object,,1,The Two Immortals of Harmony and Unity,和合二仙,"China, Qing dynasty (1644–1911), Qianlong reign (1736–95)",1736–95,Print,Polychrome woodblock print; ink and color on paper,"(Christer von der Burg, sold to the Cleveland Museum of Art) (?–2025); The Cleveland Museum of Art, Cleveland, OH (2025–)",sold,CC0,https://clevelandart.org/art/2025.32,https://openaccess-cdn.clevelandart.org/2025.32/2025.32_web.jpg,https://openaccess-cdn.clevelandart.org/2025.32/2025.32_print.jpg,https://openaccess-cdn.clevelandart.org/2025.32/2025.32_full.tif,1,1,1,1,1,https://openaccess-api.clevelandart.org/api/collectiononline/jpeg_and_caption/2025.32,https://openaccess-api.clevelandart.org/api/collectiononline/tiff/2025.32,2026-05-29 09:15:56.743000
CMA:2025.33,2025.33,2025.33,,679033,object,,1,The God of War,關羽,"China, Qing dynasty (1644–1911), Kangxi reign (1622–1722)",1662–1722,Print,Hanging scroll; polychrome woodblock print; ink and color on paper,"(Christer von der Burg, sold to the Cleveland Museum of Art) (?–2025); The Cleveland Museum of Art, Cleveland, OH (2025–)",sold,CC0,https://clevelandart.org/art/2025.33,,,,0,0,0,1,1,https://openaccess-api.clevelandart.org/api/collectiononline/jpeg_and_caption/2025.33,https://openaccess-api.clevelandart.org/api/collectiononline/tiff/2025.33,2026-06-26 11:50:57.524000
CMA:2025.34,2025.34,2025.34,,679034,object,,1,Playing with an Infant,嬰戲圖,"China, Qing dynasty (1644–1911), Qianlong reign (1736–95)",1736–95,Print,Polychrome woodblock print; ink and color on paper,"(Christer von der Burg, sold to the Cleveland Museum of Art) (?–2025); The Cleveland Museum of Art, Cleveland, OH (2025–)",sold,CC0,https://clevelandart.org/art/2025.34,,,,0,0,0,1,1,https://openaccess-api.clevelandart.org/api/collectiononline/jpeg_and_caption/2025.34,https://openaccess-api.clevelandart.org/api/collectiononline/tiff/2025.34,2026-05-29 09:15:57.199000
CMA:2025.35,2025.35,2025.35,,679035,object,,1,Double Happiness Character,雙喜字,"China, Qing dynasty (1644–1911), Qianlong reign (1736–95)",1736–95,Print,Polychrome woodblock print; ink and color on paper,"(Christer von der Burg, sold to the Cleveland Museum of Art) (?–2025); The Cleveland Museum of Art, Cleveland, OH (2025–)",sold,CC0,https://clevelandart.org/art/2025.35,,,,0,0,0,1,1,https://openaccess-api.clevelandart.org/api/collectiononline/jpeg_and_caption/2025.35,https://openaccess-api.clevelandart.org/api/collectiononline/tiff/2025.35,2026-05-29 09:15:57.312000
CMA:2025.36,2025.36,2025.36,,679036,object,,1,Mother with Sons Playing Music,母子奏樂圖,"China, Qing dynasty (1644–1911), Qianlong reign (1736–95)",1736–95,Print,Polychrome woodblock print; ink and color on paper,"(Christer von der Burg, sold to the Cleveland Museum of Art) (?–2025); The Cleveland Museum of Art, Cleveland, OH (2025–)",sold,CC0,https://clevelandart.org/art/2025.36,,,,0,0,0,1,1,https://openaccess-api.clevelandart.org/api/collectiononline/jpeg_and_caption/2025.36,https://openaccess-api.clevelandart.org/api/collectiononline/tiff/2025.36,2026-05-29 09:15:57.718000
CMA:2025.37,2025.37,2025.37,,679037,object,,1,Spring Swallows Bring Good Tidings,春燕報喜圖,"China, Qing dynasty (1644–1911), Qianlong reign (1736–95)",1736–95,Print,Polychrome woodblock print; ink and color on paper,"(Christer von der Burg, sold to the Cleveland Museum of Art) (?–2025); The Cleveland Museum of Art, Cleveland, OH (2025–)",sold,CC0,https://clevelandart.org/art/2025.37,,,,0,0,0,1,1,https://openaccess-api.clevelandart.org/api/collectiononline/jpeg_and_caption/2025.37,https://openaccess-api.clevelandart.org/api/collectiononline/tiff/2025.37,2026-05-29 09:15:57.622000
CMA:2025.38,2025.38,2025.38,,679039,object,,1,Peacocks with Mother and Son,孔雀母子圖,"China, Qing dynasty (1644–1911), Qianlong reign (1736–95)",1736–95,Print,Polychrome woodblock print; ink and color on paper,"(Christer von der Burg, sold to the Cleveland Museum of Art) (?–2025); The Cleveland Museum of Art, Cleveland, OH (2025–)",sold,CC0,https://clevelandart.org/art/2025.38,,,,0,0,0,1,1,https://openaccess-api.clevelandart.org/api/collectiononline/jpeg_and_caption/2025.38,https://openaccess-api.clevelandart.org/api/collectiononline/tiff/2025.38,2026-05-29 09:15:57.795000
CMA:2025.39,2025.39,2025.39,,679040,object,,1,Happy Birds in a Spring Garden,春苑喜鳥圖,"China, Qing dynasty (1644–1911), Qianlong reign (1736–95)",1736–95,Print,Polychrome woodblock print; ink and color on paper,"(Christer von der Burg, sold to the Cleveland Museum of Art) (?–2025); The Cleveland Museum of Art, Cleveland, OH (2025–)",sold,CC0,https://clevelandart.org/art/2025.39,,,,0,0,0,1,1,https://openaccess-api.clevelandart.org/api/collectiononline/jpeg_and_caption/2025.39,https://openaccess-api.clevelandart.org/api/collectiononline/tiff/2025.39,2026-05-29 09:15:58.028000
CMA:2025.40,2025.40,2025.40,,679051,object,,1,The God of War,關羽,"China, Qing dynasty (1644–1911), Kangxi reign (1622–1722) to Yongzheng reign (1723–35)",1662–1735,Print,Polychrome woodblock print; ink and color on paper,"(Christer von der Burg, sold to the Cleveland Museum of Art) (?–2025); The Cleveland Museum of Art, Cleveland, OH (2025–)",sold,CC0,https://clevelandart.org/art/2025.40,,,,0,0,0,1,1,https://openaccess-api.clevelandart.org/api/collectiononline/jpeg_and_caption/2025.40,https://openaccess-api.clevelandart.org/api/collectiononline/tiff/2025.40,2026-05-29 09:15:58.112000
CMA:2025.41,2025.41,2025.41,,679056,object,,1,Zhang Xian Shoots the Heavenly Dog,張仙射天狗,"China, Qing dynasty (1644–1911), Qianlong reign (1736–95)",1736–95,Print,Polychrome woodblock print; ink and color on paper,"(Christer von der Burg, sold to the Cleveland Museum of Art) (?–2025); The Cleveland Museum of Art, Cleveland, OH (2025–)",sold,CC0,https://clevelandart.org/art/2025.41,,,,0,0,0,1,1,https://openaccess-api.clevelandart.org/api/collectiononline/jpeg_and_caption/2025.41,https://openaccess-api.clevelandart.org/api/collectiononline/tiff/2025.41,2026-05-29 09:15:59.388000
CMA:2025.42,2025.42,2025.42,,679053,object,,1,Lady watching a swallow,,"China, Qing dynasty (1644–1911), Qianlong reign (1736–95)",1736–95,Print,Hanging scroll; multicolor woodblock print on paper,"(Christer von der Burg, sold to the Cleveland Museum of Art) (?–2025); The Cleveland Museum of Art, Cleveland, OH (2025–)",sold,CC0,https://clevelandart.org/art/2025.42,https://openaccess-cdn.clevelandart.org/2025.42/2025.42_web.jpg,https://openaccess-cdn.clevelandart.org/2025.42/2025.42_print.jpg,https://openaccess-cdn.clevelandart.org/2025.42/2025.42_full.tif,1,1,1,1,1,https://openaccess-api.clevelandart.org/api/collectiononline/jpeg_and_caption/2025.42,https://openaccess-api.clevelandart.org/api/collectiononline/tiff/2025.42,2026-08-13 11:44:38.247000
CMA:2025.43,2025.43,2025.43,,679054,object,,1,Lady with water basin,,"China, Qing dynasty (1644–1911), Qianlong reign (1736–95)",1736–95,Print,Hanging scroll; multicolor woodblock print on paper,"(Christer von der Burg, sold to the Cleveland Museum of Art) (?–2025); The Cleveland Museum of Art, Cleveland, OH (2025–)",sold,CC0,https://clevelandart.org/art/2025.43,https://openaccess-cdn.clevelandart.org/2025.43/2025.43_web.jpg,https://openaccess-cdn.clevelandart.org/2025.43/2025.43_print.jpg,https://openaccess-cdn.clevelandart.org/2025.43/2025.43_full.tif,1,1,1,1,1,https://openaccess-api.clevelandart.org/api/collectiononline/jpeg_and_caption/2025.43,https://openaccess-api.clevelandart.org/api/collectiononline/tiff/2025.43,2026-08-13 11:44:38.256000
CMA:2025.44,2025.44,2025.44,,679052,object,,1,Zhang Xian Shoots the Heavenly Dog,張仙射天狗,"China, Qing dynasty (1644–1911), Daoguang reign (1821–50)",1821–50,Print,Polychrome woodblock print; ink and color on paper,"(Christer von der Burg, sold to the Cleveland Museum of Art) (?–2025); The Cleveland Museum of Art, Cleveland, OH (2025–)",sold,CC0,https://clevelandart.org/art/2025.44,https://openaccess-cdn.clevelandart.org/2025.44/2025.44_web.jpg,https://openaccess-cdn.clevelandart.org/2025.44/2025.44_print.jpg,https://openaccess-cdn.clevelandart.org/2025.44/2025.44_full.tif,1,1,1,1,1,https://openaccess-api.clevelandart.org/api/collectiononline/jpeg_and_caption/2025.44,https://openaccess-api.clevelandart.org/api/collectiononline/tiff/2025.44,2026-05-29 09:15:58.644000
CMA:2025.45,2025.45,2025.45,,679059,object,,1,The God of War,關羽,China,1950s,Print,Polychrome woodblock print; ink and color on paper,"(Christer von der Burg, sold to the Cleveland Museum of Art) (?–2025); The Cleveland Museum of Art, Cleveland, OH (2025–)",sold,Copyrighted,https://clevelandart.org/art/2025.45,,,,0,0,0,1,1,https://openaccess-api.clevelandart.org/api/collectiononline/jpeg_and_caption/2025.45,https://openaccess-api.clevelandart.org/api/collectiononline/tiff/2025.45,2026-05-01 06:55:33.660000
CMA:2025.46,2025.46,2025.46,,679060,object,,1,Gusu Beauties of the Four Seasons – Summer,四季姑蘇美人圖 - 夏,"Southeast China, Suzhou Qing dynasty (1644–1911), Qianlong period (1736–95)",1736–95,Print,"Multicolor woodblock print; ink and color on paper, framed","(Christer von der Burg, sold to the Cleveland Museum of Art) (?–2025); The Cleveland Museum of Art, Cleveland, OH (2025–)",sold,CC0,https://clevelandart.org/art/2025.46,https://openaccess-cdn.clevelandart.org/2025.46/2025.46_web.jpg,https://openaccess-cdn.clevelandart.org/2025.46/2025.46_print.jpg,https://openaccess-cdn.clevelandart.org/2025.46/2025.46_full.tif,1,1,1,1,1,https://openaccess-api.clevelandart.org/api/collectiononline/jpeg_and_caption/2025.46,https://openaccess-api.clevelandart.org/api/collectiononline/tiff/2025.46,2026-08-15 11:17:58.699000
CMA:2025.47,2025.47,2025.47,,679065,object,,1,Gusu Beauty – Mother and Son in a Summer Pavilion,姑蘇美人 – 夏日亭畔母子圖,"Southeast China, Suzhou Qing dynasty (1644–1911), Qianlong period (1736–95)",1736–95,Print,Polychrome woodblock print; ink and color on paper,"(Christer von der Burg, sold to the Cleveland Museum of Art) (?–2025); The Cleveland Museum of Art, Cleveland, OH (2025–)",sold,CC0,https://clevelandart.org/art/2025.47,https://openaccess-cdn.clevelandart.org/2025.47/2025.47_web.jpg,https://openaccess-cdn.clevelandart.org/2025.47/2025.47_print.jpg,https://openaccess-cdn.clevelandart.org/2025.47/2025.47_full.tif,1,1,1,1,1,https://openaccess-api.clevelandart.org/api/collectiononline/jpeg_and_caption/2025.47,https://openaccess-api.clevelandart.org/api/collectiononline/tiff/2025.47,2026-08-15 11:17:58.748000
CMA:2025.48,2025.48,2025.48,,679061,object,,1,Gusu Beauties of the Four Seasons—Spring,四季姑蘇美人圖 – 春,"Southeast China, Suzhou Qing dynasty (1644–1911), Qianlong period (1736–95)",1736–95,Print,Multicolor woodblock print; ink and color on paper,"(Christer von der Burg, sold to the Cleveland Museum of Art) (?–2025); The Cleveland Museum of Art, Cleveland, OH (2025–)",sold,CC0,https://clevelandart.org/art/2025.48,https://openaccess-cdn.clevelandart.org/2025.48/2025.48_web.jpg,https://openaccess-cdn.clevelandart.org/2025.48/2025.48_print.jpg,https://openaccess-cdn.clevelandart.org/2025.48/2025.48_full.tif,1,1,1,1,1,https://openaccess-api.clevelandart.org/api/collectiononline/jpeg_and_caption/2025.48,https://openaccess-api.clevelandart.org/api/collectiononline/tiff/2025.48,2026-08-15 11:17:58.710000
CMA:2025.49,2025.49,2025.49,,679062,object,,1,Gusu Beauty – Winter,姑蘇美人 – 冬,"Southeast China, Suzhou Qing dynasty (1644–1911), Qianlong period (1736–95)",1736–95,Print,Multicolor woodblock print; ink and color on paper,"(Christer von der Burg, sold to the Cleveland Museum of Art) (?–2025); The Cleveland Museum of Art, Cleveland, OH (2025–)",sold,CC0,https://clevelandart.org/art/2025.49,https://openaccess-cdn.clevelandart.org/2025.49/2025.49_web.jpg,https://openaccess-cdn.clevelandart.org/2025.49/2025.49_print.jpg,https://openaccess-cdn.clevelandart.org/2025.49/2025.49_full.tif,1,1,1,1,1,https://openaccess-api.clevelandart.org/api/collectiononline/jpeg_and_caption/2025.49,https://openaccess-api.clevelandart.org/api/collectiononline/tiff/2025.49,2026-08-15 11:17:58.721000
CMA:2025.50,2025.50,2025.50,,679063,object,,1,Gusu Beauties of the Four Seasons – Autumn,四季姑蘇美人圖 – 秋,"Southeast China, Suzhou Qing dynasty (1644–1911), Qianlong period (1736–95)",1736–95,Print,Multicolor woodblock print; ink and color on paper,"(Christer von der Burg, sold to the Cleveland Museum of Art) (?–2025); The Cleveland Museum of Art, Cleveland, OH (2025–)",sold,CC0,https://clevelandart.org/art/2025.50,,,,0,0,0,1,1,https://openaccess-api.clevelandart.org/api/collectiononline/jpeg_and_caption/2025.50,https://openaccess-api.clevelandart.org/api/collectiononline/tiff/2025.50,2026-08-15 11:17:58.730000
CMA:2025.51,2025.51,2025.51,,679064,object,,1,Gusu Beauties of the Four Seasons – Winter,四季姑蘇美人圖 – 冬,"Southeast China, Suzhou Qing dynasty (1644–1911), Qianlong period (1736–95)",1736–95,Print,Multicolor woodblock print; ink and color on paper,"(Christer von der Burg, sold to the Cleveland Museum of Art) (?–2025); The Cleveland Museum of Art, Cleveland, OH (2025–)",sold,CC0,https://clevelandart.org/art/2025.51,,,,0,0,0,1,1,https://openaccess-api.clevelandart.org/api/collectiononline/jpeg_and_caption/2025.51,https://openaccess-api.clevelandart.org/api/collectiononline/tiff/2025.51,2026-08-15 11:17:58.739000
CMA:2025.52,2025.52,2025.52,,398760,object,,1,Beautiful Scenery of Putuoshan on the Southern Sea,南海普陀⼭勝景,"China, Qing dynasty (1644–1911), Qianlong reign (1736–95)",1700s,Print,Printed in two shades of black and colored by hand,"(Christer von der Burg, sold to the Cleveland Museum of Art) (?–2025); The Cleveland Museum of Art, Cleveland, OH (2025–)",sold,CC0,https://clevelandart.org/art/2025.52,,,,0,0,0,1,1,https://openaccess-api.clevelandart.org/api/collectiononline/jpeg_and_caption/2025.52,https://openaccess-api.clevelandart.org/api/collectiononline/tiff/2025.52,2026-08-13 11:44:38.071000
CMA:2025.53,2025.53,2025.53,,679081,object,,1,Scenic View of Suzhou,姑蘇勝景,"Southeast China, Suzhou, Qing dynasty (1644–1911), Qianlong reign (1736–95)",1736–95,Print,Hanging scroll; multicolor woodblock print; ink and color on paper,"(Christer von der Burg, sold to the Cleveland Museum of Art) (?–2025); The Cleveland Museum of Art, Cleveland, OH (2025–)",sold,CC0,https://clevelandart.org/art/2025.53,https://openaccess-cdn.clevelandart.org/2025.53/2025.53_web.jpg,https://openaccess-cdn.clevelandart.org/2025.53/2025.53_print.jpg,https://openaccess-cdn.clevelandart.org/2025.53/2025.53_full.tif,1,1,1,1,1,https://openaccess-api.clevelandart.org/api/collectiononline/jpeg_and_caption/2025.53,https://openaccess-api.clevelandart.org/api/collectiononline/tiff/2025.53,2026-08-13 11:44:38.309000
CMA:2025.54,2025.54,2025.54,,679082,object,,1,Li Taibai Reading,李太⽩讀書圖,"China, Qing dynasty (1644–1911), Qianlong reign (1736–95)",1736–95,Print,Hanging scroll; polychrome woodblock print; ink and color on paper,"(Christer von der Burg, sold to the Cleveland Museum of Art) (?–2025); The Cleveland Museum of Art, Cleveland, OH (2025–)",sold,CC0,https://clevelandart.org/art/2025.54,,,,0,0,0,1,1,https://openaccess-api.clevelandart.org/api/collectiononline/jpeg_and_caption/2025.54,https://openaccess-api.clevelandart.org/api/collectiononline/tiff/2025.54,2026-07-22 11:09:14.192000
CMA:2025.55,2025.55,2025.55,,679083,object,,1,"Fisherman, Woodcutter, Farmer, and Scholar",漁樵耕讀,"China, Qing dynasty (1644–1911), Qianlong reign (1736–95)",1736–95,Print,Hanging scroll; woodblock print; ink on paper,"(Christer von der Burg, sold to the Cleveland Museum of Art) (?–2025); The Cleveland Museum of Art, Cleveland, OH (2025–)",sold,CC0,https://clevelandart.org/art/2025.55,,,,0,0,0,1,1,https://openaccess-api.clevelandart.org/api/collectiononline/jpeg_and_caption/2025.55,https://openaccess-api.clevelandart.org/api/collectiononline/tiff/2025.55,2026-06-26 11:50:57.530000
CMA:2025.56,2025.56,2025.56,,679084,object,,1,The Herd Boy and the Weaving Maiden,牛郎織女,"China, Qing dynasty (1644–1911), Qianlong period (1736–95)",1736–95,Print,Hanging scroll; polychrome woodblock print; ink and color on paper,"(Christer von der Burg, sold to the Cleveland Museum of Art) (?–2025); The Cleveland Museum of Art, Cleveland, OH (2025–)",sold,CC0,https://clevelandart.org/art/2025.56,,,,0,0,0,1,1,https://openaccess-api.clevelandart.org/api/collectiononline/jpeg_and_caption/2025.56,https://openaccess-api.clevelandart.org/api/collectiononline/tiff/2025.56,2026-08-03 14:26:47.948000
CMA:2025.57,2025.57,2025.57,,679085,object,,1,Two Beauties Inspect a Golden Lotus,雙美觀金蓮,"China, Qing dynasty (1644–1911), Qianlong period (1736–95)",1736–95,Print,Hanging scroll; polychrome woodblock print; ink and color on paper,"(Christer von der Burg, sold to the Cleveland Museum of Art) (?–2025); The Cleveland Museum of Art, Cleveland, OH (2025–)",sold,CC0,https://clevelandart.org/art/2025.57,https://openaccess-cdn.clevelandart.org/2025.57/2025.57_web.jpg,https://openaccess-cdn.clevelandart.org/2025.57/2025.57_print.jpg,https://openaccess-cdn.clevelandart.org/2025.57/2025.57_full.tif,1,1,1,1,1,https://openaccess-api.clevelandart.org/api/collectiononline/jpeg_and_caption/2025.57,https://openaccess-api.clevelandart.org/api/collectiononline/tiff/2025.57,2026-08-03 14:26:48.476000
CMA:2025.58,2025.58,2025.58,,679086,object,,1,Boys Playing,嬰戲圖,"China, Qing dynasty (1644–1911), Qianlong period (1736–95)",1736–95,Print,Hanging scroll; polychrome woodblock print; ink and color on paper,"(Christer von der Burg, sold to the Cleveland Museum of Art) (?–2025); The Cleveland Museum of Art, Cleveland, OH (2025–)",sold,CC0,https://clevelandart.org/art/2025.58,,,,0,0,0,1,1,https://openaccess-api.clevelandart.org/api/collectiononline/jpeg_and_caption/2025.58,https://openaccess-api.clevelandart.org/api/collectiononline/tiff/2025.58,2026-08-03 14:26:50.356000
CMA:2025.59,2025.59,2025.59,,679087,object,,1,Boy Bringing Wealth,招財童子,"China, Qing dynasty (1644–1911), Qianlong period (1736–95)",1736–95,Print,Polychrome woodblock print; ink and color on paper,"(Christer von der Burg, sold to the Cleveland Museum of Art) (?–2025); The Cleveland Museum of Art, Cleveland, OH (2025–)",sold,CC0,https://clevelandart.org/art/2025.59,,,,0,0,0,1,1,https://openaccess-api.clevelandart.org/api/collectiononline/jpeg_and_caption/2025.59,https://openaccess-api.clevelandart.org/api/collectiononline/tiff/2025.59,2026-05-29 09:16:01.760000
CMA:2025.60,2025.60,2025.60,,679088,object,,1,"Picture of a Cat, a Bird, and a Crabapple",海棠綬帶富貴圖,"Southeast China, Suzhou, Qing dynasty (1644–1911), Kangxi reign (1662–1722) to Yongzheng reign (1723–35)",1662–1735,Print,Multicolor woodblock print; ink and color on paper,"(Christer von der Burg, sold to the Cleveland Museum of Art) (?–2025); The Cleveland Museum of Art, Cleveland, OH (2025–)",sold,CC0,https://clevelandart.org/art/2025.60,https://openaccess-cdn.clevelandart.org/2025.60/2025.60_web.jpg,https://openaccess-cdn.clevelandart.org/2025.60/2025.60_print.jpg,https://openaccess-cdn.clevelandart.org/2025.60/2025.60_full.tif,1,1,1,1,1,https://openaccess-api.clevelandart.org/api/collectiononline/jpeg_and_caption/2025.60,https://openaccess-api.clevelandart.org/api/collectiononline/tiff/2025.60,2026-08-15 11:17:58.758000
CMA:2025.61,2025.61,2025.61,,679089,object,,1,"Scenic Spots of Jiangtian Temple on Jinshan, Built by Imperial Command",勅建金山江天寺勝境,"China, Qing dynasty (1644–1911), Kangxi reign (1622–1722)",1662–1722,Print,Polychrome woodblock print; ink and color on paper,"(Christer von der Burg, sold to the Cleveland Museum of Art) (?–2025); The Cleveland Museum of Art, Cleveland, OH (2025–)",sold,CC0,https://clevelandart.org/art/2025.61,https://openaccess-cdn.clevelandart.org/2025.61/2025.61_web.jpg,https://openaccess-cdn.clevelandart.org/2025.61/2025.61_print.jpg,https://openaccess-cdn.clevelandart.org/2025.61/2025.61_full.tif,1,1,1,1,1,https://openaccess-api.clevelandart.org/api/collectiononline/jpeg_and_caption/2025.61,https://openaccess-api.clevelandart.org/api/collectiononline/tiff/2025.61,2026-08-03 14:26:50.833000
CMA:2025.62,2025.62,2025.62,,679092,object,,1,Satirical Prints of Suzhou Customs,蘇州風俗諷刺畫,"China, Qing dynasty (1644–1911), Qianlong reign (1736–95)",1760,Print,Woodblock print; ink on paper,"(Christer von der Burg, sold to the Cleveland Museum of Art) (?–2025); The Cleveland Museum of Art, Cleveland, OH (2025–)",sold,CC0,https://clevelandart.org/art/2025.62,,,,0,0,0,1,1,https://openaccess-api.clevelandart.org/api/collectiononline/jpeg_and_caption/2025.62,https://openaccess-api.clevelandart.org/api/collectiononline/tiff/2025.62,2026-05-29 09:16:02.279000
CMA:2025.63,2025.63,2025.63,,679090,object,,1,Satirical Prints of Suzhou Customs,蘇州風俗諷刺畫,"China, Qing dynasty (1644–1911), Qianlong reign (1736–95)",1760,Print,Woodblock print; ink on paper,"(Christer von der Burg, sold to the Cleveland Museum of Art) (?–2025); The Cleveland Museum of Art, Cleveland, OH (2025–)",sold,CC0,https://clevelandart.org/art/2025.63,,,,0,0,0,1,1,https://openaccess-api.clevelandart.org/api/collectiononline/jpeg_and_caption/2025.63,https://openaccess-api.clevelandart.org/api/collectiononline/tiff/2025.63,2026-05-29 09:16:02.087000
CMA:2025.64,2025.64,2025.64,,679091,object,,1,Satirical Prints of Suzhou Customs,蘇州風俗諷刺畫,"China, Qing dynasty (1644–1911), Qianlong reign (1736–95)",1760,Print,Woodblock print; ink on paper,"(Christer von der Burg, sold to the Cleveland Museum of Art) (?–2025); The Cleveland Museum of Art, Cleveland, OH (2025–)",sold,CC0,https://clevelandart.org/art/2025.64,,,,0,0,0,1,1,https://openaccess-api.clevelandart.org/api/collectiononline/jpeg_and_caption/2025.64,https://openaccess-api.clevelandart.org/api/collectiononline/tiff/2025.64,2026-05-29 09:16:02.188000
CMA:2025.65,2025.65,2025.65,,679093,object,,1,A Fisherman's Daughter,漁家女,"China, Qing dynasty (1644–1911), Qianlong reign (1736–95)",1736–95,Print,Polychrome woodblock print; ink and color on paper,"(Christer von der Burg, sold to the Cleveland Museum of Art) (?–2025); The Cleveland Museum of Art, Cleveland, OH (2025–)",sold,CC0,https://clevelandart.org/art/2025.65,,,,0,0,0,1,1,https://openaccess-api.clevelandart.org/api/collectiononline/jpeg_and_caption/2025.65,https://openaccess-api.clevelandart.org/api/collectiononline/tiff/2025.65,2026-05-29 09:16:02.443000
CMA:2025.66,2025.66,2025.66,,679094,object,,1,Story of the Western Chamber – The Delivery of the Love Letter,西廂記 – 寄簡傳情,"China, Qing dynasty (1644–1911), Qianlong reign (1736–95)",1736–95,Print,Polychrome woodblock print; ink and color on paper,"(Christer von der Burg, sold to the Cleveland Museum of Art) (?–2025); The Cleveland Museum of Art, Cleveland, OH (2025–)",sold,CC0,https://clevelandart.org/art/2025.66,,,,0,0,0,1,1,https://openaccess-api.clevelandart.org/api/collectiononline/jpeg_and_caption/2025.66,https://openaccess-api.clevelandart.org/api/collectiononline/tiff/2025.66,2026-05-29 09:16:02.806000
CMA:2025.67,2025.67,2025.67,,679095,object,,1,Destined to Succeed in the Examinations,必定中舉圖,"China, Qing dynasty (1644–1911), Qianlong reign (1736–95)",1736–95,Print,Polychrome woodblock print; ink and color on paper,"(Christer von der Burg, sold to the Cleveland Museum of Art) (?–2025); The Cleveland Museum of Art, Cleveland, OH (2025–)",sold,CC0,https://clevelandart.org/art/2025.67,,,,0,0,0,1,1,https://openaccess-api.clevelandart.org/api/collectiononline/jpeg_and_caption/2025.67,https://openaccess-api.clevelandart.org/api/collectiononline/tiff/2025.67,2026-05-29 09:16:02.888000
CMA:2025.68,2025.68,2025.68,,679096,object,,1,Print in Western Style with Western Text,丁氏仿泰西筆意墨線版畫,"Southeast China, Suzhou, Qing dynasty (1644–1911), Kangxi reign (1662–1722) to Yongzheng reign (1723–35)",1662–1735,Print,Woodblock print; ink on paper,"(Christer von der Burg, sold to the Cleveland Museum of Art) (?–2025); The Cleveland Museum of Art, Cleveland, OH (2025–)",sold,CC0,https://clevelandart.org/art/2025.68,,,,0,0,0,1,1,https://openaccess-api.clevelandart.org/api/collectiononline/jpeg_and_caption/2025.68,https://openaccess-api.clevelandart.org/api/collectiononline/tiff/2025.68,2026-08-15 11:17:58.771000
CMA:2025.69,2025.69,2025.69,,679097,object,,1,Distinguishing Good from Evil,善惡分明,"China, Qing dynasty (1644–1911), Jiaqing period (1796–1820)",1796–1820,Print,Polychrome woodblock print; ink and color on paper,"(Christer von der Burg, sold to the Cleveland Museum of Art) (?–2025); The Cleveland Museum of Art, Cleveland, OH (2025–)",sold,CC0,https://clevelandart.org/art/2025.69,,,,0,0,0,1,1,https://openaccess-api.clevelandart.org/api/collectiononline/jpeg_and_caption/2025.69,https://openaccess-api.clevelandart.org/api/collectiononline/tiff/2025.69,2026-05-29 09:16:03.078000
CMA:2025.70,2025.70,2025.70,,679098,object,,1,Scenes from First Part of Campaign to the East,征東前本,"China, Qing dynasty (1644–1911), Jiaqing period (1796–1820)",1796–1820,Print,Polychrome woodblock print; ink and color on paper,"(Christer von der Burg, sold to the Cleveland Museum of Art) (?–2025); The Cleveland Museum of Art, Cleveland, OH (2025–)",sold,CC0,https://clevelandart.org/art/2025.70,,,,0,0,0,1,1,https://openaccess-api.clevelandart.org/api/collectiononline/jpeg_and_caption/2025.70,https://openaccess-api.clevelandart.org/api/collectiononline/tiff/2025.70,2026-05-29 09:16:03.486000
CMA:2025.71,2025.71,2025.71,,679099,object,,1,A Newly-Cut Print: Scenes from the Second Part of Record of the Three Kingdoms,新刻三國誌後傳,"China, Qing dynasty (1644–1911), Jiaqing period (1796–1820)",1796–1820,Print,Polychrome woodblock print; ink and color on paper,"(Christer von der Burg, sold to the Cleveland Museum of Art) (?–2025); The Cleveland Museum of Art, Cleveland, OH (2025–)",sold,CC0,https://clevelandart.org/art/2025.71,,,,0,0,0,1,1,https://openaccess-api.clevelandart.org/api/collectiononline/jpeg_and_caption/2025.71,https://openaccess-api.clevelandart.org/api/collectiononline/tiff/2025.71,2026-05-29 09:16:03.741000
CMA:2025.72,2025.72,2025.72,,679100,object,,1,A Newly-Cut Print of Illustrations from The Classic of Mountains and Seas,新刻山海經全圖,"China, Qing dynasty (1644–1911), Jiaqing period (1796–1820)",1796–1820,Print,Polychrome woodblock print; ink and color on paper,"(Christer von der Burg, sold to the Cleveland Museum of Art) (?–2025); The Cleveland Museum of Art, Cleveland, OH (2025–)",sold,CC0,https://clevelandart.org/art/2025.72,https://openaccess-cdn.clevelandart.org/2025.72/2025.72_web.jpg,https://openaccess-cdn.clevelandart.org/2025.72/2025.72_print.jpg,https://openaccess-cdn.clevelandart.org/2025.72/2025.72_full.tif,1,1,1,1,1,https://openaccess-api.clevelandart.org/api/collectiononline/jpeg_and_caption/2025.72,https://openaccess-api.clevelandart.org/api/collectiononline/tiff/2025.72,2026-05-29 09:16:04.365000
CMA:2025.73,2025.73,2025.73,,679101,object,,1,A Newly Cut Print: Scenes from the First Part of Outlaws of the Marsh,新刻前水滸,"China, Qing dynasty (1644–1911), Jiaqing period (1796–1820)",1796–1820,Print,Polychrome woodblock print; ink and color on paper,"(Christer von der Burg, sold to the Cleveland Museum of Art) (?–2025); The Cleveland Museum of Art, Cleveland, OH (2025–)",sold,CC0,https://clevelandart.org/art/2025.73,https://openaccess-cdn.clevelandart.org/2025.73/2025.73_web.jpg,https://openaccess-cdn.clevelandart.org/2025.73/2025.73_print.jpg,https://openaccess-cdn.clevelandart.org/2025.73/2025.73_full.tif,1,1,1,1,1,https://openaccess-api.clevelandart.org/api/collectiononline/jpeg_and_caption/2025.73,https://openaccess-api.clevelandart.org/api/collectiononline/tiff/2025.73,2026-05-29 09:16:04.392000
CMA:2025.74,2025.74,2025.74,,679102,object,,1,The Spring Ox,春牛圖,"China, Qing dynasty (1644–1911), Guangxu period (1875–1905)",1882,Print,Polychrome woodblock print; ink and color on paper,"(Christer von der Burg, sold to the Cleveland Museum of Art) (?–2025); The Cleveland Museum of Art, Cleveland, OH (2025–)",sold,CC0,https://clevelandart.org/art/2025.74,,,,0,0,0,1,1,https://openaccess-api.clevelandart.org/api/collectiononline/jpeg_and_caption/2025.74,https://openaccess-api.clevelandart.org/api/collectiononline/tiff/2025.74,2026-05-29 09:16:04.118000
CMA:2025.75,2025.75,2025.75,,679103,object,,1,Illustrations of the Sui and Tang Dynasties,隋唐綉像,"China, Qing dynasty (1644–1911), Qianlong period (1736–95)",1736–95,Print,Woodblock print; ink on paper,"(Christer von der Burg, sold to the Cleveland Museum of Art) (?–2025); The Cleveland Museum of Art, Cleveland, OH (2025–)",sold,CC0,https://clevelandart.org/art/2025.75,,,,0,0,0,1,1,https://openaccess-api.clevelandart.org/api/collectiononline/jpeg_and_caption/2025.75,https://openaccess-api.clevelandart.org/api/collectiononline/tiff/2025.75,2026-05-29 09:16:04.461000
CMA:2025.76,2025.76,2025.76,,679104,object,,1,Li Wenzhong Clears the North,李文忠掃北,"China, Qing dynasty (1644–1911), Jiaqing period (1796–1820)",1796–1820,Print,Polychrome woodblock print; ink and color on paper,"(Christer von der Burg, sold to the Cleveland Museum of Art) (?–2025); The Cleveland Museum of Art, Cleveland, OH (2025–)",sold,CC0,https://clevelandart.org/art/2025.76,https://openaccess-cdn.clevelandart.org/2025.76/2025.76_web.jpg,https://openaccess-cdn.clevelandart.org/2025.76/2025.76_print.jpg,https://openaccess-cdn.clevelandart.org/2025.76/2025.76_full.tif,1,1,1,1,1,https://openaccess-api.clevelandart.org/api/collectiononline/jpeg_and_caption/2025.76,https://openaccess-api.clevelandart.org/api/collectiononline/tiff/2025.76,2026-05-29 09:16:04.704000
CMA:2025.77,2025.77,2025.77,,679105,object,,1,Four Concubines,四妃圖,"China, Qing dynasty (1644–1911), Qianlong reign (1736–95)",1736–95,Print,Polychrome woodblock print; ink and color on paper,"(Christer von der Burg, sold to the Cleveland Museum of Art) (?–2025); The Cleveland Museum of Art, Cleveland, OH (2025–)",sold,CC0,https://clevelandart.org/art/2025.77,,,,0,0,0,1,1,https://openaccess-api.clevelandart.org/api/collectiononline/jpeg_and_caption/2025.77,https://openaccess-api.clevelandart.org/api/collectiononline/tiff/2025.77,2026-06-26 11:50:57.549000
CMA:2025.78,2025.78,2025.78,,679106,object,,1,"Drinking Wine in Autumn, Chanting Poems in Winter",秋飲冬吟,"China, Qing dynasty (1644–1911), Qianlong reign (1736–95)",1736–95,Print,Hanging scroll; polychrome woodblock print; ink and color on paper,"(Christer von der Burg, sold to the Cleveland Museum of Art) (?–2025); The Cleveland Museum of Art, Cleveland, OH (2025–)",sold,CC0,https://clevelandart.org/art/2025.78,,,,0,0,0,1,1,https://openaccess-api.clevelandart.org/api/collectiononline/jpeg_and_caption/2025.78,https://openaccess-api.clevelandart.org/api/collectiononline/tiff/2025.78,2026-05-29 09:16:05.014000
CMA:2025.79,2025.79,2025.79,,679107,object,,1,The Spring Hunt,春蒐圖,"China, Qing dynasty (1644–1911), Kangxi reign (1622–1722) to Yongzheng reign (1723–35)",1662–1735,Print,Hanging scroll; polychrome woodblock print; ink and color on paper,"(Christer von der Burg, sold to the Cleveland Museum of Art) (?–2025); The Cleveland Museum of Art, Cleveland, OH (2025–)",sold,CC0,https://clevelandart.org/art/2025.79,,,,0,0,0,1,1,https://openaccess-api.clevelandart.org/api/collectiononline/jpeg_and_caption/2025.79,https://openaccess-api.clevelandart.org/api/collectiononline/tiff/2025.79,2026-06-26 11:50:57.555000
CMA:2025.80,2025.80,2025.80,,679108,object,,1,Wannian Bridge in Suzhou,姑蘇萬年橋,"China, Qing dynasty (1644–1911), Qianlong reign (1736–95)",1741,Print,Hanging scroll; polychrome woodblock print; ink and color on paper,"(Christer von der Burg, sold to the Cleveland Museum of Art) (?–2025); The Cleveland Museum of Art, Cleveland, OH (2025–)",sold,CC0,https://clevelandart.org/art/2025.80,,,,0,0,0,1,1,https://openaccess-api.clevelandart.org/api/collectiononline/jpeg_and_caption/2025.80,https://openaccess-api.clevelandart.org/api/collectiononline/tiff/2025.80,2026-07-22 11:09:14.214000
CMA:2025.81,2025.81,2025.81,,679109,object,,1,Great Celebrations in an Abundant Year,大慶豐年,"China, Qing dynasty (1644–1911), Qianlong reign (1736–95)",1736–95,Print,Hanging scroll; polychrome woodblock print; ink and color on paper,"(Christer von der Burg, sold to the Cleveland Museum of Art) (?–2025); The Cleveland Museum of Art, Cleveland, OH (2025–)",sold,CC0,https://clevelandart.org/art/2025.81,,,,0,0,0,1,1,https://openaccess-api.clevelandart.org/api/collectiononline/jpeg_and_caption/2025.81,https://openaccess-api.clevelandart.org/api/collectiononline/tiff/2025.81,2026-06-26 11:50:57.561000
CMA:2025.82.1,2025.82.1,2025.82,1,678436,component,2025.82,5,Westlake Panorama,西湖全景,"Southeast China, Suzhou, Qing dynasty (1644–1911), Qianlong reign (1736–95)",mid-1700s,Print,One of four wood-block prints; ink on paper; printed with three woodblocks in shades of black,"(Christer von der Burg, sold to the Cleveland Museum of Art) (?–2025); The Cleveland Museum of Art, Cleveland, OH (2025–)",sold,CC0,https://clevelandart.org/art/2025.82.1,https://openaccess-cdn.clevelandart.org/2025.82.1/2025.82.1_web.jpg,https://openaccess-cdn.clevelandart.org/2025.82.1/2025.82.1_print.jpg,https://openaccess-cdn.clevelandart.org/2025.82.1/2025.82.1_full.tif,1,1,1,1,1,https://openaccess-api.clevelandart.org/api/collectiononline/jpeg_and_caption/2025.82.1,https://openaccess-api.clevelandart.org/api/collectiononline/tiff/2025.82.1,2026-08-15 11:17:58.657000
CMA:2025.82.2,2025.82.2,2025.82,2,678437,component,2025.82,5,Westlake Panorama,西湖全景,"Southeast China, Suzhou, Qing dynasty (1644–1911), Qianlong reign (1736–95)",mid-1700s,Print,One of four woodblock prints; ink on paper; printed with three wood blocks in shades of black,"(Christer von der Burg, sold to the Cleveland Museum of Art) (?–2025); The Cleveland Museum of Art, Cleveland, OH (2025–)",sold,CC0,https://clevelandart.org/art/2025.82.2,https://openaccess-cdn.clevelandart.org/2025.82.2/2025.82.2_web.jpg,https://openaccess-cdn.clevelandart.org/2025.82.2/2025.82.2_print.jpg,https://openaccess-cdn.clevelandart.org/2025.82.2/2025.82.2_full.tif,1,1,1,1,1,https://openaccess-api.clevelandart.org/api/collectiononline/jpeg_and_caption/2025.82.2,https://openaccess-api.clevelandart.org/api/collectiononline/tiff/2025.82.2,2026-08-15 11:17:58.665000
CMA:2025.82.3,2025.82.3,2025.82,3,678438,component,2025.82,5,Westlake Panorama,西湖全景,"Southeast China, Suzhou, Qing dynasty (1644–1911), Qianlong reign (1736–95)",mid-1700s,Print,One of four wood-block prints; ink on paper; printed with three woodblocks in shades of black,"(Christer von der Burg, sold to the Cleveland Museum of Art) (?–2025); The Cleveland Museum of Art, Cleveland, OH (2025–)",sold,CC0,https://clevelandart.org/art/2025.82.3,https://openaccess-cdn.clevelandart.org/2025.82.3/2025.82.3_web.jpg,https://openaccess-cdn.clevelandart.org/2025.82.3/2025.82.3_print.jpg,https://openaccess-cdn.clevelandart.org/2025.82.3/2025.82.3_full.tif,1,1,1,1,1,https://openaccess-api.clevelandart.org/api/collectiononline/jpeg_and_caption/2025.82.3,https://openaccess-api.clevelandart.org/api/collectiononline/tiff/2025.82.3,2026-08-15 11:17:58.672000
CMA:2025.82.4,2025.82.4,2025.82,4,678440,component,2025.82,5,Westlake Panorama,西湖全景,"Southeast China, Suzhou, Qing dynasty (1644–1911), Qianlong reign (1736–95)",mid-1700s,Print,One of four wood-block prints; ink on paper; printed with three woodblocks in shades of black,"(Christer von der Burg, sold to the Cleveland Museum of Art) (?–2025); The Cleveland Museum of Art, Cleveland, OH (2025–)",sold,CC0,https://clevelandart.org/art/2025.82.4,https://openaccess-cdn.clevelandart.org/2025.82.4/2025.82.4_web.jpg,https://openaccess-cdn.clevelandart.org/2025.82.4/2025.82.4_print.jpg,https://openaccess-cdn.clevelandart.org/2025.82.4/2025.82.4_full.tif,1,1,1,1,1,https://openaccess-api.clevelandart.org/api/collectiononline/jpeg_and_caption/2025.82.4,https://openaccess-api.clevelandart.org/api/collectiononline/tiff/2025.82.4,2026-08-15 11:17:58.683000
CMA:2025.83,2025.83,2025.83,,679111,object,,1,Music in the Jade Palace,瓊宮樂奏圖,"Southeast China, Suzhou, Qing dynasty (1644–1911), Qianlong reign (1736–95)",1736–95,Print,Multicolor woodblock print on paper,"(Christer von der Burg, sold to the Cleveland Museum of Art) (?–2025); The Cleveland Museum of Art, Cleveland, OH (2025–)",sold,CC0,https://clevelandart.org/art/2025.83,https://openaccess-cdn.clevelandart.org/2025.83/2025.83_web.jpg,https://openaccess-cdn.clevelandart.org/2025.83/2025.83_print.jpg,https://openaccess-cdn.clevelandart.org/2025.83/2025.83_full.tif,1,1,1,1,1,https://openaccess-api.clevelandart.org/api/collectiononline/jpeg_and_caption/2025.83,https://openaccess-api.clevelandart.org/api/collectiononline/tiff/2025.83,2026-08-13 11:44:38.330000
CMA:2025.84,2025.84,2025.84,,679112,object,,1,Gathering Osmanthus,折桂圖,"Southeast China, Suzhou, Qing dynasty (1644–1911), Qianlong reign (1736–95)",1736–95,Print,Multicolor woodblock print on paper,"(Christer von der Burg, sold to the Cleveland Museum of Art) (?–2025); The Cleveland Museum of Art, Cleveland, OH (2025–)",sold,CC0,https://clevelandart.org/art/2025.84,https://openaccess-cdn.clevelandart.org/2025.84/2025.84_web.jpg,https://openaccess-cdn.clevelandart.org/2025.84/2025.84_print.jpg,https://openaccess-cdn.clevelandart.org/2025.84/2025.84_full.tif,1,1,1,1,1,https://openaccess-api.clevelandart.org/api/collectiononline/jpeg_and_caption/2025.84,https://openaccess-api.clevelandart.org/api/collectiononline/tiff/2025.84,2026-08-13 11:44:38.338000
CMA:2025.85,2025.85,2025.85,,679113,object,,1,Print of Xu Gate and the City Moat,胥門護城河畔圖,"Southeast China, Suzhou, Qing dynasty (1644–1911), Qianlong reign (1736–95)",1736–95,Print,Multicolor woodblock print; ink and color on paper,"(Christer von der Burg, sold to the Cleveland Museum of Art) (?–2025); The Cleveland Museum of Art, Cleveland, OH (2025–)",sold,CC0,https://clevelandart.org/art/2025.85,,,,0,0,0,1,1,https://openaccess-api.clevelandart.org/api/collectiononline/jpeg_and_caption/2025.85,https://openaccess-api.clevelandart.org/api/collectiononline/tiff/2025.85,2026-08-13 11:44:38.345000
CMA:2025.86,2025.86,2025.86,,679114,object,,1,Print of Xu Gate and the City Moat,胥門護城河畔圖,"Southeast China, Suzhou, Qing dynasty (1644–1911), Qianlong reign (1736–95)",1736–95,Print,Multicolor woodblock print; ink and color on paper,"(Christer von der Burg, sold to the Cleveland Museum of Art) (?–2025); The Cleveland Museum of Art, Cleveland, OH (2025–)",sold,CC0,https://clevelandart.org/art/2025.86,,,,0,0,0,1,1,https://openaccess-api.clevelandart.org/api/collectiononline/jpeg_and_caption/2025.86,https://openaccess-api.clevelandart.org/api/collectiononline/tiff/2025.86,2026-08-13 11:44:38.351000
CMA:2025.87,2025.87,2025.87,,679115,object,,1,"Touring in Spring, Enjoying Summer",春遊夏賞,"Southeast China, Suzhou, Qing dynasty (1644–1911), Qianlong reign (1736–95)",1736–95,Print,Multicolor woodblock print; two shades of ink on paper,"(Christer von der Burg, sold to the Cleveland Museum of Art) (?–2025); The Cleveland Museum of Art, Cleveland, OH (2025–)",sold,CC0,https://clevelandart.org/art/2025.87,https://openaccess-cdn.clevelandart.org/2025.87/2025.87_web.jpg,https://openaccess-cdn.clevelandart.org/2025.87/2025.87_print.jpg,https://openaccess-cdn.clevelandart.org/2025.87/2025.87_full.tif,1,1,1,1,1,https://openaccess-api.clevelandart.org/api/collectiononline/jpeg_and_caption/2025.87,https://openaccess-api.clevelandart.org/api/collectiononline/tiff/2025.87,2026-08-13 11:44:38.357000
CMA:2025.88,2025.88,2025.88,,679116,object,,1,First Part of Story of The Western Chamber,全本西廂記,"China, Qing dynasty (1644–1911), Qianlong reign (1736–95)",1736–95,Print,Polychrome woodblock print; ink and color on paper,"(Christer von der Burg, sold to the Cleveland Museum of Art) (?–2025); The Cleveland Museum of Art, Cleveland, OH (2025–)",sold,CC0,https://clevelandart.org/art/2025.88,https://openaccess-cdn.clevelandart.org/2025.88/2025.88_web.jpg,https://openaccess-cdn.clevelandart.org/2025.88/2025.88_print.jpg,https://openaccess-cdn.clevelandart.org/2025.88/2025.88_full.tif,1,1,1,1,1,https://openaccess-api.clevelandart.org/api/collectiononline/jpeg_and_caption/2025.88,https://openaccess-api.clevelandart.org/api/collectiononline/tiff/2025.88,2026-05-29 09:16:07.046000
CMA:2025.89,2025.89,2025.89,,679117,object,,1,Beauties with Orchids,美人蘭花圖,"China, Qing dynasty (1644–1911), Qianlong reign (1736–95)",1736–95,Print,Polychrome woodblock print; ink and color on paper,"(Christer von der Burg, sold to the Cleveland Museum of Art) (?–2025); The Cleveland Museum of Art, Cleveland, OH (2025–)",sold,CC0,https://clevelandart.org/art/2025.89,,,,0,0,0,1,1,https://openaccess-api.clevelandart.org/api/collectiononline/jpeg_and_caption/2025.89,https://openaccess-api.clevelandart.org/api/collectiononline/tiff/2025.89,2026-05-29 09:16:07.044000
CMA:2025.90,2025.90,2025.90,,679118,object,,1,Ladies Playing with a Baby,仕女戲嬰圖,"China, Qing dynasty (1644–1911), Qianlong reign (1736–95)",1736–95,Print,Polychrome woodblock print; ink and color on paper,"(Christer von der Burg, sold to the Cleveland Museum of Art) (?–2025); The Cleveland Museum of Art, Cleveland, OH (2025–)",sold,CC0,https://clevelandart.org/art/2025.90,,,,0,0,0,1,1,https://openaccess-api.clevelandart.org/api/collectiononline/jpeg_and_caption/2025.90,https://openaccess-api.clevelandart.org/api/collectiononline/tiff/2025.90,2026-05-29 09:16:07.184000
CMA:2025.91.a,2025.91.a,2025.91,a,679119,component,2025.91,3,Mu Yuying Smashes the Gate of Heaven Formation,穆御英大破天門陣,"Southeast China, Suzhou, Qing dynasty (1644–1911), Kangxi reign (1662–1722)",1662–1722,Print,Multicolor woodblock print; ink and color on paper,"(Christer von der Burg, sold to the Cleveland Museum of Art) (?–2025); The Cleveland Museum of Art, Cleveland, OH (2025–)",sold,CC0,https://clevelandart.org/art/2025.91.a,,,,0,0,0,1,1,https://openaccess-api.clevelandart.org/api/collectiononline/jpeg_and_caption/2025.91.a,https://openaccess-api.clevelandart.org/api/collectiononline/tiff/2025.91.a,2026-08-13 11:44:38.364000
CMA:2025.91.b,2025.91.b,2025.91,b,679120,component,2025.91,3,Happy Fisherfolk,漁家歡樂,"Southeast China, Suzhou, Qing dynasty (1644–1911), Kangxi reign (1662–1722)",1662–1722,Print,Multicolor woodblock print; ink and color on paper,"(Christer von der Burg, sold to the Cleveland Museum of Art) (?–2025); The Cleveland Museum of Art, Cleveland, OH (2025–)",sold,CC0,https://clevelandart.org/art/2025.91.b,,,,0,0,0,1,1,https://openaccess-api.clevelandart.org/api/collectiononline/jpeg_and_caption/2025.91.b,https://openaccess-api.clevelandart.org/api/collectiononline/tiff/2025.91.b,2026-08-13 11:44:38.370000
CMA:2025.92.a,2025.92.a,2025.92,a,679121,component,2025.92,4,Zhang Qian Chances upon Douniu Celestial Palace,張騫誤入斗牛宮,"China, Qing dynasty (1644–1911), Yongzheng reign (1723–35) to Qianlong reign (1736–95)",1723–95,Print,Polychrome woodblock print; ink and color on paper,"(Christer von der Burg, sold to the Cleveland Museum of Art) (?–2025); The Cleveland Museum of Art, Cleveland, OH (2025–)",sold,CC0,https://clevelandart.org/art/2025.92.a,,,,0,0,0,1,1,https://openaccess-api.clevelandart.org/api/collectiononline/jpeg_and_caption/2025.92.a,https://openaccess-api.clevelandart.org/api/collectiononline/tiff/2025.92.a,2026-05-29 09:16:07.484000
CMA:2025.92.b,2025.92.b,2025.92,b,679122,component,2025.92,4,The Twenty Four Paragons of Filial Piety,二十四孝,"China, Qing dynasty (1644–1911), Yongzheng reign (1723–35) to Qianlong reign (1736–95)",1723–95,Print,Polychrome woodblock print; ink and color on paper,"(Christer von der Burg, sold to the Cleveland Museum of Art) (?–2025); The Cleveland Museum of Art, Cleveland, OH (2025–)",sold,CC0,https://clevelandart.org/art/2025.92.b,,,,0,0,0,1,1,https://openaccess-api.clevelandart.org/api/collectiononline/jpeg_and_caption/2025.92.b,https://openaccess-api.clevelandart.org/api/collectiononline/tiff/2025.92.b,2026-05-29 09:16:08.131000
CMA:2025.92.c,2025.92.c,2025.92,c,679123,component,2025.92,4,A Scene of Early Spring,早春圖,"China, Qing dynasty (1644–1911), Kangxi reign (1622–1722) to Yongzheng reign (1723–35)",1662–1735,Print,Polychrome woodblock print; ink and color on paper,"(Christer von der Burg, sold to the Cleveland Museum of Art) (?–2025); The Cleveland Museum of Art, Cleveland, OH (2025–)",sold,CC0,https://clevelandart.org/art/2025.92.c,,,,0,0,0,1,1,https://openaccess-api.clevelandart.org/api/collectiononline/jpeg_and_caption/2025.92.c,https://openaccess-api.clevelandart.org/api/collectiononline/tiff/2025.92.c,2026-05-29 09:16:08.181000
CMA:2025.93,2025.93,2025.93,,679127,object,,1,Happy New Year,新春樂,"China, Qing dynasty (1644–1911), Kangxi reign (1622–1722)",1662–1722,Print,Polychrome woodblock print; ink and color on paper,"(Christer von der Burg, sold to the Cleveland Museum of Art) (?–2025); The Cleveland Museum of Art, Cleveland, OH (2025–)",sold,CC0,https://clevelandart.org/art/2025.93,https://openaccess-cdn.clevelandart.org/2025.93/2025.93_web.jpg,https://openaccess-cdn.clevelandart.org/2025.93/2025.93_print.jpg,https://openaccess-cdn.clevelandart.org/2025.93/2025.93_full.tif,1,1,1,1,1,https://openaccess-api.clevelandart.org/api/collectiononline/jpeg_and_caption/2025.93,https://openaccess-api.clevelandart.org/api/collectiononline/tiff/2025.93,2026-05-29 09:16:08.342000
CMA:2025.94,2025.94,2025.94,,679128,object,,1,"Wife, Wealth, Sons, and a Salary",妻財子禄,"China, Qing dynasty (1644–1911), Kangxi reign (1622–1722)",1662–1722,Print,Polychrome woodblock print; ink and color on paper,"(Christer von der Burg, sold to the Cleveland Museum of Art) (?–2025); The Cleveland Museum of Art, Cleveland, OH (2025–)",sold,CC0,https://clevelandart.org/art/2025.94,https://openaccess-cdn.clevelandart.org/2025.94/2025.94_web.jpg,https://openaccess-cdn.clevelandart.org/2025.94/2025.94_print.jpg,https://openaccess-cdn.clevelandart.org/2025.94/2025.94_full.tif,1,1,1,1,1,https://openaccess-api.clevelandart.org/api/collectiononline/jpeg_and_caption/2025.94,https://openaccess-api.clevelandart.org/api/collectiononline/tiff/2025.94,2026-05-29 09:16:08.374000
CMA:2025.95,2025.95,2025.95,,679264,object,,1,New Year's Day,歲朝圖,"China, Qing dynasty (1644–1911), Qianlong period (1736–95)",1736–95,Print,Hanging scroll; polychrome woodblock print; ink and color on paper,"(Christer von der Burg, sold to the Cleveland Museum of Art) (?–2025); The Cleveland Museum of Art, Cleveland, OH (2025)",sold,CC0,https://clevelandart.org/art/2025.95,,,,0,0,0,1,1,https://openaccess-api.clevelandart.org/api/collectiononline/jpeg_and_caption/2025.95,https://openaccess-api.clevelandart.org/api/collectiononline/tiff/2025.95,2026-05-29 09:16:08.982000
CMA:2025.96,2025.96,2025.96,,679265,object,,1,Story of the Western Chamber,⻄廂記,"China, Qing dynasty (1644–1911), Qianlong period (1736–95)",1736–95,Print,Hanging scroll; polychrome woodblock print; ink and color on paper,"(Christer von der Burg, sold to the Cleveland Museum of Art) (?–2025); The Cleveland Museum of Art, Cleveland, OH (2025–)",sold,CC0,https://clevelandart.org/art/2025.96,,,,0,0,0,1,1,https://openaccess-api.clevelandart.org/api/collectiononline/jpeg_and_caption/2025.96,https://openaccess-api.clevelandart.org/api/collectiononline/tiff/2025.96,2026-07-22 11:09:14.221000
CMA:2025.98,2025.98,2025.98,,679267,object,,1,Mother with Son Holding a Brush,母童執筆圖,"China, Qing dynasty (1644–1911), Qianlong period (1736–95)",1736–95,Print,Hanging scroll; polychrome woodblock print; ink and color on paper,"(Christer von der Burg, sold to the Cleveland Museum of Art) (?–2025); The Cleveland Museum of Art, Cleveland, OH (2025–)",sold,CC0,https://clevelandart.org/art/2025.98,,,,0,0,0,1,1,https://openaccess-api.clevelandart.org/api/collectiononline/jpeg_and_caption/2025.98,https://openaccess-api.clevelandart.org/api/collectiononline/tiff/2025.98,2026-07-22 11:09:14.229000
CMA:2025.99,2025.99,2025.99,,679268,object,,1,Fang Qing Collapses on the Snow and Encounters Bi Yunxian,方卿跌雪遇畢雲顯,"China, Qing dynasty (1644–1911), Jiaqing period (1796–1820)",1796–1820,Print,Polychrome woodblock print; ink and color on paper,"(Christer von der Burg, sold to the Cleveland Museum of Art) (?–2025); The Cleveland Museum of Art, Cleveland, OH (2025–)",sold,CC0,https://clevelandart.org/art/2025.99,,,,0,0,0,1,1,https://openaccess-api.clevelandart.org/api/collectiononline/jpeg_and_caption/2025.99,https://openaccess-api.clevelandart.org/api/collectiononline/tiff/2025.99,2026-05-29 09:16:09.628000
CMA:2025.100,2025.100,2025.100,,396870,object,,1,View of Changmen Gate in Suzhou,蘇州閶⾨景,"China, Suzhou, Qing dynasty (1644–1911)",1700s,Print,Hanging scroll; printed in two shades of black and red ink,"(Christer von der Burg, sold to the Cleveland Museum of Art) (?–2025); The Cleveland Museum of Art, Cleveland, OH (2025–)",sold,CC0,https://clevelandart.org/art/2025.100,,,,0,0,0,1,1,https://openaccess-api.clevelandart.org/api/collectiononline/jpeg_and_caption/2025.100,https://openaccess-api.clevelandart.org/api/collectiononline/tiff/2025.100,2026-08-13 11:44:38.054000
CMA:2025.101,2025.101,2025.101,,679269,object,,1,Long Guanbao from the Ballad Wuxiangqiu Performs Martial Arts on a Stage,武香球龍官寶打擂檯,"China, Qing dynasty (1644–1911), Qianlong period (1736–95)",1736–95,Print,Polychrome woodblock print; ink and color on paper,"(Christer von der Burg, sold to the Cleveland Museum of Art) (?–2025); The Cleveland Museum of Art, Cleveland, OH (2025–)",sold,CC0,https://clevelandart.org/art/2025.101,,,,0,0,0,1,1,https://openaccess-api.clevelandart.org/api/collectiononline/jpeg_and_caption/2025.101,https://openaccess-api.clevelandart.org/api/collectiononline/tiff/2025.101,2026-05-29 09:16:09.832000
CMA:2025.102,2025.102,2025.102,,679270,object,,1,Eight Immortals Honoring the God of Longevity,八仙上壽選仙圖,"China, Qing dynasty (1644–1911), Qianlong period (1736–95)",1736–95,Print,Woodblock print; ink on paper,"(Christer von der Burg, sold to the Cleveland Museum of Art) (?–2025); The Cleveland Museum of Art, Cleveland, OH (2025–)",sold,CC0,https://clevelandart.org/art/2025.102,,,,0,0,0,1,1,https://openaccess-api.clevelandart.org/api/collectiononline/jpeg_and_caption/2025.102,https://openaccess-api.clevelandart.org/api/collectiononline/tiff/2025.102,2026-05-29 09:16:09.912000
CMA:2025.103,2025.103,2025.103,,679271,object,,1,Eight Immortals and Twelve Zodiac Animals,八仙十二生肖圖,"China, Qing dynasty (1644–1911), Qianlong period (1736–95)",1736–95,Print,Woodblock print; ink on paper,"(Christer von der Burg, sold to the Cleveland Museum of Art) (?–2025); The Cleveland Museum of Art, Cleveland, OH (2025–)",sold,CC0,https://clevelandart.org/art/2025.103,,,,0,0,0,1,1,https://openaccess-api.clevelandart.org/api/collectiononline/jpeg_and_caption/2025.103,https://openaccess-api.clevelandart.org/api/collectiononline/tiff/2025.103,2026-06-24 11:19:27.204000
CMA:2025.104,2025.104,2025.104,,679272,object,,1,Dominoes,骨牌圖,"China, Qing dynasty (1644–1911), Qianlong period (1736–95)",1736–95,Print,Woodblock print; ink on paper,"(Christer von der Burg, sold to the Cleveland Museum of Art) (?–2025); The Cleveland Museum of Art, Cleveland, OH (2025–)",sold,CC0,https://clevelandart.org/art/2025.104,,,,0,0,0,1,1,https://openaccess-api.clevelandart.org/api/collectiononline/jpeg_and_caption/2025.104,https://openaccess-api.clevelandart.org/api/collectiononline/tiff/2025.104,2026-05-29 09:16:10.064000
CMA:2025.105,2025.105,2025.105,,679273,object,,1,Leifeng Pagoda Board Game,雷峰塔牌子,"China, Qing dynasty (1644–1911), Qianlong period (1736–95)",1736–95,Print,Woodblock print; ink on paper,"(Christer von der Burg, sold to the Cleveland Museum of Art) (?–2025); The Cleveland Museum of Art, Cleveland, OH (2025–)",sold,CC0,https://clevelandart.org/art/2025.105,,,,0,0,0,1,1,https://openaccess-api.clevelandart.org/api/collectiononline/jpeg_and_caption/2025.105,https://openaccess-api.clevelandart.org/api/collectiononline/tiff/2025.105,2026-05-29 09:16:10.650000
CMA:2025.106,2025.106,2025.106,,679345,object,,1,"Winter Basket: Narcissus, Camellia, and Wax Plum",冬藍：水仙、茶花、蠟梅,"China, Suzhou, Qing dynasty (1644–1911)",1700–1750,Print,Polychrome woodblock print; ink and color on paper,"(Christer von der Burg, sold to the Cleveland Museum of Art) (?–2025); The Cleveland Museum of Art, Cleveland, OH (2025–)",sold,CC0,https://clevelandart.org/art/2025.106,,,,0,0,0,1,1,https://openaccess-api.clevelandart.org/api/collectiononline/jpeg_and_caption/2025.106,https://openaccess-api.clevelandart.org/api/collectiononline/tiff/2025.106,2026-06-02 11:23:18.459000
CMA:2025.107,2025.107,2025.107,,679346,object,,1,"Spring Basket: Peony, White Magnolia, and Peach Blossom",春藍：牡丹、白玉蘭、桃花,"China, Suzhou, Qing dynasty (1644–1911)",1700–1750,Print,Polychrome woodblock print; ink and color on paper,"(Christer von der Burg, sold to the Cleveland Museum of Art) (?–2025); The Cleveland Museum of Art, Cleveland, OH (2025–)",sold,CC0,https://clevelandart.org/art/2025.107,,,,0,0,0,1,1,https://openaccess-api.clevelandart.org/api/collectiononline/jpeg_and_caption/2025.107,https://openaccess-api.clevelandart.org/api/collectiononline/tiff/2025.107,2026-06-02 11:23:18.466000
CMA:2025.108,2025.108,2025.108,,679347,object,,1,Bird on Pomegranate,石榴上的鳥兒,"Southeast China, Suzhou, Qing dynasty (1644–1911)",1700–1750,Print,Multicolor woodblock print; ink and color on paper,"(Christer von der Burg, sold to the Cleveland Museum of Art) (?–2025); The Cleveland Museum of Art, Cleveland, OH (2025–)",sold,CC0,https://clevelandart.org/art/2025.108,https://openaccess-cdn.clevelandart.org/2025.108/2025.108_web.jpg,https://openaccess-cdn.clevelandart.org/2025.108/2025.108_print.jpg,https://openaccess-cdn.clevelandart.org/2025.108/2025.108_full.tif,1,1,1,1,1,https://openaccess-api.clevelandart.org/api/collectiononline/jpeg_and_caption/2025.108,https://openaccess-api.clevelandart.org/api/collectiononline/tiff/2025.108,2026-08-15 11:17:58.785000
CMA:2025.109,2025.109,2025.109,,679348,object,,1,Waxbills,臘轉春回 - 蠟嘴鳥,"China, Suzhou, Qing dynasty (1644–1911)",1700–1750,Print,Polychrome woodblock print; ink and color on paper,"(Christer von der Burg, sold to the Cleveland Museum of Art) (?–2025); The Cleveland Museum of Art, Cleveland, OH (2025–)",sold,CC0,https://clevelandart.org/art/2025.109,,,,0,0,0,1,1,https://openaccess-api.clevelandart.org/api/collectiononline/jpeg_and_caption/2025.109,https://openaccess-api.clevelandart.org/api/collectiononline/tiff/2025.109,2026-06-02 11:23:18.478000
CMA:2025.110,2025.110,2025.110,,679352,object,,1,Birds on Plum Branches,,"Southeast China, Suzhou, Qing dynasty (1644–1911)",1700–1750,Print,Multicolor woodblock print; ink and color on paper,"(Christer von der Burg, sold to the Cleveland Museum of Art) (?–2025); The Cleveland Museum of Art, Cleveland, OH (2025–)",sold,CC0,https://clevelandart.org/art/2025.110,,,,0,0,0,1,1,https://openaccess-api.clevelandart.org/api/collectiononline/jpeg_and_caption/2025.110,https://openaccess-api.clevelandart.org/api/collectiononline/tiff/2025.110,2026-08-15 11:17:58.797000
CMA:2025.111,2025.111,2025.111,,679353,object,,1,Sleeping Birds,月下樹上小鳥,"Southeast China, Suzhou, Qing dynasty (1644–1911)",1700–1750,Print,Multicolor woodblock print; ink and five colors on paper,"(Christer von der Burg, sold to the Cleveland Museum of Art) (?–2025); The Cleveland Museum of Art, Cleveland, OH (2025–)",sold,CC0,https://clevelandart.org/art/2025.111,,,,0,0,0,1,1,https://openaccess-api.clevelandart.org/api/collectiononline/jpeg_and_caption/2025.111,https://openaccess-api.clevelandart.org/api/collectiononline/tiff/2025.111,2026-08-15 11:17:58.811000
CMA:2025.112,2025.112,2025.112,,679354,object,,1,Butterflies on Roses,玫瑰與蝴蝶,"China, Suzhou, Qing dynasty (1644–1911)",1700–1750,Print,Polychrome woodblock print; ink and color on paper,"(Christer von der Burg, sold to the Cleveland Museum of Art) (?–2025); The Cleveland Museum of Art, Cleveland, OH (2025–)",sold,CC0,https://clevelandart.org/art/2025.112,,,,0,0,0,1,1,https://openaccess-api.clevelandart.org/api/collectiononline/jpeg_and_caption/2025.112,https://openaccess-api.clevelandart.org/api/collectiononline/tiff/2025.112,2026-06-02 11:23:18.497000
CMA:2025.113,2025.113,2025.113,,679355,object,,1,Lotus Seeds and Water Caltrops,蓮蓬和菱角,"Southeast China, Suzhou, Qing dynasty (1644–1911)",1700–1750,Print,Multicolor woodblock print; ink and color on paper,"(Christer von der Burg, sold to the Cleveland Museum of Art) (?–2025); The Cleveland Museum of Art, Cleveland, OH (2025–)",sold,CC0,https://clevelandart.org/art/2025.113,https://openaccess-cdn.clevelandart.org/2025.113/2025.113_web.jpg,https://openaccess-cdn.clevelandart.org/2025.113/2025.113_print.jpg,https://openaccess-cdn.clevelandart.org/2025.113/2025.113_full.tif,1,1,1,1,1,https://openaccess-api.clevelandart.org/api/collectiononline/jpeg_and_caption/2025.113,https://openaccess-api.clevelandart.org/api/collectiononline/tiff/2025.113,2026-08-15 11:17:58.825000
CMA:2025.114,2025.114,2025.114,,679365,object,,1,Apples and Pomegranates,,"China, Suzhou, Qing dynasty (1644–1911)",first half of the 1700s,Print,Polychrome woodblock print; ink and color on paper,"(Christer von der Burg, sold to the Cleveland Museum of Art) (?–2025); The Cleveland Museum of Art, Cleveland, OH (2025–)",sold,CC0,https://clevelandart.org/art/2025.114,,,,0,0,0,1,1,https://openaccess-api.clevelandart.org/api/collectiononline/jpeg_and_caption/2025.114,https://openaccess-api.clevelandart.org/api/collectiononline/tiff/2025.114,2026-06-02 11:23:18.513000
CMA:2025.115,2025.115,2025.115,,679366,object,,1,Watermelon and Grapes,西瓜與葡萄,"China, Suzhou, Qing dynasty (1644–1911)",1700–1750,Print,Polychrome woodblock print; ink and color on paper,"(Christer von der Burg, sold to the Cleveland Museum of Art) (?–2025); The Cleveland Museum of Art, Cleveland, OH (2025–)",sold,CC0,https://clevelandart.org/art/2025.115,,,,0,0,0,1,1,https://openaccess-api.clevelandart.org/api/collectiononline/jpeg_and_caption/2025.115,https://openaccess-api.clevelandart.org/api/collectiononline/tiff/2025.115,2026-06-02 11:23:18.522000
CMA:2025.116,2025.116,2025.116,,398727,object,,1,Grasshopper on Pomegranate,蚱蜢石榴,"Southeast China, Suzhou, Qing dynasty (1644–1911)",1700–1750,Print,Woodblock printed in black and six other colors,"(Christer von der Burg, sold to the Cleveland Museum of Art) (?–2025); The Cleveland Museum of Art, Cleveland, OH (2025–)",sold,CC0,https://clevelandart.org/art/2025.116,https://openaccess-cdn.clevelandart.org/2025.116/2025.116_web.jpg,https://openaccess-cdn.clevelandart.org/2025.116/2025.116_print.jpg,https://openaccess-cdn.clevelandart.org/2025.116/2025.116_full.tif,1,1,1,1,1,https://openaccess-api.clevelandart.org/api/collectiononline/jpeg_and_caption/2025.116,https://openaccess-api.clevelandart.org/api/collectiononline/tiff/2025.116,2026-08-15 11:17:58.540000
CMA:2025.117,2025.117,2025.117,,679367,object,,1,Praying Mantis on a Lychee,荔枝上的螳螂,"Southeast China, Suzhou, Qing dynasty (1644–1911)",1700–1750,Print,Multicolor woodblock print; ink and color on paper,"(Christer von der Burg, sold to the Cleveland Museum of Art) (?–2025); The Cleveland Museum of Art, Cleveland, OH (2025–)",sold,CC0,https://clevelandart.org/art/2025.117,,,,0,0,0,1,1,https://openaccess-api.clevelandart.org/api/collectiononline/jpeg_and_caption/2025.117,https://openaccess-api.clevelandart.org/api/collectiononline/tiff/2025.117,2026-08-15 11:17:58.837000
CMA:2025.118,2025.118,2025.118,,679368,object,,1,Bird on Lotus,蓮花和鸟,"Southeast China, Suzhou, Qing dynasty (1644–1911)",1700–1750,Print,Multicolor woodblock print and embossing; ink and color on paper,"(Christer von der Burg, sold to the Cleveland Museum of Art) (?–2025); The Cleveland Museum of Art, Cleveland, OH (2025–)",sold,CC0,https://clevelandart.org/art/2025.118,https://openaccess-cdn.clevelandart.org/2025.118/2025.118_web.jpg,https://openaccess-cdn.clevelandart.org/2025.118/2025.118_print.jpg,https://openaccess-cdn.clevelandart.org/2025.118/2025.118_full.tif,1,1,1,1,1,https://openaccess-api.clevelandart.org/api/collectiononline/jpeg_and_caption/2025.118,https://openaccess-api.clevelandart.org/api/collectiononline/tiff/2025.118,2026-08-15 11:17:58.847000
CMA:2025.119,2025.119,2025.119,,679369,object,,1,Three Friends of Winter,歲寒三友圖,"Southeast China, Suzhou, Qing dynasty (1644–1911)",1700s,Print,Multicolor woodblock print; ink and color on paper,"(Christer von der Burg, sold to the Cleveland Museum of Art) (?–2025); The Cleveland Museum of Art, Cleveland, OH (2025–)",sold,CC0,https://clevelandart.org/art/2025.119,,,,0,0,0,1,1,https://openaccess-api.clevelandart.org/api/collectiononline/jpeg_and_caption/2025.119,https://openaccess-api.clevelandart.org/api/collectiononline/tiff/2025.119,2026-08-15 11:17:58.855000
CMA:2025.120,2025.120,2025.120,,679370,object,,1,Insect on Viburnum,紫荊上的昆蟲,"China, Suzhou, Qing dynasty (1644–1911)",1700–1750,Print,Polychrome woodblock print; ink and color on paper,"(Christer von der Burg, sold to the Cleveland Museum of Art) (?–2025); The Cleveland Museum of Art, Cleveland, OH (2025–)",sold,CC0,https://clevelandart.org/art/2025.120,,,,0,0,0,1,1,https://openaccess-api.clevelandart.org/api/collectiononline/jpeg_and_caption/2025.120,https://openaccess-api.clevelandart.org/api/collectiononline/tiff/2025.120,2026-06-02 11:23:18.569000
CMA:2025.121,2025.121,2025.121,,679371,object,,1,"Chrysanthemum, Begonia, and Blue Asters",菊花、秋海棠、與紫菀,"China, Suzhou, Qing dynasty (1644–1911)",1700–1750,Print,Polychrome woodblock print; ink and color on paper,"(Christer von der Burg, sold to the Cleveland Museum of Art) (?–2025); The Cleveland Museum of Art, Cleveland, OH (2025–)",sold,CC0,https://clevelandart.org/art/2025.121,,,,0,0,0,1,1,https://openaccess-api.clevelandart.org/api/collectiononline/jpeg_and_caption/2025.121,https://openaccess-api.clevelandart.org/api/collectiononline/tiff/2025.121,2026-06-02 11:23:18.579000
CMA:2025.122,2025.122,2025.122,,679372,object,,1,"Chrysanthemum, Begonia, and Blue Asters",菊花、秋海棠、與紫菀,"China, Suzhou, Qing dynasty (1644–1911)",1700–1750,Print,Polychrome woodblock print; ink and color on paper,"(Christer von der Burg, sold to the Cleveland Museum of Art) (?–2025); The Cleveland Museum of Art, Cleveland, OH (2025–)",sold,CC0,https://clevelandart.org/art/2025.122,,,,0,0,0,1,1,https://openaccess-api.clevelandart.org/api/collectiononline/jpeg_and_caption/2025.122,https://openaccess-api.clevelandart.org/api/collectiononline/tiff/2025.122,2026-06-02 11:23:18.587000
CMA:2025.123,2025.123,2025.123,,679373,object,,1,Mustard Garden Print,芥子園畫譜,"China, Suzhou, Qing dynasty (1644–1911)",1700–1750,Print,Polychrome woodblock print; ink and color on paper,"(Christer von der Burg, sold to the Cleveland Museum of Art) (?–2025); The Cleveland Museum of Art, Cleveland, OH (2025–)",sold,CC0,https://clevelandart.org/art/2025.123,,,,0,0,0,1,1,https://openaccess-api.clevelandart.org/api/collectiononline/jpeg_and_caption/2025.123,https://openaccess-api.clevelandart.org/api/collectiononline/tiff/2025.123,2026-06-02 11:23:18.596000
CMA:2025.124,2025.124,2025.124,,679374,object,,1,"Autumn Basket: Hibiscus, Yellow Hibiscus, and Chrysanthemum",秋籃: 芙蓉花、黃芙蓉與菊花,"China, Suzhou, Qing dynasty (1644–1911)",1700–1750,Print,Polychrome woodblock print; ink and color on paper,"(Christer von der Burg, sold to the Cleveland Museum of Art) (?–2025); The Cleveland Museum of Art, Cleveland, OH (2025–)",sold,CC0,https://clevelandart.org/art/2025.124,,,,0,0,0,1,1,https://openaccess-api.clevelandart.org/api/collectiononline/jpeg_and_caption/2025.124,https://openaccess-api.clevelandart.org/api/collectiononline/tiff/2025.124,2026-06-02 11:23:18.604000
CMA:2025.125,2025.125,2025.125,,679375,object,,1,Praying Mantis on a Lychee,荔枝上的螳螂,"China, Suzhou, Qing dynasty (1644–1911)",1700–1750,Print,Polychrome woodblock print; ink and color on paper,"(Christer von der Burg, sold to the Cleveland Museum of Art) (?–2025); The Cleveland Museum of Art, Cleveland, OH (2025–)",sold,CC0,https://clevelandart.org/art/2025.125,,,,0,0,0,1,1,https://openaccess-api.clevelandart.org/api/collectiononline/jpeg_and_caption/2025.125,https://openaccess-api.clevelandart.org/api/collectiononline/tiff/2025.125,2026-06-02 11:23:18.611000
CMA:2025.126,2025.126,2025.126,,679376,object,,1,Vase with Peony,博古花卉圖,"Southeast China, Suzhou, Qing dynasty (1644–1911)",1700–1750,Print,Multicolor woodblock print; ink and color on paper,"(Christer von der Burg, sold to the Cleveland Museum of Art) (?–2025); The Cleveland Museum of Art, Cleveland, OH (2025–)",sold,CC0,https://clevelandart.org/art/2025.126,,,,0,0,0,1,1,https://openaccess-api.clevelandart.org/api/collectiononline/jpeg_and_caption/2025.126,https://openaccess-api.clevelandart.org/api/collectiononline/tiff/2025.126,2026-08-15 11:17:58.863000
CMA:2025.127,2025.127,2025.127,,679377,object,,1,Plum and Camellia in a Bronze Vase,博古花卉圖,"Southeast China, Suzhou, Qing dynasty (1644–1911)",1700–1750,Print,Multicolor woodblock print; ink and color on paper,"Christer von der Burg, sold to the Cleveland Museum of Art) (?–2025); The Cleveland Museum of Art, Cleveland, OH (2025–)",sold,CC0,https://clevelandart.org/art/2025.127,https://openaccess-cdn.clevelandart.org/2025.127/2025.127_web.jpg,https://openaccess-cdn.clevelandart.org/2025.127/2025.127_print.jpg,https://openaccess-cdn.clevelandart.org/2025.127/2025.127_full.tif,1,1,1,1,1,https://openaccess-api.clevelandart.org/api/collectiononline/jpeg_and_caption/2025.127,https://openaccess-api.clevelandart.org/api/collectiononline/tiff/2025.127,2026-08-15 11:17:58.872000
CMA:2025.128,2025.128,2025.128,,685895,object,,1,One Hundred Boys,百子圖,"China, Qing dynasty (1644–1911), Jiaqing period (1796–1820)",1700s,Print,woodblock print,"(Christer von der Burg, sold to the Cleveland Museum of Art) (?–2025); The Cleveland Museum of Art, Cleveland, OH (2025–)",sold,CC0,https://clevelandart.org/art/2025.128,,,,0,0,0,1,1,https://openaccess-api.clevelandart.org/api/collectiononline/jpeg_and_caption/2025.128,https://openaccess-api.clevelandart.org/api/collectiononline/tiff/2025.128,2026-05-29 09:17:53.533000
CMA:2025.129,2025.129,2025.129,,685894,object,,1,May You Soon Bear Noble Sons,早生貴子圖,"China, Qing dynasty (1644–1911), Jiaqing period (1796–1820)",1700s,Print,woodblock print,"(Christer von der Burg, sold to the Cleveland Museum of Art); The Cleveland Museum of Art, Cleveland, OH",sold,CC0,https://clevelandart.org/art/2025.129,,,,0,0,0,1,1,https://openaccess-api.clevelandart.org/api/collectiononline/jpeg_and_caption/2025.129,https://openaccess-api.clevelandart.org/api/collectiononline/tiff/2025.129,2026-05-29 09:17:52.825000
