machine_id,accession,accession_base,object_id,record_type,cover_accession_number,title_en,title_zh,culture,date,type,technique,provenance_raw,share_license_status,object_url,web_image_url,print_image_url,full_image_url,has_web_image,has_print_image,has_full_image,in_H1_2025_19_to_128,physical_contribution_using_record_type,source_row_sha256
CMA:2025.19,2025.19,2025.19,678453,,,Beautiful Autumn and Winter Landscapes,清鉴秋冬美境,"China, Qing dynasty (1644–1911), Qianlong reign (1736–95)",1736–95,Print,Hanging scroll; woodblock print; ink on paper,"(Christer von der Burg, sold to the Cleveland Museum of Art) (?–2025); The Cleveland Museum of Art, Cleveland, OH (2025–)",CC0,https://clevelandart.org/art/2025.19,,,,0,0,0,1,1,391bbb4fe041a4dd6eee75e0796b625fcf26444fbcacb7f071d1df610e47b344
CMA:2025.20,2025.20,2025.20,678462,,,Li Bai Writes a Poem Whilst Drunk In Huaqing Palace,華清宮李⽩醉酒寫詩,"China, Qing dynasty (1644–1911)",1700s,Print,Hanging scroll; polychrome woodblock print; ink and color on paper,"(Christer von der Burg, sold to the Cleveland Museum of Art) (?–2025); The Cleveland Museum of Art, Cleveland, OH (2025–)",CC0,https://clevelandart.org/art/2025.20,,,,0,0,0,1,1,af115d2dcd6bcbc11fed2337a657f441916e000f14ea104cb0ed8046118aed19
CMA:2025.21,2025.21,2025.21,678477,,,Part of Story of The Western Chamber,一部西廂總,"China, Qing dynasty (1644–1911), Qianlong reign (1736–95)",1736–95,Print,Hanging scroll; polychrome woodblock print; ink and color on paper,"(Christer von der Burg, sold to the Cleveland Museum of Art) (?–2025); The Cleveland Museum of Art, Cleveland, OH (2025–)",CC0,https://clevelandart.org/art/2025.21,,,,0,0,0,1,1,60aefcf8728824d1462676bcca4d7a9b7d70853688a69b58795185db68c44c99
CMA:2025.22,2025.22,2025.22,678485,,,Scenic View of Pavilions by a Lake,亭畔勝景圖,"China, Qing dynasty (1644–1911), Qianlong reign (1736–95)",1736–95,Print,Hanging scroll; polychrome woodblock print; ink and color on paper,"(Christer von der Burg, sold to the Cleveland Museum of Art) (?–2025); The Cleveland Museum of Art, Cleveland, OH (2025–)",CC0,https://clevelandart.org/art/2025.22,,,,0,0,0,1,1,eb61fd65c37c37e9f4746306f832375e843e5f034ff7a32ca3fb7ff5aa7a4832
CMA:2025.23,2025.23,2025.23,678529,,,Mother and Sons,母子圖,"Southeast China, Suzhou, Qing dynasty (1644–1911), Qianlong reign (1736–95)",1736–95,Print,Hanging scroll; multicolor woodblock print on paper,"(Christer von der Burg, sold to the Cleveland Museum of Art) (?–2025); The Cleveland Museum of Art, Cleveland, OH (2025–)",CC0,https://clevelandart.org/art/2025.23,,,,0,0,0,1,1,792b70f253d2bc221ecfb40439c3a464ba33e45d40f67fbb0a754e3d507e5442
CMA:2025.24,2025.24,2025.24,678537,,,A Quatrain about Peonies,牡丹一絕句,"Southeast China, Suzhou, Qing dynasty (1644–1911), Qianlong reign (1736–95)",1736–95,Print,Hanging scroll; polychrome woodblock print; ink and color on paper,"(Christer von der Burg, sold to the Cleveland Museum of Art) (?–2025); The Cleveland Museum of Art, Cleveland, OH (2025–)",CC0,https://clevelandart.org/art/2025.24,,,,0,0,0,1,1,8f7e51a0b8210cc13008b19321415fe1911f6085ba3ac99e1c230960a0998979
CMA:2025.25,2025.25,2025.25,678656,,,The Top Scholar Returns Home,狀元回家,"China, Qing dynasty (1644–1911), Qianlong period (1736–95)",1736–95,Print,Hanging scroll; polychrome woodblock print; ink and color on paper,"(Christer von der Burg, sold to the Cleveland Museum of Art) (?–2025); The Cleveland Museum of Art, Cleveland, OH (2025–)",CC0,https://clevelandart.org/art/2025.25,,,,0,0,0,1,1,7cd7eb6a8f674ac465070aa7748d69d84f0f744b2fa731213f4d98ea66da6c2a
CMA:2025.26,2025.26,2025.26,678657,,,Portraits of the Outlaws of the Marsh,⽩滸綉像全圖,"China, Qing dynasty (1644–1911), Qianlong reign (1736–95)",1736–95,Print,Hanging scroll; polychrome woodblock print; ink and color on paper,"(Christer von der Burg, sold to the Cleveland Museum of Art) (?–2025); The Cleveland Museum of Art, Cleveland, OH (2025–)",CC0,https://clevelandart.org/art/2025.26,,,,0,0,0,1,1,6ead742b13a657b4ffc31c93c3589ebcc169af973da0f99b2440da62ae4c2a60
CMA:2025.27,2025.27,2025.27,678658,,,Yang Guifei Strolls in a Garden,楊貴妃遊花園,"China, Qing dynasty (1644–1911), Qianlong reign (1736–95)",1736–95,Print,Hanging scroll; polychrome woodblock print; ink and color on paper,"(Christer von der Burg, sold to the Cleveland Museum of Art) (?–2025); The Cleveland Museum of Art, Cleveland, OH (2025–)",CC0,https://clevelandart.org/art/2025.27,,,,0,0,0,1,1,c45f3e0b4b390294905e209ed93aa03f39059bab0fba9d2657c7f67801800fc6
CMA:2025.28,2025.28,2025.28,678659,,,Beauties with Bamboo and a Rose,竹葉月季雙美圖,"China, Qing dynasty (1644–1911), Jiaqing period (1796–1820)",1796–1820,Print,Hanging scroll; polychrome woodblock print; ink and color on paper,"(Christer von der Burg, sold to the Cleveland Museum of Art) (?–2025); The Cleveland Museum of Art, Cleveland, OH (2025–)",CC0,https://clevelandart.org/art/2025.28,,,,0,0,0,1,1,e52310efc510e39235b31bbf203572a4f321a51222184229a283c21868fa6ba5
CMA:2025.29,2025.29,2025.29,678663,,,Rise in Rank and Attain Wealth,加官進祿,"China, Qing dynasty (1644–1911), Qianlong reign (1736–95)",1736–95,Print,Hanging scroll; polychrome woodblock print; ink and color on paper,"(Christer von der Burg, sold to the Cleveland Museum of Art) (?–2025); The Cleveland Museum of Art, Cleveland, OH (2025–)",CC0,https://clevelandart.org/art/2025.29,,,,0,0,0,1,1,5b24a94f0a459b148718712cb3a99d9af9fd3d6fc88eb69cd8717bf2a9d30a66
CMA:2025.30,2025.30,2025.30,678664,,,The Two Immortals of Harmony and Unity,和合二仙,"China, Qing dynasty (1644–1911), Qianlong reign (1736–95)",1736–95,Print,Polychrome woodblock print; ink and color on paper,"(Christer von der Burg, sold to the Cleveland Museum of Art) (?–2025); The Cleveland Museum of Art, Cleveland, OH (2025–)",CC0,https://clevelandart.org/art/2025.30,,,,0,0,0,1,1,64dcb3757c54cf2a9c4535a0a722c8b4ac777a484b2a5a6bea79932652b801f5
CMA:2025.31,2025.31,2025.31,679031,,,The Two Immortals of Harmony and Unity,和合二仙,"China, Qing dynasty (1644–1911), Qianlong reign (1736–95)",1736–95,Print,Hanging scroll; polychrome woodblock print; ink and color on paper,"(Christer von der Burg, sold to the Cleveland Museum of Art) (?–2025); The Cleveland Museum of Art, Cleveland, OH (2025–)",CC0,https://clevelandart.org/art/2025.31,,,,0,0,0,1,1,053a7632b664e8cda89423f0dcca33f3c35c28fb7652032bcf84a2581440ebb5
CMA:2025.32,2025.32,2025.32,679032,,,The Two Immortals of Harmony and Unity,和合二仙,"China, Qing dynasty (1644–1911), Qianlong reign (1736–95)",1736–95,Print,Polychrome woodblock print; ink and color on paper,"(Christer von der Burg, sold to the Cleveland Museum of Art) (?–2025); The Cleveland Museum of Art, Cleveland, OH (2025–)",CC0,https://clevelandart.org/art/2025.32,,,,0,0,0,1,1,2eda2381aaac5336ae61cd98508d7a4a11d583be187255123b12e9476c195081
CMA:2025.33,2025.33,2025.33,679033,,,The God of War,關羽,"China, Qing dynasty (1644–1911), Kangxi reign (1622–1722)",1662–1722,Print,Hanging scroll; polychrome woodblock print; ink and color on paper,"(Christer von der Burg, sold to the Cleveland Museum of Art) (?–2025); The Cleveland Museum of Art, Cleveland, OH (2025–)",CC0,https://clevelandart.org/art/2025.33,,,,0,0,0,1,1,8ccc81bd0d55170861a16c375a9a26d1518d7645ae5fa98129b6c94154bb7e80
CMA:2025.34,2025.34,2025.34,679034,,,Playing with an Infant,嬰戲圖,"China, Qing dynasty (1644–1911), Qianlong reign (1736–95)",1736–95,Print,Polychrome woodblock print; ink and color on paper,"(Christer von der Burg, sold to the Cleveland Museum of Art) (?–2025); The Cleveland Museum of Art, Cleveland, OH (2025–)",CC0,https://clevelandart.org/art/2025.34,,,,0,0,0,1,1,dfe4c22044a653e04177d1767dfac93e5e01b02c23917b6b504c7ee6bceaf3db
CMA:2025.35,2025.35,2025.35,679035,,,Double Happiness Character,雙喜字,"China, Qing dynasty (1644–1911), Qianlong reign (1736–95)",1736–95,Print,Polychrome woodblock print; ink and color on paper,"(Christer von der Burg, sold to the Cleveland Museum of Art) (?–2025); The Cleveland Museum of Art, Cleveland, OH (2025–)",CC0,https://clevelandart.org/art/2025.35,,,,0,0,0,1,1,79967757d7f99880be1284234da0ff4ccd9c9abff89d2a2e90915c03b262727c
CMA:2025.36,2025.36,2025.36,679036,,,Mother with Sons Playing Music,母子奏樂圖,"China, Qing dynasty (1644–1911), Qianlong reign (1736–95)",1736–95,Print,Polychrome woodblock print; ink and color on paper,"(Christer von der Burg, sold to the Cleveland Museum of Art) (?–2025); The Cleveland Museum of Art, Cleveland, OH (2025–)",CC0,https://clevelandart.org/art/2025.36,,,,0,0,0,1,1,9f55bb2021e9df91dda6584c42b3398239a485289087a452ee2a485fda6696a4
CMA:2025.37,2025.37,2025.37,679037,,,Spring Swallows Bring Good Tidings,春燕報喜圖,"China, Qing dynasty (1644–1911), Qianlong reign (1736–95)",1736–95,Print,Polychrome woodblock print; ink and color on paper,"(Christer von der Burg, sold to the Cleveland Museum of Art) (?–2025); The Cleveland Museum of Art, Cleveland, OH (2025–)",CC0,https://clevelandart.org/art/2025.37,,,,0,0,0,1,1,1091d0495f42a29d66fee707b658c81d623cf5a1cde42909fceda1a7bf3553bc
CMA:2025.38,2025.38,2025.38,679039,,,Peacocks with Mother and Son,孔雀母子圖,"China, Qing dynasty (1644–1911), Qianlong reign (1736–95)",1736–95,Print,Polychrome woodblock print; ink and color on paper,"(Christer von der Burg, sold to the Cleveland Museum of Art) (?–2025); The Cleveland Museum of Art, Cleveland, OH (2025–)",CC0,https://clevelandart.org/art/2025.38,,,,0,0,0,1,1,c16ab393b79080155b6b8061843e5697c32e1be28e3ab9204ba21eb0128e36cb
CMA:2025.39,2025.39,2025.39,679040,,,Happy Birds in a Spring Garden,春苑喜鳥圖,"China, Qing dynasty (1644–1911), Qianlong reign (1736–95)",1736–95,Print,Polychrome woodblock print; ink and color on paper,"(Christer von der Burg, sold to the Cleveland Museum of Art) (?–2025); The Cleveland Museum of Art, Cleveland, OH (2025–)",CC0,https://clevelandart.org/art/2025.39,,,,0,0,0,1,1,eb1f9ad7d69354ba91a6c45b088a703e8b275e97c3ca89ec687116ab3d9629b7
CMA:2025.40,2025.40,2025.40,679051,,,The God of War,關羽,"China, Qing dynasty (1644–1911), Kangxi reign (1622–1722) to Yongzheng reign (1723–35)",1662–1735,Print,Polychrome woodblock print; ink and color on paper,"(Christer von der Burg, sold to the Cleveland Museum of Art) (?–2025); The Cleveland Museum of Art, Cleveland, OH (2025–)",CC0,https://clevelandart.org/art/2025.40,,,,0,0,0,1,1,c6dc6f1290a1bd2fc9a422d707ddf7527b4a759037155979eb2045dc212ec7f8
CMA:2025.41,2025.41,2025.41,679056,,,Zhang Xian Shoots the Heavenly Dog,張仙射天狗,"China, Qing dynasty (1644–1911), Qianlong reign (1736–95)",1736–95,Print,Polychrome woodblock print; ink and color on paper,"(Christer von der Burg, sold to the Cleveland Museum of Art) (?–2025); The Cleveland Museum of Art, Cleveland, OH (2025–)",CC0,https://clevelandart.org/art/2025.41,,,,0,0,0,1,1,d34cf8b4604bc4846d0253d0115681ed281337e5d5044ffe337cfe35f3ba010f
CMA:2025.42,2025.42,2025.42,679053,,,Lady watching a swallow,,"China, Qing dynasty (1644–1911), Qianlong reign (1736–95)",1736–95,Print,Hanging scroll; multicolor woodblock print on paper,"(Christer von der Burg, sold to the Cleveland Museum of Art) (?–2025); The Cleveland Museum of Art, Cleveland, OH (2025–)",CC0,https://clevelandart.org/art/2025.42,,,,0,0,0,1,1,b44def4250be95e99964ef9a4a4595ea177ce077584e626f4d0d6ec1201519b5
CMA:2025.43,2025.43,2025.43,679054,,,Lady with water basin,,"China, Qing dynasty (1644–1911), Qianlong reign (1736–95)",1736–95,Print,Hanging scroll; multicolor woodblock print on paper,"(Christer von der Burg, sold to the Cleveland Museum of Art) (?–2025); The Cleveland Museum of Art, Cleveland, OH (2025–)",CC0,https://clevelandart.org/art/2025.43,,,,0,0,0,1,1,e5ffc36b2507a372fb2e474a4f2c4fc0d80dcec1cb0187bc965a54fc32fe0734
CMA:2025.44,2025.44,2025.44,679052,,,Zhang Xian Shoots the Heavenly Dog,張仙射天狗,"China, Qing dynasty (1644–1911), Daoguang reign (1821–50)",1821–50,Print,Polychrome woodblock print; ink and color on paper,"(Christer von der Burg, sold to the Cleveland Museum of Art) (?–2025); The Cleveland Museum of Art, Cleveland, OH (2025–)",CC0,https://clevelandart.org/art/2025.44,,,,0,0,0,1,1,f1c0f20156d8109defe86ef7bded6efc3baf15d7c76f7213603c37acadc0a45c
CMA:2025.45,2025.45,2025.45,679059,,,The God of War,關羽,China,1950s,Print,Polychrome woodblock print; ink and color on paper,"(Christer von der Burg, sold to the Cleveland Museum of Art) (?–2025); The Cleveland Museum of Art, Cleveland, OH (2025–)",Copyrighted,https://clevelandart.org/art/2025.45,,,,0,0,0,1,1,060899cd39c6f4b8d5c186613b2b85274a8f770ebf171619a7d6046ed84e7517
CMA:2025.46,2025.46,2025.46,679060,,,Gusu Beauties of the Four Seasons – Summer,四季姑蘇美人圖 - 夏,"Southeast China, Suzhou Qing dynasty (1644–1911), Qianlong period (1736–95)",1736–95,Print,"Multicolor woodblock print; ink and color on paper, framed","(Christer von der Burg, sold to the Cleveland Museum of Art) (?–2025); The Cleveland Museum of Art, Cleveland, OH (2025–)",CC0,https://clevelandart.org/art/2025.46,,,,0,0,0,1,1,025520e368689af47a08385ee1f87405aa8de2d5e325622160a1a2d5e9f68e0c
CMA:2025.47,2025.47,2025.47,679065,,,Gusu Beauty – Mother and Son in a Summer Pavilion,姑蘇美人 – 夏日亭畔母子圖,"Southeast China, Suzhou Qing dynasty (1644–1911), Qianlong period (1736–95)",1736–95,Print,Polychrome woodblock print; ink and color on paper,"(Christer von der Burg, sold to the Cleveland Museum of Art) (?–2025); The Cleveland Museum of Art, Cleveland, OH (2025–)",CC0,https://clevelandart.org/art/2025.47,,,,0,0,0,1,1,22daf3cf410ffbf264fd1379ae3a0de4ed8f284e4096a30496b72fb3eb8e466f
CMA:2025.48,2025.48,2025.48,679061,,,Gusu Beauties of the Four Seasons—Spring,四季姑蘇美人圖 – 春,"Southeast China, Suzhou Qing dynasty (1644–1911), Qianlong period (1736–95)",1736–95,Print,Multicolor woodblock print; ink and color on paper,"(Christer von der Burg, sold to the Cleveland Museum of Art) (?–2025); The Cleveland Museum of Art, Cleveland, OH (2025–)",CC0,https://clevelandart.org/art/2025.48,,,,0,0,0,1,1,c011e1898ece369506fcd0dbb869d39c680f50fbb0ba69bda734ee06453594bb
CMA:2025.49,2025.49,2025.49,679062,,,Gusu Beauty – Winter,姑蘇美人 – 冬,"Southeast China, Suzhou Qing dynasty (1644–1911), Qianlong period (1736–95)",1736–95,Print,Multicolor woodblock print; ink and color on paper,"(Christer von der Burg, sold to the Cleveland Museum of Art) (?–2025); The Cleveland Museum of Art, Cleveland, OH (2025–)",CC0,https://clevelandart.org/art/2025.49,,,,0,0,0,1,1,8d9a57c17140ef638ecb2f52e6b29fdde11764b9f84e8140d0cd1cf98e6663f2
CMA:2025.50,2025.50,2025.50,679063,,,Gusu Beauties of the Four Seasons – Autumn,四季姑蘇美人圖 – 秋,"Southeast China, Suzhou Qing dynasty (1644–1911), Qianlong period (1736–95)",1736–95,Print,Multicolor woodblock print; ink and color on paper,"(Christer von der Burg, sold to the Cleveland Museum of Art) (?–2025); The Cleveland Museum of Art, Cleveland, OH (2025–)",CC0,https://clevelandart.org/art/2025.50,,,,0,0,0,1,1,7e9d9402f44f5bff8744e405d7ec9c065db60ba11ecc102ccb201d6432cdb36b
CMA:2025.51,2025.51,2025.51,679064,,,Gusu Beauties of the Four Seasons – Winter,四季姑蘇美人圖 – 冬,"Southeast China, Suzhou Qing dynasty (1644–1911), Qianlong period (1736–95)",1736–95,Print,Multicolor woodblock print; ink and color on paper,"(Christer von der Burg, sold to the Cleveland Museum of Art) (?–2025); The Cleveland Museum of Art, Cleveland, OH (2025–)",CC0,https://clevelandart.org/art/2025.51,,,,0,0,0,1,1,35454fc85f734793fa88c70330833a32a77cfd45c4bb95a5d7a3505e0c2990ca
CMA:2025.52,2025.52,2025.52,398760,,,Beautiful Scenery of Putuoshan on the Southern Sea,南海普陀⼭勝景,"China, Qing dynasty (1644–1911), Qianlong reign (1736–95)",1700s,Print,Printed in two shades of black and colored by hand,"(Christer von der Burg, sold to the Cleveland Museum of Art) (?–2025); The Cleveland Museum of Art, Cleveland, OH (2025–)",CC0,https://clevelandart.org/art/2025.52,,,,0,0,0,1,1,b79b15bc322ed6cab5a04a19479b1562d913cb127694ef12498a0a9d7036252d
CMA:2025.53,2025.53,2025.53,679081,,,Scenic View of Suzhou,姑蘇勝景,"Southeast China, Suzhou, Qing dynasty (1644–1911), Qianlong reign (1736–95)",1736–95,Print,Hanging scroll; multicolor woodblock print; ink and color on paper,"(Christer von der Burg, sold to the Cleveland Museum of Art) (?–2025); The Cleveland Museum of Art, Cleveland, OH (2025–)",CC0,https://clevelandart.org/art/2025.53,,,,0,0,0,1,1,7c6e292109f82e2c7a69819cf6fa9234210aae16ee54a28a14c2f25765d64492
CMA:2025.54,2025.54,2025.54,679082,,,Li Taibai Reading,李太⽩讀書圖,"China, Qing dynasty (1644–1911), Qianlong reign (1736–95)",1736–95,Print,Hanging scroll; polychrome woodblock print; ink and color on paper,"(Christer von der Burg, sold to the Cleveland Museum of Art) (?–2025); The Cleveland Museum of Art, Cleveland, OH (2025–)",CC0,https://clevelandart.org/art/2025.54,,,,0,0,0,1,1,9c65a6cdffd7c66bf0b5f84edaa2ac88a9f3b6ef0b7a32dc9362fd6b07ef3904
CMA:2025.55,2025.55,2025.55,679083,,,"Fisherman, Woodcutter, Farmer, and Scholar",漁樵耕讀,"China, Qing dynasty (1644–1911), Qianlong reign (1736–95)",1736–95,Print,Hanging scroll; woodblock print; ink on paper,"(Christer von der Burg, sold to the Cleveland Museum of Art) (?–2025); The Cleveland Museum of Art, Cleveland, OH (2025–)",CC0,https://clevelandart.org/art/2025.55,,,,0,0,0,1,1,6824ba40c689cc83553509cf36dc52370908f7d8a6ca1857280b38126b2206c8
CMA:2025.56,2025.56,2025.56,679084,,,The Herd Boy and the Weaving Maiden,牛郎織女,"China, Qing dynasty (1644–1911), Qianlong period (1736–95)",1736–95,Print,Hanging scroll; polychrome woodblock print; ink and color on paper,"(Christer von der Burg, sold to the Cleveland Museum of Art) (?–2025); The Cleveland Museum of Art, Cleveland, OH (2025–)",CC0,https://clevelandart.org/art/2025.56,,,,0,0,0,1,1,ddc49c04d2da72072d851cf5a8fe9df1c292297bdd91be7e7ad0949a32ce8736
CMA:2025.57,2025.57,2025.57,679085,,,Two Beauties Inspect a Golden Lotus,雙美觀金蓮,"China, Qing dynasty (1644–1911), Qianlong period (1736–95)",1736–95,Print,Hanging scroll; polychrome woodblock print; ink and color on paper,"(Christer von der Burg, sold to the Cleveland Museum of Art) (?–2025); The Cleveland Museum of Art, Cleveland, OH (2025–)",CC0,https://clevelandart.org/art/2025.57,,,,0,0,0,1,1,fd4c225c7752aafa3f0ffd0c318035d3d2ae8e18ce2d260f6ae5a4b79bfb27c4
CMA:2025.58,2025.58,2025.58,679086,,,Boys Playing,嬰戲圖,"China, Qing dynasty (1644–1911), Qianlong period (1736–95)",1736–95,Print,Hanging scroll; polychrome woodblock print; ink and color on paper,"(Christer von der Burg, sold to the Cleveland Museum of Art) (?–2025); The Cleveland Museum of Art, Cleveland, OH (2025–)",CC0,https://clevelandart.org/art/2025.58,,,,0,0,0,1,1,8ea223d6341c108bc8db1b9a124f110d76b5c68ebec15007f52814a8520da457
CMA:2025.59,2025.59,2025.59,679087,,,Boy Bringing Wealth,招財童子,"China, Qing dynasty (1644–1911), Qianlong period (1736–95)",1736–95,Print,Polychrome woodblock print; ink and color on paper,"(Christer von der Burg, sold to the Cleveland Museum of Art) (?–2025); The Cleveland Museum of Art, Cleveland, OH (2025–)",CC0,https://clevelandart.org/art/2025.59,,,,0,0,0,1,1,33d27ec3e755d3fac1aac121f397e2d3ca4b8886e520f8a0b639f31630ddbfca
CMA:2025.60,2025.60,2025.60,679088,,,"Picture of a Cat, a Bird, and a Crabapple",海棠綬帶富貴圖,"Southeast China, Suzhou, Qing dynasty (1644–1911), Kangxi reign (1662–1722) to Yongzheng reign (1723–35)",1662–1735,Print,Multicolor woodblock print; ink and color on paper,"(Christer von der Burg, sold to the Cleveland Museum of Art) (?–2025); The Cleveland Museum of Art, Cleveland, OH (2025–)",CC0,https://clevelandart.org/art/2025.60,,,,0,0,0,1,1,5f468550b24e54a44e4975ad12181fb12b0abf6c5f5323dae8340431762d3252
CMA:2025.61,2025.61,2025.61,679089,,,"Scenic Spots of Jiangtian Temple on Jinshan, Built by Imperial Command",勅建金山江天寺勝境,"China, Qing dynasty (1644–1911), Kangxi reign (1622–1722)",1662–1722,Print,Polychrome woodblock print; ink and color on paper,"(Christer von der Burg, sold to the Cleveland Museum of Art) (?–2025); The Cleveland Museum of Art, Cleveland, OH (2025–)",CC0,https://clevelandart.org/art/2025.61,,,,0,0,0,1,1,817b3a2d00c3cfbab52feda1330e222636e66466ee83efc4cffabb03c325a796
CMA:2025.62,2025.62,2025.62,679092,,,Satirical Prints of Suzhou Customs,蘇州風俗諷刺畫,"China, Qing dynasty (1644–1911), Qianlong reign (1736–95)",1760,Print,Woodblock print; ink on paper,"(Christer von der Burg, sold to the Cleveland Museum of Art) (?–2025); The Cleveland Museum of Art, Cleveland, OH (2025–)",CC0,https://clevelandart.org/art/2025.62,,,,0,0,0,1,1,1e0edccd57d86539786cf2be38a407d5e94e0c5945d9f53fb1a311af373d851a
CMA:2025.63,2025.63,2025.63,679090,,,Satirical Prints of Suzhou Customs,蘇州風俗諷刺畫,"China, Qing dynasty (1644–1911), Qianlong reign (1736–95)",1760,Print,Woodblock print; ink on paper,"(Christer von der Burg, sold to the Cleveland Museum of Art) (?–2025); The Cleveland Museum of Art, Cleveland, OH (2025–)",CC0,https://clevelandart.org/art/2025.63,,,,0,0,0,1,1,8f9f3ef695c924a860468faf06bc8598558d9fcc462761d53c188c8d1bed0a83
CMA:2025.64,2025.64,2025.64,679091,,,Satirical Prints of Suzhou Customs,蘇州風俗諷刺畫,"China, Qing dynasty (1644–1911), Qianlong reign (1736–95)",1760,Print,Woodblock print; ink on paper,"(Christer von der Burg, sold to the Cleveland Museum of Art) (?–2025); The Cleveland Museum of Art, Cleveland, OH (2025–)",CC0,https://clevelandart.org/art/2025.64,,,,0,0,0,1,1,5eb97e7c6ed0e688528c5b0eed904d7f01b1716d2d767c4145b2112aea757b79
CMA:2025.65,2025.65,2025.65,679093,,,A Fisherman's Daughter,漁家女,"China, Qing dynasty (1644–1911), Qianlong reign (1736–95)",1736–95,Print,Polychrome woodblock print; ink and color on paper,"(Christer von der Burg, sold to the Cleveland Museum of Art) (?–2025); The Cleveland Museum of Art, Cleveland, OH (2025–)",CC0,https://clevelandart.org/art/2025.65,,,,0,0,0,1,1,ccc002daf8107cb4f37af61905ecc3a7bff288e5f9d36cadf0b31d8f7922efec
CMA:2025.66,2025.66,2025.66,679094,,,Story of the Western Chamber – The Delivery of the Love Letter,西廂記 – 寄簡傳情,"China, Qing dynasty (1644–1911), Qianlong reign (1736–95)",1736–95,Print,Polychrome woodblock print; ink and color on paper,"(Christer von der Burg, sold to the Cleveland Museum of Art) (?–2025); The Cleveland Museum of Art, Cleveland, OH (2025–)",CC0,https://clevelandart.org/art/2025.66,,,,0,0,0,1,1,6872277c7274b17236ec5ba0d8c16f55a597c65ac89ac0ce1b18f60061badcd9
CMA:2025.67,2025.67,2025.67,679095,,,Destined to Succeed in the Examinations,必定中舉圖,"China, Qing dynasty (1644–1911), Qianlong reign (1736–95)",1736–95,Print,Polychrome woodblock print; ink and color on paper,"(Christer von der Burg, sold to the Cleveland Museum of Art) (?–2025); The Cleveland Museum of Art, Cleveland, OH (2025–)",CC0,https://clevelandart.org/art/2025.67,,,,0,0,0,1,1,6ecc687546f048bbf8176e9fea461a02f531c87349e14a286aa5e302496f5769
CMA:2025.68,2025.68,2025.68,679096,,,Print in Western Style with Western Text,丁氏仿泰西筆意墨線版畫,"Southeast China, Suzhou, Qing dynasty (1644–1911), Kangxi reign (1662–1722) to Yongzheng reign (1723–35)",1662–1735,Print,Woodblock print; ink on paper,"(Christer von der Burg, sold to the Cleveland Museum of Art) (?–2025); The Cleveland Museum of Art, Cleveland, OH (2025–)",CC0,https://clevelandart.org/art/2025.68,,,,0,0,0,1,1,09455ea3422bee0328d035157f82034e929afade89555c1a8b3176294bf6b168
CMA:2025.69,2025.69,2025.69,679097,,,Distinguishing Good from Evil,善惡分明,"China, Qing dynasty (1644–1911), Jiaqing period (1796–1820)",1796–1820,Print,Polychrome woodblock print; ink and color on paper,"(Christer von der Burg, sold to the Cleveland Museum of Art) (?–2025); The Cleveland Museum of Art, Cleveland, OH (2025–)",CC0,https://clevelandart.org/art/2025.69,,,,0,0,0,1,1,e5861f5e140410588e9c40ca2127fc421916ef51c6631f46b322536b23146231
CMA:2025.70,2025.70,2025.70,679098,,,Scenes from First Part of Campaign to the East,征東前本,"China, Qing dynasty (1644–1911), Jiaqing period (1796–1820)",1796–1820,Print,Polychrome woodblock print; ink and color on paper,"(Christer von der Burg, sold to the Cleveland Museum of Art) (?–2025); The Cleveland Museum of Art, Cleveland, OH (2025–)",CC0,https://clevelandart.org/art/2025.70,,,,0,0,0,1,1,2121164237ab09bc825f19ff84ea5358df9329a0a6b731eb4d5314b9cf9acfac
CMA:2025.71,2025.71,2025.71,679099,,,A Newly-Cut Print: Scenes from the Second Part of Record of the Three Kingdoms,新刻三國誌後傳,"China, Qing dynasty (1644–1911), Jiaqing period (1796–1820)",1796–1820,Print,Polychrome woodblock print; ink and color on paper,"(Christer von der Burg, sold to the Cleveland Museum of Art) (?–2025); The Cleveland Museum of Art, Cleveland, OH (2025–)",CC0,https://clevelandart.org/art/2025.71,,,,0,0,0,1,1,b37a9310d9225e6c67aee89645be3347b9bad34151f2179f5dc0c1f4d4dd6068
CMA:2025.72,2025.72,2025.72,679100,,,A Newly-Cut Print of Illustrations from The Classic of Mountains and Seas,新刻山海經全圖,"China, Qing dynasty (1644–1911), Jiaqing period (1796–1820)",1796–1820,Print,Polychrome woodblock print; ink and color on paper,"(Christer von der Burg, sold to the Cleveland Museum of Art) (?–2025); The Cleveland Museum of Art, Cleveland, OH (2025–)",CC0,https://clevelandart.org/art/2025.72,,,,0,0,0,1,1,aebc7167afcf7a718c7fcf6897938c576eaf728878b29e56d6da32f10353fb04
CMA:2025.73,2025.73,2025.73,679101,,,A Newly Cut Print: Scenes from the First Part of Outlaws of the Marsh,新刻前水滸,"China, Qing dynasty (1644–1911), Jiaqing period (1796–1820)",1796–1820,Print,Polychrome woodblock print; ink and color on paper,"(Christer von der Burg, sold to the Cleveland Museum of Art) (?–2025); The Cleveland Museum of Art, Cleveland, OH (2025–)",CC0,https://clevelandart.org/art/2025.73,,,,0,0,0,1,1,a4d567af980239c573770dc962e40bac6346afb3b00712af8a2dc5289c80ff2b
CMA:2025.74,2025.74,2025.74,679102,,,The Spring Ox,春牛圖,"China, Qing dynasty (1644–1911), Guangxu period (1875–1905)",1882,Print,Polychrome woodblock print; ink and color on paper,"(Christer von der Burg, sold to the Cleveland Museum of Art) (?–2025); The Cleveland Museum of Art, Cleveland, OH (2025–)",CC0,https://clevelandart.org/art/2025.74,,,,0,0,0,1,1,7a00a8ad6a318e832646c9dff875311e4f61d3096e2b27d5bd1e631a6390162b
CMA:2025.75,2025.75,2025.75,679103,,,Illustrations of the Sui and Tang Dynasties,隋唐綉像,"China, Qing dynasty (1644–1911), Qianlong period (1736–95)",1736–95,Print,Woodblock print; ink on paper,"(Christer von der Burg, sold to the Cleveland Museum of Art) (?–2025); The Cleveland Museum of Art, Cleveland, OH (2025–)",CC0,https://clevelandart.org/art/2025.75,,,,0,0,0,1,1,192f1411869d2d2d8ddbb00da402e86842078bbad23e4a40b6f37faaa04ab182
CMA:2025.76,2025.76,2025.76,679104,,,Li Wenzhong Clears the North,李文忠掃北,"China, Qing dynasty (1644–1911), Jiaqing period (1796–1820)",1796–1820,Print,Polychrome woodblock print; ink and color on paper,"(Christer von der Burg, sold to the Cleveland Museum of Art) (?–2025); The Cleveland Museum of Art, Cleveland, OH (2025–)",CC0,https://clevelandart.org/art/2025.76,,,,0,0,0,1,1,4de674e69418f136302b094b20432d13a700d21c788f0fe418bb864f13e9086c
CMA:2025.77,2025.77,2025.77,679105,,,Four Concubines,四妃圖,"China, Qing dynasty (1644–1911), Qianlong reign (1736–95)",1736–95,Print,Polychrome woodblock print; ink and color on paper,"(Christer von der Burg, sold to the Cleveland Museum of Art) (?–2025); The Cleveland Museum of Art, Cleveland, OH (2025–)",CC0,https://clevelandart.org/art/2025.77,,,,0,0,0,1,1,3a609a7cca716095cf5407e99ada05b56734c6edf072650650632a7a61add9e2
CMA:2025.78,2025.78,2025.78,679106,,,"Drinking Wine in Autumn, Chanting Poems in Winter",秋飲冬吟,"China, Qing dynasty (1644–1911), Qianlong reign (1736–95)",1736–95,Print,Hanging scroll; polychrome woodblock print; ink and color on paper,"(Christer von der Burg, sold to the Cleveland Museum of Art) (?–2025); The Cleveland Museum of Art, Cleveland, OH (2025–)",CC0,https://clevelandart.org/art/2025.78,,,,0,0,0,1,1,40ba1568a079d22240a7fedf980b656cc716aea9484a7f8dab58b6af9c1074d3
CMA:2025.79,2025.79,2025.79,679107,,,The Spring Hunt,春蒐圖,"China, Qing dynasty (1644–1911), Kangxi reign (1622–1722) to Yongzheng reign (1723–35)",1662–1735,Print,Hanging scroll; polychrome woodblock print; ink and color on paper,"(Christer von der Burg, sold to the Cleveland Museum of Art) (?–2025); The Cleveland Museum of Art, Cleveland, OH (2025–)",CC0,https://clevelandart.org/art/2025.79,,,,0,0,0,1,1,b27ea982636ff0110fcaba62a4d6b6aaeb7d9c9fda209c9d18d7765e58f36a15
CMA:2025.80,2025.80,2025.80,679108,,,Wannian Bridge in Suzhou,姑蘇萬年橋,"China, Qing dynasty (1644–1911), Qianlong reign (1736–95)",1741,Print,Hanging scroll; polychrome woodblock print; ink and color on paper,"(Christer von der Burg, sold to the Cleveland Museum of Art) (?–2025); The Cleveland Museum of Art, Cleveland, OH (2025–)",CC0,https://clevelandart.org/art/2025.80,,,,0,0,0,1,1,9ef450c0b26e3aef598312226132fcbd48175b1647d210a9f33b14abef181977
CMA:2025.81,2025.81,2025.81,679109,,,Great Celebrations in an Abundant Year,大慶豐年,"China, Qing dynasty (1644–1911), Qianlong reign (1736–95)",1736–95,Print,Hanging scroll; polychrome woodblock print; ink and color on paper,"(Christer von der Burg, sold to the Cleveland Museum of Art) (?–2025); The Cleveland Museum of Art, Cleveland, OH (2025–)",CC0,https://clevelandart.org/art/2025.81,,,,0,0,0,1,1,1cc55585d17153dace609de475ccb904db756cab15c840140b3ffcb56a9573b2
CMA:2025.82,2025.82,2025.82,398803,,,Westlake Panorama,西湖全景,"Southeast China, Suzhou, Qing dynasty (1644–1911), Qianlong reign (1736–95)",mid-1700s,Print,"woodblock print, ink on paper; printed with three wood blocks in shades of black on four sheets","(Christer von der Burg, sold to the Cleveland Museum of Art) (?–2025); The Cleveland Museum of Art, Cleveland, OH (2025–)",CC0,https://clevelandart.org/art/2025.82,,,,0,0,0,1,1,0f1783e1a8f709fe555cf4c4e01bb86934ebbbe4359add59f9ef032c5502e764
CMA:2025.82.1,2025.82.1,2025.82,678436,,,Westlake Panorama,西湖全景,"Southeast China, Suzhou, Qing dynasty (1644–1911), Qianlong reign (1736–95)",mid-1700s,Print,One of four wood-block prints; ink on paper; printed with three woodblocks in shades of black,"(Christer von der Burg, sold to the Cleveland Museum of Art) (?–2025); The Cleveland Museum of Art, Cleveland, OH (2025–)",CC0,https://clevelandart.org/art/2025.82.1,,,,0,0,0,1,1,71514625956913ae3b45e4417e357bfc07519a857d64787fa8740ae4a4244ad8
CMA:2025.82.2,2025.82.2,2025.82,678437,,,Westlake Panorama,西湖全景,"Southeast China, Suzhou, Qing dynasty (1644–1911), Qianlong reign (1736–95)",mid-1700s,Print,One of four woodblock prints; ink on paper; printed with three wood blocks in shades of black,"(Christer von der Burg, sold to the Cleveland Museum of Art) (?–2025); The Cleveland Museum of Art, Cleveland, OH (2025–)",CC0,https://clevelandart.org/art/2025.82.2,,,,0,0,0,1,1,9fb7c1e578b2827a85a7a7c3cbafe32b1de8b0e9e20922a4e408ed3d4b28ce88
CMA:2025.82.3,2025.82.3,2025.82,678438,,,Westlake Panorama,西湖全景,"Southeast China, Suzhou, Qing dynasty (1644–1911), Qianlong reign (1736–95)",mid-1700s,Print,One of four wood-block prints; ink on paper; printed with three woodblocks in shades of black,"(Christer von der Burg, sold to the Cleveland Museum of Art) (?–2025); The Cleveland Museum of Art, Cleveland, OH (2025–)",CC0,https://clevelandart.org/art/2025.82.3,,,,0,0,0,1,1,98ddda4e87af45cb417cc7f01c188fafe491385904bf26de39a85e0e97c6ee83
CMA:2025.82.4,2025.82.4,2025.82,678440,,,Westlake Panorama,西湖全景,"Southeast China, Suzhou, Qing dynasty (1644–1911), Qianlong reign (1736–95)",mid-1700s,Print,One of four wood-block prints; ink on paper; printed with three woodblocks in shades of black,"(Christer von der Burg, sold to the Cleveland Museum of Art) (?–2025); The Cleveland Museum of Art, Cleveland, OH (2025–)",CC0,https://clevelandart.org/art/2025.82.4,,,,0,0,0,1,1,fd5042f45b3a891de2294d0a7286dc1013c51349bfa41211730a698dca92861b
CMA:2025.83,2025.83,2025.83,679111,,,Music in the Jade Palace,瓊宮樂奏圖,"Southeast China, Suzhou, Qing dynasty (1644–1911), Qianlong reign (1736–95)",1736–95,Print,Multicolor woodblock print on paper,"(Christer von der Burg, sold to the Cleveland Museum of Art) (?–2025); The Cleveland Museum of Art, Cleveland, OH (2025–)",CC0,https://clevelandart.org/art/2025.83,,,,0,0,0,1,1,5bffca36791e21af8fced9df1aff2e9448ae49ec39948c5d75afac418ad46045
CMA:2025.84,2025.84,2025.84,679112,,,Gathering Osmanthus,折桂圖,"Southeast China, Suzhou, Qing dynasty (1644–1911), Qianlong reign (1736–95)",1736–95,Print,Multicolor woodblock print on paper,"(Christer von der Burg, sold to the Cleveland Museum of Art) (?–2025); The Cleveland Museum of Art, Cleveland, OH (2025–)",CC0,https://clevelandart.org/art/2025.84,,,,0,0,0,1,1,960f42dcd2818d49d6d51521159c0befe9fbcd5d91bed65c619ae3def8549f89
CMA:2025.85,2025.85,2025.85,679113,,,Print of Xu Gate and the City Moat,胥門護城河畔圖,"Southeast China, Suzhou, Qing dynasty (1644–1911), Qianlong reign (1736–95)",1736–95,Print,Multicolor woodblock print; ink and color on paper,"(Christer von der Burg, sold to the Cleveland Museum of Art) (?–2025); The Cleveland Museum of Art, Cleveland, OH (2025–)",CC0,https://clevelandart.org/art/2025.85,,,,0,0,0,1,1,8773f8ed31a277ac66a11e68201170d1bb5e957fbfe2dec81de4710c35c43339
CMA:2025.86,2025.86,2025.86,679114,,,Print of Xu Gate and the City Moat,胥門護城河畔圖,"Southeast China, Suzhou, Qing dynasty (1644–1911), Qianlong reign (1736–95)",1736–95,Print,Multicolor woodblock print; ink and color on paper,"(Christer von der Burg, sold to the Cleveland Museum of Art) (?–2025); The Cleveland Museum of Art, Cleveland, OH (2025–)",CC0,https://clevelandart.org/art/2025.86,,,,0,0,0,1,1,08654dfbf1bf5af78a66ce1e86f16846e10e8ea89554d56a21b43755a669206a
CMA:2025.87,2025.87,2025.87,679115,,,"Touring in Spring, Enjoying Summer",春遊夏賞,"Southeast China, Suzhou, Qing dynasty (1644–1911), Qianlong reign (1736–95)",1736–95,Print,Multicolor woodblock print; two shades of ink on paper,"(Christer von der Burg, sold to the Cleveland Museum of Art) (?–2025); The Cleveland Museum of Art, Cleveland, OH (2025–)",CC0,https://clevelandart.org/art/2025.87,,,,0,0,0,1,1,33e7f80f324fe936e7d224a3e2a14e03c43f9442cac2893a654cdd520de16bff
CMA:2025.88,2025.88,2025.88,679116,,,First Part of Story of The Western Chamber,全本西廂記,"China, Qing dynasty (1644–1911), Qianlong reign (1736–95)",1736–95,Print,Polychrome woodblock print; ink and color on paper,"(Christer von der Burg, sold to the Cleveland Museum of Art) (?–2025); The Cleveland Museum of Art, Cleveland, OH (2025–)",CC0,https://clevelandart.org/art/2025.88,,,,0,0,0,1,1,f277d05afffd43998222cc59e3eec53e26c75cc2c1cd141a6f7b4a6fd9a3d017
CMA:2025.89,2025.89,2025.89,679117,,,Beauties with Orchids,美人蘭花圖,"China, Qing dynasty (1644–1911), Qianlong reign (1736–95)",1736–95,Print,Polychrome woodblock print; ink and color on paper,"(Christer von der Burg, sold to the Cleveland Museum of Art) (?–2025); The Cleveland Museum of Art, Cleveland, OH (2025–)",CC0,https://clevelandart.org/art/2025.89,,,,0,0,0,1,1,515c05ebda5707ded33ed32483332fbf854328196fb907a86360fdcd09ad0935
CMA:2025.90,2025.90,2025.90,679118,,,Ladies Playing with a Baby,仕女戲嬰圖,"China, Qing dynasty (1644–1911), Qianlong reign (1736–95)",1736–95,Print,Polychrome woodblock print; ink and color on paper,"(Christer von der Burg, sold to the Cleveland Museum of Art) (?–2025); The Cleveland Museum of Art, Cleveland, OH (2025–)",CC0,https://clevelandart.org/art/2025.90,,,,0,0,0,1,1,ca2c1de67ff983c09458d3c2e19af4c461718eb18aecf3d91e5682147080ecf7
CMA:2025.91,2025.91,2025.91,694844,,,Two Prints: Mu Yuying Smashes the Gate of Heaven Formation; Happy Fisherfolk,穆御英大破天門陣; 漁家歡樂,"China, Qing dynasty (1644–1911), Kangxi reign (1622–1722)",1662–1722,Print,Two polychrome woodblock prints bound along middle; ink and color on paper,"(Christer von der Burg, sold to the Cleveland Museum of Art) (?–2025); The Cleveland Museum of Art, Cleveland, OH (2025–)",CC0,https://clevelandart.org/art/2025.91,,,,0,0,0,1,1,4d59be4324d8213d68b432d84459498cb51f0867ea1130090e579d1fc4694892
CMA:2025.91.a,2025.91.a,2025.91,679119,,,Mu Yuying Smashes the Gate of Heaven Formation,穆御英大破天門陣,"Southeast China, Suzhou, Qing dynasty (1644–1911), Kangxi reign (1662–1722)",1662–1722,Print,Multicolor woodblock print; ink and color on paper,"(Christer von der Burg, sold to the Cleveland Museum of Art) (?–2025); The Cleveland Museum of Art, Cleveland, OH (2025–)",CC0,https://clevelandart.org/art/2025.91.a,,,,0,0,0,1,1,fa156d195bed0d9e94e399fb69c5709c821ab27466f8dcb177fd580c2ec9066a
CMA:2025.91.b,2025.91.b,2025.91,679120,,,Happy Fisherfolk,漁家歡樂,"Southeast China, Suzhou, Qing dynasty (1644–1911), Kangxi reign (1662–1722)",1662–1722,Print,Multicolor woodblock print; ink and color on paper,"(Christer von der Burg, sold to the Cleveland Museum of Art) (?–2025); The Cleveland Museum of Art, Cleveland, OH (2025–)",CC0,https://clevelandart.org/art/2025.91.b,,,,0,0,0,1,1,16ffaf8590348a39f2ce6caff05db707db48d201ad0e917ef5853f888c13885e
CMA:2025.92,2025.92,2025.92,694779,,,Three prints: Zhang Qian Chances upon Douniu Celestial Palace; The Twenty Four Paragons of Filial Piety; A Scene of Early Spring,張騫誤入斗牛宮; 二十四孝; 早春圖,"China, Qing dynasty (1644–1911), Yongzheng reign (1723–35) to Qianlong reign (1736–95)",1723–95,Print,Three polychrome woodblock prints bound into a booklet; ink and color on paper,"(Christer von der Burg, sold to the Cleveland Museum of Art) (?–2025); The Cleveland Museum of Art, Cleveland, OH (2025–)",CC0,https://clevelandart.org/art/2025.92,,,,0,0,0,1,1,a9547d30309354c3116692c1ef778c9789df80ab80dfaf45f3258ca5e92f7c0d
CMA:2025.92.a,2025.92.a,2025.92,679121,,,Zhang Qian Chances upon Douniu Celestial Palace,張騫誤入斗牛宮,"China, Qing dynasty (1644–1911), Yongzheng reign (1723–35) to Qianlong reign (1736–95)",1723–95,Print,Polychrome woodblock print; ink and color on paper,"(Christer von der Burg, sold to the Cleveland Museum of Art) (?–2025); The Cleveland Museum of Art, Cleveland, OH (2025–)",CC0,https://clevelandart.org/art/2025.92.a,,,,0,0,0,1,1,be191ef6cd9d6abca384f7d3f953f65bc361a5f444cee8c5f6c46f7fa547d4c9
CMA:2025.92.b,2025.92.b,2025.92,679122,,,The Twenty Four Paragons of Filial Piety,二十四孝,"China, Qing dynasty (1644–1911), Yongzheng reign (1723–35) to Qianlong reign (1736–95)",1723–95,Print,Polychrome woodblock print; ink and color on paper,"(Christer von der Burg, sold to the Cleveland Museum of Art) (?–2025); The Cleveland Museum of Art, Cleveland, OH (2025–)",CC0,https://clevelandart.org/art/2025.92.b,,,,0,0,0,1,1,25dbaae84491d2c52d33c885d7be9692b46a07655e1bbdf146eddb82c919e988
CMA:2025.92.c,2025.92.c,2025.92,679123,,,A Scene of Early Spring,早春圖,"China, Qing dynasty (1644–1911), Kangxi reign (1622–1722) to Yongzheng reign (1723–35)",1662–1735,Print,Polychrome woodblock print; ink and color on paper,"(Christer von der Burg, sold to the Cleveland Museum of Art) (?–2025); The Cleveland Museum of Art, Cleveland, OH (2025–)",CC0,https://clevelandart.org/art/2025.92.c,,,,0,0,0,1,1,1ac666f57fad1fc98132a371bba8e61cb49169371efcecad483a0dde54d296f3
CMA:2025.93,2025.93,2025.93,679127,,,Happy New Year,新春樂,"China, Qing dynasty (1644–1911), Kangxi reign (1622–1722)",1662–1722,Print,Polychrome woodblock print; ink and color on paper,"(Christer von der Burg, sold to the Cleveland Museum of Art) (?–2025); The Cleveland Museum of Art, Cleveland, OH (2025–)",CC0,https://clevelandart.org/art/2025.93,,,,0,0,0,1,1,019b56fb5926037dd28b03f1b608f26cc2c83ec90358a583665df45d45332e04
CMA:2025.94,2025.94,2025.94,679128,,,"Wife, Wealth, Sons, and a Salary",妻財子禄,"China, Qing dynasty (1644–1911), Kangxi reign (1622–1722)",1662–1722,Print,Polychrome woodblock print; ink and color on paper,"(Christer von der Burg, sold to the Cleveland Museum of Art) (?–2025); The Cleveland Museum of Art, Cleveland, OH (2025–)",CC0,https://clevelandart.org/art/2025.94,,,,0,0,0,1,1,6b14062492e5e5d414313f331db89501b369c830b3742a0189d8604c89b45a02
CMA:2025.95,2025.95,2025.95,679264,,,New Year's Day,歲朝圖,"China, Qing dynasty (1644–1911), Qianlong period (1736–95)",1736–95,Print,Hanging scroll; polychrome woodblock print; ink and color on paper,"(Christer von der Burg, sold to the Cleveland Museum of Art) (?–2025); The Cleveland Museum of Art, Cleveland, OH (2025)",CC0,https://clevelandart.org/art/2025.95,,,,0,0,0,1,1,fea3703567c22f65dc389a383db3c3e709c71760af237b2f467a6f3f04f78ea8
CMA:2025.96,2025.96,2025.96,679265,,,Story of the Western Chamber,⻄廂記,"China, Qing dynasty (1644–1911), Qianlong period (1736–95)",1736–95,Print,Hanging scroll; polychrome woodblock print; ink and color on paper,"(Christer von der Burg, sold to the Cleveland Museum of Art) (?–2025); The Cleveland Museum of Art, Cleveland, OH (2025–)",CC0,https://clevelandart.org/art/2025.96,,,,0,0,0,1,1,a57c2455e06ca4e82e67551813b827b3db899c4d65b164ddf37676b752204a8c
CMA:2025.97,2025.97,2025.97,679266,,,The Fierce Battle at the Red Cliff,赤壁鏖兵圖,"China, Qing dynasty (1644–1911), Qianlong period (1736–95)",1736–95,Print,Hanging scroll; multicolor woodblock print on paper,Christer von der Burg,CC0,https://clevelandart.org/art/2025.97,,,,0,0,0,1,1,225f3f214ff40f17e57e58d61879ea8bd87b9e29cc59928752a3464cfa042122
CMA:2025.98,2025.98,2025.98,679267,,,Mother with Son Holding a Brush,母童執筆圖,"China, Qing dynasty (1644–1911), Qianlong period (1736–95)",1736–95,Print,Hanging scroll; polychrome woodblock print; ink and color on paper,"(Christer von der Burg, sold to the Cleveland Museum of Art) (?–2025); The Cleveland Museum of Art, Cleveland, OH (2025–)",CC0,https://clevelandart.org/art/2025.98,,,,0,0,0,1,1,3f12ce383264ea300cf35a3df27426bc8c78e0d800c97f71875422573ed9f317
CMA:2025.99,2025.99,2025.99,679268,,,Fang Qing Collapses on the Snow and Encounters Bi Yunxian,方卿跌雪遇畢雲顯,"China, Qing dynasty (1644–1911), Jiaqing period (1796–1820)",1796–1820,Print,Polychrome woodblock print; ink and color on paper,"(Christer von der Burg, sold to the Cleveland Museum of Art) (?–2025); The Cleveland Museum of Art, Cleveland, OH (2025–)",CC0,https://clevelandart.org/art/2025.99,,,,0,0,0,1,1,aa6cb8d9c169380cf42537c80c8ad5aff0775bbdae5b6b838b49876a6c61d40a
CMA:2025.100,2025.100,2025.100,396870,,,View of Changmen Gate in Suzhou,蘇州閶⾨景,"China, Suzhou, Qing dynasty (1644–1911)",1700s,Print,Hanging scroll; printed in two shades of black and red ink,"(Christer von der Burg, sold to the Cleveland Museum of Art) (?–2025); The Cleveland Museum of Art, Cleveland, OH (2025–)",CC0,https://clevelandart.org/art/2025.100,,,,0,0,0,1,1,f73b56f824550dddbcd9df4e9a969b016673f4188826a359413cf83273af5965
CMA:2025.101,2025.101,2025.101,679269,,,Long Guanbao from the Ballad Wuxiangqiu Performs Martial Arts on a Stage,武香球龍官寶打擂檯,"China, Qing dynasty (1644–1911), Qianlong period (1736–95)",1736–95,Print,Polychrome woodblock print; ink and color on paper,"(Christer von der Burg, sold to the Cleveland Museum of Art) (?–2025); The Cleveland Museum of Art, Cleveland, OH (2025–)",CC0,https://clevelandart.org/art/2025.101,,,,0,0,0,1,1,ae54ede15b9b23ffe39730a8b3138526683f6b8136185e4fed7ddd15017c7f1e
CMA:2025.102,2025.102,2025.102,679270,,,Eight Immortals Honoring the God of Longevity,八仙上壽選仙圖,"China, Qing dynasty (1644–1911), Qianlong period (1736–95)",1736–95,Print,Woodblock print; ink on paper,"(Christer von der Burg, sold to the Cleveland Museum of Art) (?–2025); The Cleveland Museum of Art, Cleveland, OH (2025–)",CC0,https://clevelandart.org/art/2025.102,,,,0,0,0,1,1,c4e4d5e2ffcf2a7575d5a59db625af656d0a43c644f450a1e55b03208e8d78c7
CMA:2025.103,2025.103,2025.103,679271,,,Eight Immortals and Twelve Zodiac Animals,八仙十二生肖圖,"China, Qing dynasty (1644–1911), Qianlong period (1736–95)",1736–95,Print,Woodblock print; ink on paper,"(Christer von der Burg, sold to the Cleveland Museum of Art) (?–2025); The Cleveland Museum of Art, Cleveland, OH (2025–)",CC0,https://clevelandart.org/art/2025.103,,,,0,0,0,1,1,a422c3a8f24bfccbfb1551681bcfdc37c20a459305d88475bd942d9c07dbcaad
CMA:2025.104,2025.104,2025.104,679272,,,Dominoes,骨牌圖,"China, Qing dynasty (1644–1911), Qianlong period (1736–95)",1736–95,Print,Woodblock print; ink on paper,"(Christer von der Burg, sold to the Cleveland Museum of Art) (?–2025); The Cleveland Museum of Art, Cleveland, OH (2025–)",CC0,https://clevelandart.org/art/2025.104,,,,0,0,0,1,1,debaeb802d07a4101016fcf9cd09b0b1f4c4cc2c9982aaa25860e5104681dbf1
CMA:2025.105,2025.105,2025.105,679273,,,Leifeng Pagoda Board Game,雷峰塔牌子,"China, Qing dynasty (1644–1911), Qianlong period (1736–95)",1736–95,Print,Woodblock print; ink on paper,"(Christer von der Burg, sold to the Cleveland Museum of Art) (?–2025); The Cleveland Museum of Art, Cleveland, OH (2025–)",CC0,https://clevelandart.org/art/2025.105,,,,0,0,0,1,1,f32dd68dfffd710fff983127701550460e34c3e631290b798dc8695a95da57f4
CMA:2025.106,2025.106,2025.106,679345,,,"Winter Basket: Narcissus, Camellia, and Wax Plum",冬藍：水仙、茶花、蠟梅,"China, Suzhou, Qing dynasty (1644–1911)",1700–1750,Print,Polychrome woodblock print; ink and color on paper,"(Christer von der Burg, sold to the Cleveland Museum of Art) (?–2025); The Cleveland Museum of Art, Cleveland, OH (2025–)",CC0,https://clevelandart.org/art/2025.106,,,,0,0,0,1,1,4ef0d8f3a0d0cd5b5020a99c64572e95521c1e3ecffd17f21e38141552217db1
CMA:2025.107,2025.107,2025.107,679346,,,"Spring Basket: Peony, White Magnolia, and Peach Blossom",春藍：牡丹、白玉蘭、桃花,"China, Suzhou, Qing dynasty (1644–1911)",1700–1750,Print,Polychrome woodblock print; ink and color on paper,"(Christer von der Burg, sold to the Cleveland Museum of Art) (?–2025); The Cleveland Museum of Art, Cleveland, OH (2025–)",CC0,https://clevelandart.org/art/2025.107,,,,0,0,0,1,1,64b699195b3a5876884458498db36f1030b3556527b9b1ef9248a64ad7105ef9
CMA:2025.108,2025.108,2025.108,679347,,,Bird on Pomegranate,石榴上的鳥兒,"Southeast China, Suzhou, Qing dynasty (1644–1911)",1700–1750,Print,Multicolor woodblock print; ink and color on paper,"(Christer von der Burg, sold to the Cleveland Museum of Art) (?–2025); The Cleveland Museum of Art, Cleveland, OH (2025–)",CC0,https://clevelandart.org/art/2025.108,,,,0,0,0,1,1,fdf3dbdb709283efa5032ddde5b199f62122c35a9bce775f61cf52b81506be04
CMA:2025.109,2025.109,2025.109,679348,,,Waxbills,臘轉春回 - 蠟嘴鳥,"China, Suzhou, Qing dynasty (1644–1911)",1700–1750,Print,Polychrome woodblock print; ink and color on paper,"(Christer von der Burg, sold to the Cleveland Museum of Art) (?–2025); The Cleveland Museum of Art, Cleveland, OH (2025–)",CC0,https://clevelandart.org/art/2025.109,,,,0,0,0,1,1,e1b25f4e7efec061611d53d2d0d16a5ad8c5af617d76c220af82da3c8000e8b2
CMA:2025.110,2025.110,2025.110,679352,,,Birds on Plum Branches,,"Southeast China, Suzhou, Qing dynasty (1644–1911)",1700–1750,Print,Multicolor woodblock print; ink and color on paper,"(Christer von der Burg, sold to the Cleveland Museum of Art) (?–2025); The Cleveland Museum of Art, Cleveland, OH (2025–)",CC0,https://clevelandart.org/art/2025.110,,,,0,0,0,1,1,7347445a9d60525e73e2d08da24210daeb62186923f6a7158fbfce4139e3f2a7
CMA:2025.111,2025.111,2025.111,679353,,,Sleeping Birds,月下樹上小鳥,"Southeast China, Suzhou, Qing dynasty (1644–1911)",1700–1750,Print,Multicolor woodblock print; ink and five colors on paper,"(Christer von der Burg, sold to the Cleveland Museum of Art) (?–2025); The Cleveland Museum of Art, Cleveland, OH (2025–)",CC0,https://clevelandart.org/art/2025.111,,,,0,0,0,1,1,0d8f547f2ef7c6670063b7133a457e7e34916349b9ee54fd4f3dea8851845048
CMA:2025.112,2025.112,2025.112,679354,,,Butterflies on Roses,玫瑰與蝴蝶,"China, Suzhou, Qing dynasty (1644–1911)",1700–1750,Print,Polychrome woodblock print; ink and color on paper,"(Christer von der Burg, sold to the Cleveland Museum of Art) (?–2025); The Cleveland Museum of Art, Cleveland, OH (2025–)",CC0,https://clevelandart.org/art/2025.112,,,,0,0,0,1,1,861db04bfc869fbc36976e705551d47f7240a43a3fac99dc45ca3d003541a236
CMA:2025.113,2025.113,2025.113,679355,,,Lotus Seeds and Water Caltrops,蓮蓬和菱角,"Southeast China, Suzhou, Qing dynasty (1644–1911)",1700–1750,Print,Multicolor woodblock print; ink and color on paper,"(Christer von der Burg, sold to the Cleveland Museum of Art) (?–2025); The Cleveland Museum of Art, Cleveland, OH (2025–)",CC0,https://clevelandart.org/art/2025.113,,,,0,0,0,1,1,ea9b2f9c8fb1647d9ee71e91a94c2c8ef29ee2ed320592be2216319db20e4978
CMA:2025.114,2025.114,2025.114,679365,,,Apples and Pomegranates,,"China, Suzhou, Qing dynasty (1644–1911)",first half of the 1700s,Print,Polychrome woodblock print; ink and color on paper,"(Christer von der Burg, sold to the Cleveland Museum of Art) (?–2025); The Cleveland Museum of Art, Cleveland, OH (2025–)",CC0,https://clevelandart.org/art/2025.114,,,,0,0,0,1,1,da32d00fa93997c59458bfa84ecc2b60596610c9be89c8ac1f7b9011804e0068
CMA:2025.115,2025.115,2025.115,679366,,,Watermelon and Grapes,西瓜與葡萄,"China, Suzhou, Qing dynasty (1644–1911)",1700–1750,Print,Polychrome woodblock print; ink and color on paper,"(Christer von der Burg, sold to the Cleveland Museum of Art) (?–2025); The Cleveland Museum of Art, Cleveland, OH (2025–)",CC0,https://clevelandart.org/art/2025.115,,,,0,0,0,1,1,84436300ae5f204048ffcfc5f1b20d7cd8a46a7503562654363bd349d4a80f50
CMA:2025.116,2025.116,2025.116,398727,,,Grasshopper on Pomegranate,蚱蜢石榴,"Southeast China, Suzhou, Qing dynasty (1644–1911)",1700–1750,Print,Woodblock printed in black and six other colors,"(Christer von der Burg, sold to the Cleveland Museum of Art) (?–2025); The Cleveland Museum of Art, Cleveland, OH (2025–)",CC0,https://clevelandart.org/art/2025.116,,,,0,0,0,1,1,4d5c962ba6d3d6da6e92d1b567d5866ed2b56c83a68ec07535624d2f207ae38b
CMA:2025.117,2025.117,2025.117,679367,,,Praying Mantis on a Lychee,荔枝上的螳螂,"Southeast China, Suzhou, Qing dynasty (1644–1911)",1700–1750,Print,Multicolor woodblock print; ink and color on paper,"(Christer von der Burg, sold to the Cleveland Museum of Art) (?–2025); The Cleveland Museum of Art, Cleveland, OH (2025–)",CC0,https://clevelandart.org/art/2025.117,,,,0,0,0,1,1,7eb31dc20dc2a5ebc07d373d3778fb8d527279208cdb968f4868bb9c50041626
CMA:2025.118,2025.118,2025.118,679368,,,Bird on Lotus,蓮花和鸟,"Southeast China, Suzhou, Qing dynasty (1644–1911)",1700–1750,Print,Multicolor woodblock print and embossing; ink and color on paper,"(Christer von der Burg, sold to the Cleveland Museum of Art) (?–2025); The Cleveland Museum of Art, Cleveland, OH (2025–)",CC0,https://clevelandart.org/art/2025.118,,,,0,0,0,1,1,ad51c25f8cfaa28b33d2c2e08f3dfd0c774e57a9d436f4d4358924f5ee957e31
CMA:2025.119,2025.119,2025.119,679369,,,Three Friends of Winter,歲寒三友圖,"Southeast China, Suzhou, Qing dynasty (1644–1911)",1700s,Print,Multicolor woodblock print; ink and color on paper,"(Christer von der Burg, sold to the Cleveland Museum of Art) (?–2025); The Cleveland Museum of Art, Cleveland, OH (2025–)",CC0,https://clevelandart.org/art/2025.119,,,,0,0,0,1,1,479351e88b2e136c8fca1aaa41192eb3c1b92b12a9eac1e2c5f3a902d6482b4b
CMA:2025.120,2025.120,2025.120,679370,,,Insect on Viburnum,紫荊上的昆蟲,"China, Suzhou, Qing dynasty (1644–1911)",1700–1750,Print,Polychrome woodblock print; ink and color on paper,"(Christer von der Burg, sold to the Cleveland Museum of Art) (?–2025); The Cleveland Museum of Art, Cleveland, OH (2025–)",CC0,https://clevelandart.org/art/2025.120,,,,0,0,0,1,1,8b69e9e762da8fed3e2fe0146815edb86c3cdea32f01aca11f1aad0de82a1693
CMA:2025.121,2025.121,2025.121,679371,,,"Chrysanthemum, Begonia, and Blue Asters",菊花、秋海棠、與紫菀,"China, Suzhou, Qing dynasty (1644–1911)",1700–1750,Print,Polychrome woodblock print; ink and color on paper,"(Christer von der Burg, sold to the Cleveland Museum of Art) (?–2025); The Cleveland Museum of Art, Cleveland, OH (2025–)",CC0,https://clevelandart.org/art/2025.121,,,,0,0,0,1,1,04866ff444625db2eea26e3220d75407707d2aaecbd65407d2eaeabc4ea55b54
CMA:2025.122,2025.122,2025.122,679372,,,"Chrysanthemum, Begonia, and Blue Asters",菊花、秋海棠、與紫菀,"China, Suzhou, Qing dynasty (1644–1911)",1700–1750,Print,Polychrome woodblock print; ink and color on paper,"(Christer von der Burg, sold to the Cleveland Museum of Art) (?–2025); The Cleveland Museum of Art, Cleveland, OH (2025–)",CC0,https://clevelandart.org/art/2025.122,,,,0,0,0,1,1,3cfc02ddfb0bcf8a42fee62df8ff873b04a2a78cc6540b0365a9e15ad150c221
CMA:2025.123,2025.123,2025.123,679373,,,Mustard Garden Print,芥子園畫譜,"China, Suzhou, Qing dynasty (1644–1911)",1700–1750,Print,Polychrome woodblock print; ink and color on paper,"(Christer von der Burg, sold to the Cleveland Museum of Art) (?–2025); The Cleveland Museum of Art, Cleveland, OH (2025–)",CC0,https://clevelandart.org/art/2025.123,,,,0,0,0,1,1,2ad85f3b76975506fd5d10d542cad14e1f3344555b5f7f00648afcffd901faa4
CMA:2025.124,2025.124,2025.124,679374,,,"Autumn Basket: Hibiscus, Yellow Hibiscus, and Chrysanthemum",秋籃: 芙蓉花、黃芙蓉與菊花,"China, Suzhou, Qing dynasty (1644–1911)",1700–1750,Print,Polychrome woodblock print; ink and color on paper,"(Christer von der Burg, sold to the Cleveland Museum of Art) (?–2025); The Cleveland Museum of Art, Cleveland, OH (2025–)",CC0,https://clevelandart.org/art/2025.124,,,,0,0,0,1,1,6ac2106f550a627aa60a237e7885ac068c8d73a5268896a95b97181b9ff468da
CMA:2025.125,2025.125,2025.125,679375,,,Praying Mantis on a Lychee,荔枝上的螳螂,"China, Suzhou, Qing dynasty (1644–1911)",1700–1750,Print,Polychrome woodblock print; ink and color on paper,"(Christer von der Burg, sold to the Cleveland Museum of Art) (?–2025); The Cleveland Museum of Art, Cleveland, OH (2025–)",CC0,https://clevelandart.org/art/2025.125,,,,0,0,0,1,1,ddfad1e4ac9dccc102ceeade125a16d316da8159b735a13d1136430449ef7a89
CMA:2025.126,2025.126,2025.126,679376,,,Vase with Peony,博古花卉圖,"Southeast China, Suzhou, Qing dynasty (1644–1911)",1700–1750,Print,Multicolor woodblock print; ink and color on paper,"(Christer von der Burg, sold to the Cleveland Museum of Art) (?–2025); The Cleveland Museum of Art, Cleveland, OH (2025–)",CC0,https://clevelandart.org/art/2025.126,,,,0,0,0,1,1,de5ecd3131dac3da91a54a9e6c85c4fc1ba8b992ac34a72099cdc39e6ca75ef4
CMA:2025.127,2025.127,2025.127,679377,,,Plum and Camellia in a Bronze Vase,博古花卉圖,"Southeast China, Suzhou, Qing dynasty (1644–1911)",1700–1750,Print,Multicolor woodblock print; ink and color on paper,"Christer von der Burg, sold to the Cleveland Museum of Art) (?–2025); The Cleveland Museum of Art, Cleveland, OH (2025–)",CC0,https://clevelandart.org/art/2025.127,,,,0,0,0,1,1,e7a460e97cf86ef52d64545e1aa4d78108d7b2e4bb7825c3329cf595872fd52b
CMA:2025.128,2025.128,2025.128,685895,,,One Hundred Boys,百子圖,"China, Qing dynasty (1644–1911), Jiaqing period (1796–1820)",1700s,Print,woodblock print,"(Christer von der Burg, sold to the Cleveland Museum of Art) (?–2025); The Cleveland Museum of Art, Cleveland, OH (2025–)",CC0,https://clevelandart.org/art/2025.128,,,,0,0,0,1,1,222d752f6e83a7d682f9ed4b715f52ff093aa13a436c35c6bb6ac5e7651c5522
CMA:2025.129,2025.129,2025.129,685894,,,May You Soon Bear Noble Sons,早生貴子圖,"China, Qing dynasty (1644–1911), Jiaqing period (1796–1820)",1700s,Print,woodblock print,"(Christer von der Burg, sold to the Cleveland Museum of Art); The Cleveland Museum of Art, Cleveland, OH",CC0,https://clevelandart.org/art/2025.129,,,,0,0,0,0,1,36d24acd8ac3324be7fc626dd826da7c8256d2527475d2af70099854cc938d47
CMA:2025.212,2025.212,2025.212,703303,,,Zhang Xian Brings Sons,張仙送子,"China, Qing dynasty (1644–1911)",1644–1911,Print,Polychrome woodblock print; ink and color on paper,"Christer von der Burg, given to the Cleveland Museum of Art (1997–2025); The Cleveland Museum of Art, Cleveland, OH (2025–)",CC0,https://clevelandart.org/art/2025.212,,,,0,0,0,0,1,29521ebcac258f18112e93b0b84013f6a8a8cbadb11498d95b49159d2a2a9db9
CMA:2025.213,2025.213,2025.213,703302,,,One Hundred Boys,百子圖,China,1990s,Print,woodblock print; ink and color on paper,"Christer von der Burg, given to the Cleveland Museum of Art (1997–2025); The Cleveland Museum of Art, Cleveland, OH (2025–)",Copyrighted,https://clevelandart.org/art/2025.213,,,,0,0,0,0,1,59a41fed23dd01eff01558f5805e7b04d57e26ca2b274c86363c34261f76e385
CMA:2025.214,2025.214,2025.214,703301,,,One Hundred Boys,百子圖,China,1970s,Print,woodblock print; ink and color on paper,"Christer von der Burg, given to the Cleveland Museum of Art (1997–2025); The Cleveland Museum of Art, Cleveland, OH (2025–)",Copyrighted,https://clevelandart.org/art/2025.214,,,,0,0,0,0,1,89268d099adf759ce228ec3f07e6852d6e51f1f6344ace8ab84fd78ec21c6f97
