museum_code,accession,record_kind,current_title_en,current_title_zh,book_catalogue_no,book_page,old_blog_post,old_blog_date,old_blog_url,old_title_or_caption,author_collection_explicit,old_dimensions_cm,old_signature_or_attribution,recovered_topics,match_basis,confidence,status,notes
CMA,2025.84,object,Gathering Osmanthus,折桂圖,52,198-199,LADY PLAYING THE QIN WATCHED BY RABBITS,2022-09-20,https://chiwoopri.wordpress.com/2022/09/20/lady-playing-the-qin-watched-by-rabbits/,Zhe Gui Tu 折桂圖 / Gathering Osmanthus,1,119.3 x 62.2,"paired with Gongyuan Tu; attribution reasoning toward Guan Lian","pairing with 宮苑圖; Guan Lian/Guan Ruiyu/Xinde Studio network; attribution argument; dimensions","exact Chinese and English title + explicit Author's collection + dimensions consistent with CMA + independently fixed book no.52/page anchor",very_high,verified_prepublication_text_ancestor,"Blog is evidence for pre-publication research ancestry, not proof of verbatim catalogue wording. Book pages 198-199 remain medium-confidence reading."
CMA,2025.83,object,Music in the Jade Palace,瓊宮樂奏圖,,,A UNIQUE CHINESE PRINT WITH WESTERN INFLUENCE,2024-10-16,https://chiwoopri.wordpress.com/2024/10/16/a-unique-chinese-print-with-western-influence/,Qionggong Yuezou Tu 瓊宮樂奏圖,1,,"signed Han Huaide according to blog","shared Swedish-family provenance with Xiyang Lou; Swedish East India Company family ties; long rolled storage on mangle roller; Han Huaide attribution context","exact Chinese title + explicit Author's collection + direct provenance discussion; current CMA title is exact translation",very_high,verified_prepublication_text_ancestor,"Same blog post also anchors MET 2025.422; useful for reconstructing cross-entry comparison/provenance prose."
MET,2025.422,object,View of Western architecture,,,,A UNIQUE CHINESE PRINT WITH WESTERN INFLUENCE,2024-10-16,https://chiwoopri.wordpress.com/2024/10/16/a-unique-chinese-print-with-western-influence/,Xiyang Lou / Western architecture print,1,,"possible Han Huaide attribution argued, not asserted as signed","Western buildings; linear perspective and crosshatching; foreign figures/script; lingzhi; possible Jesuit; comparison to Umi-Mori Epang Gong Tu and Liaoning Xiyang Juchang Tu; Swedish-family provenance","current Met title and composition correspond directly to blog's Xiyang Lou subject + explicit Author's collection + shared provenance with CMA 2025.83",very_high,verified_prepublication_text_ancestor,"Preserve Han Huaide as a hypothesis/argument from the blog, not a settled attribution."
MET,2025.389,object,Twenty-Eight Constellations Battle at Kunyang,,,,EARLY CHINESE PRINTS IN GERMANY,2021-12-08,https://chiwoopri.wordpress.com/2021/12/08/early-chinese-prints-in-germany/,Ershiba Xiu Nao Kunyang 二十八宿鬧昆陽 / Twenty-Eight Constellations Battle at Kunyang,1,102.5 x 54.2,"Jinling Cao Sheng xie 金陵曹陞寫","Cao Sheng authorship/signature; relation to other Cao Sheng prints and European collections; dimensions","exact English title + distinctive Chinese title in blog + explicit Author's collection",very_high,verified_prepublication_text_ancestor,"Strong candidate for recovering the catalogue entry's artist/comparanda apparatus."
MET,2025.396,object,Zhaojun Leaves for the North,,,,THE LÜ 吕 FAMILY AND THEIR PRINTS,2020-02-09,https://chiwoopri.wordpress.com/2020/02/09/the-lu-family-and-their-prints/,Zhaojun Chusai 昭君出塞 / Zhaojun Leaves for the North,1,"c. 60 x 38 family format","Gusu Lü Yuntai Zi Junhan Faxing 姑蘇呂雲臺子君翰發行","Lü Junhan family/studio genealogy; signature; portrait-format innovation; three-part circular/fan/rectangular layout; Kangxi dating context","exact English title + explicit Author's collection + distinctive layout/signature",very_high,verified_prepublication_text_ancestor,"Blog's c.60x38 statement describes Junhan's format generally; do not treat as an individually measured dimension unless separately confirmed."
CMA,2025.91,compound_cover,Two Prints: Mu Yuying Smashes the Gate of Heaven Formation; Happy Fisherfolk,穆御英大破天門陣; 漁家歡樂,,,THE LÜ 吕 FAMILY AND THEIR PRINTS,2020-02-09,https://chiwoopri.wordpress.com/2020/02/09/the-lu-family-and-their-prints/,Mu Yuying Dapo Tianmen Zhen 穆御英大破天門陣 / Mu Yuying Breaks Heavenly Formation,1,"c. 38 x 60 Lü Yuntai landscape-group format","Lü Yuntai Faxing 呂雲台發行","Lü Yuntai studio/signature; Bei Temple/Taohuawu workshop context; Kangxi dating via family corpus","exact Chinese title inside current CMA two-print record + explicit Author's collection",very_high,verified_prepublication_text_ancestor_component,"CMA accession 2025.91 is a compound record for two physical prints bound along the middle; this row represents the Mu Yuying component, not an independent accession."
CMA,2025.91,compound_cover,Two Prints: Mu Yuying Smashes the Gate of Heaven Formation; Happy Fisherfolk,穆御英大破天門陣; 漁家歡樂,,,THE LÜ 吕 FAMILY AND THEIR PRINTS,2020-02-09,https://chiwoopri.wordpress.com/2020/02/09/the-lu-family-and-their-prints/,Yu Jia Huan Le 漁家歡樂 / Happy Fisherfolk,1,"c. 38 x 60 Lü Tianzhi landscape-group format","Gusu Lü Yuntai Zi Tianzhi Faxing 姑蘇呂雲臺子天植發行","Lü Tianzhi genealogy/signature; scene with 61 people fishing; comparison to two Dresden impressions inventoried in 1738; Kangxi dating context","exact Chinese and English title inside current CMA two-print record + explicit Author's collection",very_high,verified_prepublication_text_ancestor_component,"CMA accession 2025.91 is a compound record; blog provides substantial comparanda likely relevant to the catalogue description."
MET,2025.420,object,Spring Morning in the Han Palace,,,,LADY PLAYING THE QIN WATCHED BY RABBITS,2022-09-20,https://chiwoopri.wordpress.com/2022/09/20/lady-playing-the-qin-watched-by-rabbits/,Han Gong Chunxiao 漢宮春曉 / Spring Morning in the Han Palace,1,30 x 30,"Gusu Guan Ruiyu cang ban 姑蘇管瑞玉藏板; title text signed Yufeng Guan Lian xie yu yunshui ge 玉峰管聯寫于雲水閣","Guan Ruiyu/Guan Lian relationship; Xinde/Guan workshop corpus; signatures and inscription; dimensions","exact English title + explicit Author's collection + distinctive signatures",very_high,verified_prepublication_text_ancestor,"Part of the same Guan Ruiyu/Guan Lian research cluster as Gathering Osmanthus."
MET,2025.423,object,A Hunt on the Plains,,,,LADY PLAYING THE QIN WATCHED BY RABBITS,2022-09-20,https://chiwoopri.wordpress.com/2022/09/20/lady-playing-the-qin-watched-by-rabbits/,Pingyuan Wei Lie 平原圍獵 / Great Hunt on the Plain,1,114 x 56.2,"Gusu Guan Ruiyu cang ban 姑蘇管瑞玉藏板","Guan Ruiyu workshop/signature; dimensions; place within newly reconstructed Guan corpus","near-exact English semantic title + explicit Author's collection + signature + dimensions in same Guan corpus",high,verified_prepublication_text_ancestor,"Current Met title 'A Hunt on the Plains' is a wording variant of blog 'Great Hunt on the Plain'; identity is strongly supported by the distinctive Chinese title and Guan signature context."
MET,2025.370,object,Basin of Accumulated Treasures,,,,Prints in Schloss Wörlitz 2 – Jubaopen,2020-01-27,https://chiwoopri.wordpress.com/2020/01/27/prints-in-schloss-worlitz-2-jubaopen/,Jubaopen 聚寶盆 / Basin of Treasure,1,105 x 54.5,,"three joined woodblocks forming continuous scene; Shen Wansan; money tree; treasure basin; money dragon; Liu Hai and three-legged toad; Hehe Erxian; Fu-Lu-Shou; auspicious homophones; foreign tribute bearers; possible seventeenth-century Suzhou kunqu Jubaopen source; Akita and Wörlitz comparanda; Qianlong dating by Wörlitz terminus","exact Chinese subject/title + near-exact English title + explicit statement example also in my collection + blog dimensions 105 x 54.5 cm versus Met image 105.1 x 54.6 cm",very_high,verified_prepublication_text_ancestor,"One of the strongest identity matches because dimensions independently converge to within millimetres. Blog's historical/iconographic claims should be preserved as the author's interpretation, not silently converted into museum fact."
MET,2025.432,object,Children and Grandchildren Bring Fortune and Prosperity. The Eight Barbarians Bring Tribute,兒孫福祿 八蛮進寶,,,Prints in Schloss Wörlitz 4 – Er Sun Fu Lu, Ba Man Jin Bao,2020-02-03,https://chiwoopri.wordpress.com/2020/02/03/prints-in-schloss-worlitz-4-er-sun-fu-lu-ba-man-jin-bao/,Er Sun Fu Lu 兒孫福祿 / Ba Man Jin Bao 八蛮進寶,1,99 x 55.5,"Jinling Cao Sheng xie 金陵曹陞寫","foreign tribute emissaries and gifts; Wuzhuangyuan banner; Wuying Dian imperial printing hall; Ming-style dress; western linear perspective and hatching; Cao Sheng/Cao Huazhang attribution problem; Wörlitz and other Cao Sheng comparanda; pre-1773 terminus","exact bilingual title + explicit Author's Collection + blog dimensions 99 x 55.5 cm versus Met image 98.1 x 55.1 cm + Cao Sheng signature",very_high,verified_prepublication_text_ancestor,"Blog offers a near-complete candidate skeleton for the book entry: iconography, inscription, artist, comparanda, technique/style and dating argument."
MET,2025.460,compound_object,"Wooden chest with print Gusu Beauty in Winter pasted inside",,,,A Gusu Beauty Hiding in a Swedish Chest,2015-10-18,https://chiwoopri.wordpress.com/2015/10/18/a-gusu-beauty-hiding-in-a-swedish-chest/,Swedish Hallandskista with Gusu Beauty No. 8 pasted inside lid,0,"chest 120 x 59 x 66 cm; lid outside 127 x 63; inside 118 x 61",,"Swedish chest type and construction; Staffan Haegermark ownership in 2015; Åmål and Reuter-sisters auction chain; Hall-family/Gothén hypothesis and explicit later correction that Hall ownership lacked documentary proof; Swedish East India Company context; print margins and wear; unusual use of print as lid lining","unique object configuration + exact overall dimensions: blog 120 x 59 x 66 cm versus Met 120 x 59 x 66.3 cm + same Gusu Beauty in Winter print inside lid",very_high,verified_prepublication_object_history,"Identity is object-level and exceptionally strong. Do not mark Author's Collection explicit for the chest itself: in 2015 the blog says Staffan Haegermark possessed it; later transfer history should be reconstructed separately. Preserve the blog's correction rejecting undocumented Hall-family provenance."
MET,2025.421,object,Adoration of a Sage,朝貢聖人,,,Three Gusu Prints in the Round,2018-04-20,https://chiwoopri.wordpress.com/2018/04/20/some-suzhou-prints-in-the-round/,Round Gusu print with Christian(?) motif,1,"diameter 27","unsigned in cited passage; possible Guan Ruiyu connection explicitly speculative","rare round format; four figures greeting elderly bearded sage and younger assistant arriving by boat; Central Asian tribute figures; coral branches; peacock feathers and possible Magu reading; Italianate buildings; Western cross-hatching/perspective; comparison to Matteo Ricci/Xu Guangqi image in Kircher; speculative Christian/Jesuit interpretation","current Met title and Chinese 朝貢聖人 match adoration/tribute scene + exceptionally rare round format + Met image 24.5 x 24.4 cm versus blog c.27 cm + explicit Author's collection",very_high,verified_prepublication_text_ancestor,"The blog's Christian-propaganda and possible Guan Ruiyu readings are explicitly speculative and must remain hypotheses. The slight diameter difference is compatible with image-versus-sheet/mount measurement conventions and does not by itself prove identity; the combined subject, format and ownership evidence does."
MET,2025.430,object,Stone Lake In Suzhou : An Emulation of ‘Famous Scenes of West Lake’,姑蘇石湖倣西湖勝景,,,A Controversial Print of Suzhou 姑蘇石湖倣西湖勝景,2012-11-24,https://chiwoopri.wordpress.com/2012/11/24/a-controversial-print-of-suzhou-%E5%A7%91%E8%98%87%E7%9F%B3%E6%B9%96%E5%80%A3%E8%A5%BF%E6%B9%96%E5%8B%9D%E6%99%AF/,Print A: complete Stone Lake / Changmen two-sheet hanging-scroll image,1,"71 x 53","upper section carries Gen yan shi 根延氏 or Gen chu shi 根處氏 reading; uncertain","two-sheet construction joined nearly invisibly; evidence that upper/lower sections could be marketed separately with printed borders; Stone Lake and Hanshan Temple upper half; Changmen Gate lower half; shop labels; possible Gen signature; Kobe and Japanese/private comparanda; related Nagasaki composition; questions about two-versus-three-sheet reconstruction and Chinese/Japanese transmission","exact distinctive Chinese title + blog correction in 2017 explicitly says author acquired print A + blog dimensions 71 x 53 cm versus Met image 71.1 x 53.5 cm",very_high,verified_prepublication_text_ancestor,"Blog originally stated none of the discussed prints was in the author's collection, then added a 2017 correction that he had acquired print A. Preserve that chronological correction. The proposed signature reading, third-sheet possibility and transmission hypotheses remain unresolved research arguments."
CMA,2025.49,object,Gusu Beauty – Winter,姑蘇美人 – 冬,,,Gusu Beauties Print 1,2012-10-28,https://chiwoopri.wordpress.com/2012/10/28/suzhou-beauties-print-1/,Gusu Beauties Print 1,1,110 x 60,"麟兒集慶新年瑞; 姑蘓信德號","winter/New Year scene; woman in blue fur-lined robe; three boys including one lighting firecrackers; two dogs; narcissus; Three Friends of Winter; Xinde Studio; diptych relation with Print 8; Chinese Porcelain Company acquisition and later European comparanda","CMA full official record transcribes 麟児集庆新年瑞，姑苏信德号, matching old Print 1 inscription; old 110 x 60 cm versus current approximately 111–113 x 62–64 cm; current title Winter and Christer provenance agree",very_high,verified_prepublication_text_ancestor,"Exact inscription is the decisive discriminator from other Gusu Beauty in Winter designs. Preserve the museum's character forms separately from the blog transcription."
CMA,2025.51,object,Gusu Beauties of the Four Seasons – Winter,四季姑蘇美人圖 – 冬,,,Gusu Beauties Print 6,2012-11-03,https://chiwoopri.wordpress.com/2012/11/03/suzhou-beauties-print-6/,Gusu Beauties Print 6,1,98 x 55,,"woman holding small child with two older boys; sable hats and long robes; snow and ice; bare trees; warming/incense vessel; member of four-season tetraptych Prints 2+5+6+7; London 2011 North Italian giltwood screen provenance","old Print 6 explicitly identified as winter and measured 98 x 55 cm; CMA explicitly identifies 2025.51 as Winter within the matching Four Beauties/Four Seasons set and measures 97.8 x 55 cm",very_high,verified_prepublication_text_ancestor,"Series membership + unique season + millimetre-level dimensional agreement make this accession-level identity strong even though the current CMA generic description does not enumerate the snow/child scene."
