sample_id,known_visual_match,region,psm,image_width,image_height,ocr_text,candidate_numbers
WENWU_776,CMA:2025.108,full,6,1280,1280,"coi emrcne amen ieee usu Prints t cruiser von mer Sire Collention: 4 > 36 aK Y BDH 2h aR : i = — oF BE AR i SER GUO we ER ; ies all... Aeedle aie er ee \ 0 ag y m SZ y we: we a 2 GED a a A= piRAZ 4 4 es Lh Bai dy ia Oe fy ag Sn <ACA LCOR yy. F 2 rr Pa . hs ae. % : iF (LIL Bee Kon SEB a \\g SN) ; A \g - -§ A) ois em J. =eeh it » 2, x 4 ADS Fete 2 With, y Da ) ee => Wah ania eae ee i CDSN SF FIs. ° al i Orv iye",4|36|2|2|4|4|2|2|4|2
WENWU_776,CMA:2025.108,full,11,1280,1280,———— —————————— a — eee BY: BR 4 2 Ra TF BARS SER GH eR ER ref Seen eA SR SSS SR Oa A RTS ET RT eee aca meu SEH ee Niet ov: wt hw ~ F S: oy ye oy Tih Cx SF LF We i 4 — NY <a) yi f iP: ry AS ZA = cS. a We) pee ' nN Sa Po | yo Es SS 4 2 g o> Ee ‘) ¥ ye Oxroaksa d i ee ————,4|2|4|4|2
WENWU_776,CMA:2025.108,full,12,1280,1280,— —————————— a BY: BR 4 2 Ra TF BARS SER GH eR ER SR serccteet one Rata mae nee ore \ Sw A S: oy oy Tih \ LF 5 58 i 4 NY yi iP: ry ZA cS. = * 2) nN Sa - | Oy S g \ ‘* Oxroaksa ee,4|2|5|58|4|2
WENWU_776,CMA:2025.108,top_45,6,1280,1280,tar reas ae nT i_hinese Gusu Prints 2 tucisrer von ser tive Callestion : Je 2) > AK Y RNBaK a i y = OW Bak RB i SER GU eR =a ; i i,2|2
WENWU_776,CMA:2025.108,top_45,11,1280,1280,— — — — pm erage mem mn eee cme poe mc NT EY ecarr scr narsetiee meer reas csuion = Gusu f = Prix nts ok a meer fave sole rota: Be K aa PR RS SER GH eR ER i! (Beira cepa tins as La ee RTS HE,
WENWU_776,CMA:2025.108,top_45,12,1280,1280,"— — en ene mere eres were Ht Ea) SO MZLASEL ¢ ca NTE, chee Ae Fase we tol Arti Be K aa PR RS SER GH eR ER i! (Parabens as La ee RTS HE",
WENWU_776,CMA:2025.108,top_left,6,1280,1280,"1ST ES ASUSU i, LiMad Wntiseer von ser & Kw 2 3 Bry 4 ow el aE : SER GH) IAHR i",1|2|3|4
WENWU_776,CMA:2025.108,top_left,11,1280,1280,— LL POE AAT AIO 9 == cue ieee Gusu ee Say STs er © Bk BH wy K oF Ba #! PER GR RR i Ff] NS Te ee + <a oo ee \ mS ) ry sr om < a a ~ ae. ~-,9
WENWU_776,CMA:2025.108,top_left,12,1280,1280,——_ aT tr en rat primo mins St —: fn Be Sti $a Ae lake? FRSA ar Jy aH BY Y WH il ak » #! PER GR RR i ft] Ds + eS RS <a oo ee \ mS ) Wh rye sr om < a ~ ae. ~-,
WENWU_776,CMA:2025.108,top_right,6,1280,1280,SND 2 AAS ACERT nO a Ie RELY eee OES AES EAC ROT ir inese Gusu Prints : istervon cer fire Coliectian 4 L vy} 2s K = - DN IN — —_— le SER GUN MAR EH a ey Va om t 4 » St “. (oe a tA <> LOM ai enn ~ DS: © : ior = = ~ peo Gs NY,2|4|2|4
WENWU_776,CMA:2025.108,top_right,11,1280,1280,"a LL PIO AER AIO FP OEE AOI L ECA IKI 4 BSP ee Sa a ' Qys Ue (ese Gusu Prints Brea fen § t Ee lake ae geet ba $2 “oi ‘< ""a mM Zz oe ) A FR PER GHA) SR ER — OAS ae oo ee FS CRROEN Cae ee RA TET ANE —— iS a F ———, Ge aon = hey he XC. 7) Y ee",4|2|7
WENWU_776,CMA:2025.108,top_right,12,1280,1280,"—_ er er en re re prog mins Sn: <———= << —— SE EE re, Ue PES NSS a rint Ns Ee lake on ster Hurve Colientic o RI KR ] ab OR PER GHA) SR ER — OAS ae oo ee FCRTOEA EERE Me BARAK OWES —— =~ X > a G he XC. 7) ae",7
WENWU_776,CMA:2025.108,left_70,6,1280,1280,"< S c EEy nines Gusu Prints ! iucsrervon mer Sve Coletian 4 5 Ak Be DK a 3 A j= = : SER GO OR EA ; all Seete anene . Yh ac egy sete), Nant Sa Se wie f » SY os ogee ~ a - yep ie te 4 ty eae | \ Gi mya . we ) Vex : \ S. Be et Ww) pee SY Ay | D\) Rw = a ahs Fg ‘i ~- ye Oxrerka",4|5|3|4
WENWU_776,CMA:2025.108,left_70,11,1280,1280,——— ——— — nab eye memeor en rene cnr pn nes ere LE ecoitr sire eminreetine meer reas PLE Ae t £ entia Be KR wR OF Be i } SER GH eR ER ee re Sop Area dsige ia SS eau ane eet TIT TI R TENT Ye « QW Vig LF SB { Wf a As ZA SS — =i Y)) SS A ) | esto —<— PE ol OxrHaksa Bs ——,
WENWU_776,CMA:2025.108,left_70,12,1280,1280,"—— ——— ames rene errr a oa seewesce Ae paz i Oy A a PRS } SER GH eR ER Se neers 2 = i) RTS ETAT: ~ ie LF ag 7 . ZA SS Ls * 2, SS Pcs A ) | esto —<— PR ol ¥ OxrHaksa Bs ——",2|7|2
WENWU_776,CMA:2025.108,right_70,6,1280,1280,"c= amc EA ieee usu Prints Lintsrer ven ser bireColestion 4 By awk : Ba DH a | ‘ zB s oF Blak Re : SER OUR MR ER : een all: Spo ieee eer ; ‘4 A Np ev ® av one WW Sm ad a 4 ger cioe mn Ae PVT W\ wy Pie, - vA = ACY Lae ys aii sas RQ i ) Nya leo N< = Cx ha &, ye a BS ps te Ts ie a \ , > 7 y, p Pe > Se — CL ) yi > ad y @xcouns",4|4|4|7
WENWU_776,CMA:2025.108,right_70,11,1280,1280,"———— cb eye meme en ree re cme re eo mm ne et scar Meer naretiee aay sss eRe Print Cre (20 me fiie BK Y wy Ke aR FA AS SER GH eR ER | La ee a ee Ayia a tee ea SUE SRE ene TTT RTT Ye « A IW Vig Lo ty 4 iad Se Senet) om. Zh, o> ay nN eC ——— SY ~~ “te Sa —~ 4D PE SoS S Og 3) ¥ & Orviye J i EE — ——",20|4|4|3
WENWU_776,CMA:2025.108,right_70,12,1280,1280,"———— arene ibtten merece oa remus re at Cre (20 me fiie Hy A a yma SER GH eR ER | La ee aerate eee acne mau ane Nt TTT RTT A IW Vig Lo ty 4 iad SD <i wh: LZ Zh, o> \ nN ay ~~ “te 2) Sa —~ G erry SoS Og \ ¥ ( Orviye EE —",20|4|2
WENWU_778_CONTROL,CMA:2025.84,full,6,1280,960,"juan nr Oe HOE ee | on “a 98 Hee ay a a a : Se Hang } | vs Le | Bate | iff a | Wd ae: Pe s hy aS lf Wd 52 Piety eras —— eens: 1 ———""| | GATHERING OPS ——— m4 wetted t jet nd bind cloned yellow thee sheaf = = ia ah Bil es aan: Bee thee niet > rok Uhh rede ctee 408 BLN —s — = a 7 =pmcinm, Res SMe gases | ae “EW | s prac pent SST —— —~ F 2 ‘| | paanee. ae argent em = ae , eS Bie eR 95770"" <s — H || preents ate SS = De AOR geese - ern aN \ WA every 10ers 770"" ‘uneng eo a Re rs ma > \ ak: neat : wat SS aS . | Bs oS a = i ie nape § het. } Hil Garten, FA oe A | v4 | IB = ate See” EPR Ie ; ‘tT Pt RS a pele ee Ol i yu] iter Sigicans, NES | Better! - a | j sag Rises Me i H | | ips . Spa eos S aa ee ea a | BS See alee br ML RA Ls ; SS ape eee bg ae | 4 Ws pet dere —— alla) . Me a ol | i Ree ad 2 Ba 4 sa] RS | | Sanh \i A leks Pl Flas é nd Sell a oof yay ea YY yiyywwwys}: ane = cy) The print shows paloce buildings set among ica, : eu Fe hat iy bead 7 UjYfyyyy Hl SS |) wrth snd water in the distance. The upper cect: en = $y | mid | AMER EUR NOMS. aS __ | ivelenceennser yeepseytieinceeabom ee Eat NY b""tYJYfYf yy | i a soseuunens nome rl MB I Ting decorative sks bimbeok and pont n St oa BS — Wy YY Z, | Pit Pen og 2. wa middle aed botlam sections take os to pusitions cn, SSA ar . wr eH. YU YH y } LEM, HPP F) b "" CMMMEL Yt Ye 4 : | NAP) coed corridor wing MIE (porated tees). tsl cay Te Si | hea & in FPA, HAE SMI IIN|| id pote orchid The gutdens. ove separsed by 5 ih 34% es & q we | ai) | | paras tnAneRNN RM I NE ey | moan gate tls made of bamboo. Five tales and if Smee ety Os *) Ny | | | —paranamne, 58 PM jong hoy ate in the Fear Baedens where wo sais ey A feat kh | snsre-sarenames +7 TMM yc ec spres norco : ay | NEN aoe | 2 ARRMH, MACAU ES, YP IUFRR |) sions tore whact symmbotses nobility of chixocier ee — fe SS | it an ice anennse, 38 1 AREY)? Bl) sks ae trsorne pose of pesca La wet 8s poe ELS a PEER hese fe eeeShl 4 1 frente, =tuAmT =k & fl FJ Pewek Sees Geer b sass aicin te poten hes wicks % Uy YY LY, Wy Y YY Uy Yfy Uy ] re Pe is, Th Ltt table om webach ts placed a xithes {gnqmn 281 on YY Yj CH YH3 Yy YY UY y ! a SRG TSFENR, ARLETK | SNA incense bur, and 8 vase containing meesse Yous Ke LidlegdcdcccteeeEL A, EE \ | | Aye et | SRPMS AREF || ice efter more laos st ett the Bost, ‘<—==rrol cere eh a ; | ty ATI PRREE OE. — OEE Date sl TY) pessitiy playing 2 game of Uk (go). On te pean a a me bib Fe» a w | | tonne, esmorecer et. Wet OTE SS eaee mii |) oor, we women in the doorway work on einteoi 3 Ww ; 9.) | nt oe) Uh | SS ay 6 t6 canbeoidery kame Siiching spor ot = a Sito pay Sl AOE PREM, HMRI oc upene), 46; WER OR ee a if \ ssitieg Mi td okt ip | RAS POONER ELENA LAUER aaypsh sien TAN, UIE. FE irhing er buck. A copperplite engeining in the Ps tis iG ml \ i “aay ‘| al | | t fr, MH MALTA, ANS SRANEONTR coltection of the Rismuscum, Amsterdam. pone Ne Ne - LK 4 | ae oe"" | j ‘Aronyenh pes tic Bate Schenk EIN iy by Pieter Schenk Il (3693-1775). i tithes Chinese — 4 pepe, SJ —— % AME RMON RIVET cer tens nd ita fam vege Schad an obesiiey ames is copy a S Pe j SSR CRANES, MP ULAWEREAIINemceney Conner engnvng Ronierm an ighicenth-century Chineve artwork, We see a>! \ eee N 3 ei Keren, Ramennsembame ccd enmbcoudeeer stretching herself 9 very siendae pos ay 1( Mic, a e - hs | | : {ure othe one i owt print, ndiating thatthe stinging, gi! aii f . PRBS, CHANEL SA, lacy ts ont pont yeasystrins taking a break from eanbvvidering Pn a= Oy Bed S < r ig | i ERT TACE REHM, RUMRIIR, aber women tothe tnt of sar pont ae watching young. boys play. or poche fe a. ee SEP Ps NS” 7 nag i as . ‘reacties mca vrllingseound hokling La. A sexvl Caties 2 tay with cps ee ee } pair ta ar AMRIT ERS waters orchid plants Five young boys with haisbans play with crickets, ) —_— . = > of by | CRRA TRAAMR NATE FEM, DEE Bice cricket coatsiness ave placed ext to Been The Lary lied (onmwn RURAY is wid as + ee / sl i Py TY | | ne tee. Rs ee a, an Sor ‘ehder brother (gege Wa term that can be applied to. ‘This motifcon- 52 PRR nn = - } ALY ROR by applied 1 any boy "" nets ) G \veys dwih for sores Kotyuids, cnckets, and gxasshoppers bring to mind the saying ene te ' Bo Se ~ = 2 5 ty i : | BA RNERATORE. WM. GR IEIGENG. signe BARI iy Yor Chico Beas Numerous a8 Grsshoppses) om cin = | F ple Zi sa = : SH RR"" OR, DTA, The prints tithe. Zhe pw ty #THEL Ateraily translates as Fo Brook Ott Ovmanthu CANMAING ORRANTILS = eats anf a = | | a} } ti",98|52|1|4|408|7|2|10|4|4|2|4|7|2|4|5|34|58|7|2|38|1|8|4|1|281|3|8|2|3|9|6|6|46|4|4|3|9|1|7|2|52|1|2|5|8
WENWU_778_CONTROL,CMA:2025.84,full,11,1280,960,"ese uns as REE CHINE om deg anne erausan ""9 198 ff — Wi ares M 1 =: 4 -: 52 wet i Sa piece 1 psstANTHUS ———s GATHERIN' ai = artll ibtck sad hind coloweed yellow: toe shades og neem rated vee: two ade at al igved aches and Hae xy = =wael ipa, Re ema nqmae. ae age “a ea aterm S0"" paane eo. annnrrae qadcnnsl2em miner! 12am StTem = porated, DOSEN Gsm Line BE AP met: Ha semataen se"" reign es ered 0 dear s7 TEN ‘cnc eo ytd | mete tet nage ee li orl Nes | | ~)s Sasa Say i) a, = zx td —- 1) ee) te age "" i righ saeeys \| Ra ewe luge: hy mses ‘ Ws cs : a lf St ed at 7p le] Le iG ‘f EY Yj YY The pein shows patie buildings set among tec Bef rit cid 7 i sa terats FALE, MOL, Vent hills gad water ithe stance The sppex etn Bh = Yy ree Jesiunes moiseéaits with lake and palace gordon cas etwas. 1pmonare rel, Mat ‘uming decorative £0213, baenboos and 4 pond in, Uy Yy GZ v mudile aed botlam vectinay take ws to pavilions, cin “de We AuTAL eA, HEHE F URNA ‘coed corridors wate HB (poraicl ties). cocky ind EB HE KI, AE i & ji. tnd polled orchids. The gaedons are separated by 5 a N ws WRT TAA TRON RIAN, moc gate tells made of bamboo. Five ladies sa Bit | Rik iW-PATAnAaNe, FA Young boy are in the rear gacdens where two satégy | Rt ‘wees grime Beside a panbion. The wavong = am insps ta A Al he PkRMMH, MRAZ, OS Gone tore whach symbodses nobility of ehiractor Ws ‘aho the lavounte perch of peacdcks Las well as phoe my = Pee Lo bad N/ a ini binds) and sas offers planted wn the cetyands ce za G7 MER, RUA, PRITE YY Yi Uy Yy Fe ‘ol} hhewses i edie Yo atric the bee, and thos bring bach Yy Yy Yy Yyyy Yy PB, =SUAUH8, if ei Ox the secoad floor 68 the pamhon. thie woae Yy Y || EIEN. sO RUA TET). 2, ag sit ot a table ow ehh ptoced a zither og 2381 ow MMH a 7 =| f oY file iL nncense bureet, and a vase contasning McCase tots, Te RRERETRFENR, VREH EK © tear Heft, three: more Ladies sit ext Uo the busted | elise ue iH {bos} we Foy Hh, ACERT OR. OE lal bgt possibly plsping 2 game of at Ut {go}. On the precind ort 4 Om, NRA ES MY } ral ppt 1 Aeon, two women in the doorway work on ¢mbrei oh re: — ~ deny One ss ata cxmbeokdery frame stitching » hoe we ACERT, HOMREYT,. PUREE IDE LING annals: RS, ERR © fix otto sed cloth. Her companion stands oppsste aX a i SHend. ONE, HUNT. Fe A: wt Vv oe Raa POD ANG RT HE PY HEE fo Miivishing her back A copperplate engyaning in tho i a? PPO, BEA COMAPI AD, 2898 ona anne callection of the Rylsmuseum, Amsterdam. pone = Arey, esl te Pate Scher NU iy by Peter Schenk IL (1693-1775). i9 bed Ch =e NERD OMA. LOAM PPS Chien own Sehind ai Umar Fae ‘Woenan tiehind an Exebeokbery Fran aad ts 3 copy 2 Nex cenacy Caapeplae engning isstonerm, atti SOLE RENE IR, RP VlAMERERD Nevioien an aghiventh-century Chinese artwork, We see a st =n ROPTMO, RAMeM RK ccd enmbcoudeeer stretching herself 9 very siendae pos a {uve 10 the ane in our print nica, thet the standing te iit {i is PRES, CMMMARVEE SA, day ts one penta yeasestieastalung.a break foom embvoidering! 5 ig nae MANIPO NEL THACHER RENRUR, ‘Gtbes women 16 the thont of car pinta watching young, boys play, or parva: be ae) ans RENRT MCRD, PAM, ARIA. ‘sar acthties acing pool seound holding fans A serv caries 2 tray with vps by ‘Ast soathet waters rchid plants: Five yen, boys with haurbans play with «nick's | COLA, UTRRARNART ATES, Dt ree ticket cotsiness ae placed wert to Ween Thay Lary (gmcype ARALY is woe! 254 pam fot eher beth’ (gege 49), tert can be applied to any boy. This moti con 52 ay ‘ REPO. “OF” a, ta of, CERT TORG. St MPRA ‘ey wish fo srs Kays, crckets, and grasshoppers being to mind te 539i mune Spaspng BIAPUIE DMy Your Chisirea Be as Numerous as Grasshoppers)? peur ell ) SRM” OE, OTHER, The prints tithe Zhe ow ty ATHEML Ateraity translates as Yo Break Ort Osmantbur AISGOMAANTHILS fd 1",9|198|1|4|52|1|2|12|7|1|7|7|1|4|5|7|8|68|2|7|2|4|1|9|3|2|9|10|5|16|2|254|49|52|539|1
WENWU_778_CONTROL,CMA:2025.84,full,12,1280,960,"ese uns as REE CHINE om deg anne erausan ""9 198 ff Pt Wi ares 1 _— 2 sy -: — RS: og 52 mee, piece 1 psstANTHUS ———s GATHERIN' ai = artll ibtck sad hind coloweed yellow: toe shades og neem rated vee: two ade at al igved aches and Hae xy = =wael ipa, Re ema nqmae. ae age y ea aterm S0"" paane eo. annnrrae qadcnnsl2em miner! 12am StTem porated, DOSEN Gsm Line BE AP met: Ha semataen se"" reign es ered 0 dear s7 TEN ‘cnc eo pi | mete tet nage ee ess “s ee pe ‘Sy a, = “a * td —- 1) ee) ee age "" i recieot foe, eS i isi | || iba as Lua Y ty (hy a prrat a a i le] Sl let j Yj YY The pein shows patie buildings set among tec Bef rit i cid i sa terats FALE, MOL, Vent hills gad water ithe stance The sppex etn a Yy pee Jesiunes moiseéaits with lake and palace gordon cas EEN etwas. 1pmonare rel, Mat ‘uming decorative £0213, baenboos and 4 pond in, Yj Yy ; mudile aed botlam vectinay take ws to pavilions, cin “de We AuTAL eA, HEHE F URNA ‘coed corridors wate HB (poraicl ties). cocky ai ind EB HE KI, AE | q & tnd polled orchids. The gaedons are separated by 5 a N ws WRT TAA TRON RIAN, ' moc gate tells made of bamboo. Five ladies sa i Rik iW-PATAnAaNe, FA Young boy are in the rear gacdens where two satégy ty | } | ‘wees grime Beside a panbion. The wavong = am insps ae AA he PkRMMH, MRAZ, OS Gone tore whach symbodses nobility of ehiractor Ws Zs Ai ‘aho the lavounte perch of peacdcks Las well as phoe a SG S| (ae) Pee Lo bad ; N/ a ini binds) and sas offers planted wn the cetyands ce eh za G7, MER, RUA, PRITE 1 = eS, Y Y Yj Yi, re hhewses i edie Yo atric the bee, and thos bring bach Yyyy Uj YH PB, =SUAUH8, if ei Ox the secoad floor 68 the pamhon. thie woae =U Yy Y || EIEN. sO RUA TET). 2, sit ot a table ow ehh ptoced a zither og 2381 ow Y/ Ld a 7 YMA =| Viel i nncense bureet, and a vase contasning McCase tots, Te RRERETRFENR, VREH EK ‘f © tear Heft, three: more Ladies sit ext Uo the busted | elise ue iH {bos} we Hh, ACERT OR. OE eal” bgt possibly plsping 2 game of at Ut {go}. On the precind P, Aa Om, NRA ES MY | ral ppt 1 Aeon, two women in the doorway work on ¢mbrei oh — ~ deny One ss ata cxmbeokdery frame stitching » hoe P ACERT, HOMREYT,. PUREE IDE LING annals: RS, ERR © fix otto sed cloth. Her companion stands oppsste aX A a i SHend. ONE, HUNT. Fe Wh: Vv Sy Raa POD ANG RT HE PY HEE fo Miivishing her back A copperplate engyaning in tho i VED PPO, BEA COMAPI AD, 2898 ona anne callection of the Rylsmuseum, Amsterdam. pone l Arey, esl te Pate Scher NU iy by Peter Schenk IL (1693-1775). i9 bed Ch a NERD OMA. LOAM PPS Chien own Sehind ai Umar Fae ‘Woenan tiehind an Exebeokbery Fran aad ts 3 copy 2 Nex cenacy Caapeplae engning isstonerm, i SOLE RENE IR, RP VlAMERERD Nevioien an aghiventh-century Chinese artwork, We see a st Te =n ROPTMO, RAMeM RK ccd enmbcoudeeer stretching herself 9 very siendae pos ~ it {uve 10 the ane in our print nica, thet the standing {i is PRES, CMMMARVEE SA, day ts one penta yeasestieastalung.a break foom embvoidering! Fi | nae MANIPO NEL THACHER RENRUR, ‘Gtbes women 16 the thont of car pinta watching young, boys play, or parva: be te, ae) ans RENRT MCRD, PAM, ARIA. ‘sar acthties acing pool seound holding fans A serv caries 2 tray with vps by ‘Ast soathet waters rchid plants: Five yen, boys with haurbans play with «nick's | COLA, UTRRARNART ATES, Dt ree ticket cotsiness ae placed wert to Ween Thay Lary (gmcype ARALY is woe! 254 pam fot eher beth’ (gege 49), tert can be applied to any boy. This moti con 52 ; ‘ REPO. “OF” a, ta of, CERT TORG. St MPRA ‘ey wish fo srs Kays, crckets, and grasshoppers being to mind te 539i mune Spaspng BIAPUIE DMy Your Chisirea Be as Numerous as Grasshoppers)? peur ell ) SRM” OE, OTHER, The prints tithe Zhe ow ty ATHEML Ateraity translates as Yo Break Ort Osmantbur AISGOMAANTHILS fd",9|198|1|2|52|1|2|12|7|1|1|4|5|7|1|8|68|2|7|2|1|9|3|2|9|10|16|2|254|49|52|539
WENWU_778_CONTROL,CMA:2025.84,top_45,6,1280,960,"gancarenent spines rt nib COG Kd q 4 198 bo Wa] HY Rea | ip Lak - na en i j 52 a I} Bat ( ‘ a ""| Wi] 4 rth ZarHenvcoseNyst } if} ihe — st | ais AE 7 al 4 =wmpiom, nes snennee ane OF eumemeetcne ae |, | ' panne. amnnezee tern sronne Soe “em, = == Se = ——s in | esansr: Tadeo poder i a SS =r — 1 il sant 119 deme 2e Pee pen 0s Ter — re 5 —— yh itt | preys nadenss7 08 es mcrae — —— a 28 Wile ee Gani ee i ¥ ak As ; } : nane es = ae sipers Se I np ne ‘Se | i | e Se | bee, a i n Phere 8 Se 4 } HH =e gs - ale ta aie Brice Se: tha | I Cale LS | ZS: eee te Sl aca ee Mal “VME pis bing Bg = re Mae ci ad | hy, al Vator eee eg! sa = Aiea cae Bo) aise i |= TY i | id Be Td | eae Hl ‘ wg tts ZS |",4|198|52|4|7|4|1|119|2|5|7|8|28|8|4
WENWU_778_CONTROL,CMA:2025.84,top_45,11,1280,960,"athe Covines von der eannere vance commer ene eee 199 198 "" | — | a My PRS a ee aay = 52 piece CosiaNTHUS —— cart itl tack ond band -coloweed yellow: vee shades of, re eed vee: = =p =Heniom, Ri mean! Peet alike nae nb oes dt vy Free Ment. gern 5 = paanee: jesen-2e esansr: Tadeo porns soe 110- Sem SF: Lan 88 sper: To seme zen gage tte ‘canteen ee meRet ddonsTION Pre el nae \ Nir i! Paes Aste iar. Sey — | cet Ber 1] iE ge ere W,. S| ose Tih SNe me io g ss i Ps 1 cs",199|198|52|5|2|110|88|1|1
WENWU_778_CONTROL,CMA:2025.84,top_45,12,1280,960,"athe Covines von der eannere vance commer ene eee 199 198 "" — | a My PRS a ee | aay = 52 piece CosiaNTHUS —— cart itl tack ond band -coloweed yellow: vee shades of, re | eed vee: =p =Heniom, Ri mean! Peet alike nae nb oes dt vy Free Ment. gern 5 = paanee: jesen-2e | esansr: Tadeo porns soe 110- Sem SF: Lan 88 sper: To seme zen gage tte ‘canteen ee meRet ddonsTION Pre el nae \ Nir i! Paes zx Hi ‘Set Sey — cet Ber age is) | | | Las \ eS i Sie g > ss i Ps",199|198|52|5|2|110|88
WENWU_778_CONTROL,CMA:2025.84,top_left,6,1280,960,"sgiKerReeeen aveese Gas Paso AE CHINES FON der Ute 98 Phy Bid) Filia \ vay } Pa | . ‘ae ' ' | | 52 Bei { pre Gui t’ ps j | ; ; ia | ! =paniom, RE: cnpnqe ae: eer einen sete 1 pannce. aanneree inane chee, and Blac MOSES OF rn, 1 4 1 RR: Laden Me en Vill | mpets 119 ome ae Re TOS STI ered: 110 Seow 70 eat seowonsercom une | iid wk ea 0 Ganong eoF | | i aan | il yt 1 | il 1 it | mold 1h np H it | Hend | ih = ied 4 aS LR, MS ———— —— fp thew fabs Wal Hitt | seins. posse [ee eo 3 | Sep sizer eer ono es bites enaan, unacnrenesn | i). _ | [Rnahoooepenyectes Reaver iat @ sie FP SEL AIRS, HE, RAE ee? pp ee ak : ereenn ae Mi a) wy Ne oe { botiom sectinas take ws to pavili Te oi oo ee eee aes; SB coed COMO . oy A. | a stage HIE (paraict pasilions PRAGA || nd yotted orchids: The HGe5) tales roxhy i ed orchids: The gardens. are separated by",98|52|1|1|4|1|119|110|70|1|1|1|4|3|5
WENWU_778_CONTROL,CMA:2025.84,top_left,11,1280,960,"caress Oo Prints #9 The Corater von doy ee thon, enncernnee® +08 il | 52 pie cuiTy NTHUS GATHERING itl black and hand -colouced yellows thier shades of frieted shvee aes } empneiaes Ae ra apydes of ugha sed cies, and NO =weniom, RE: aginbve, 65cm. paance. eennt rae ART? Toda See goa 110.58 by Gow Lian 88 mmRite Ea emese zen (bry asnncibon} mere: 110 3emxS7.7E"" ‘Ganeg ee ji an: en (9) nan | | | I | t il] ij il | The print shows patoce buiklings set among tre a ee 5 vith hills gad water in the distance The upper socticcs | jameennas PLN, Pt tea exe 4 Jeatures mowatains with 4 ike and palace gerdcon cies. Pers ts pamspnata Fe mei Sind | - uming decoritive sobs, baenboos and 2 pond thy | middle sed bottom sectinay take ws to pavilions doy ATUL, AUPE FRM al coed commons wating HIGE (paraved tees). Latkes rocky aay FPS HI, WH, ARE a 7 ~~ eriek Se HE Ji, y tod potted orchids. The gardens “are se PLEAS VP Or ieee - (4 * bya",9|8|52|65|110|58|88|110|3|7|7|9|5|4|4|2|7|4
WENWU_778_CONTROL,CMA:2025.84,top_left,12,1280,960,"caress Oo Prints #9 The Corater von doy ee thon, enncernnee® +08 | 52 pie cuiTy NTHUS | GATHERING itl black and hand -colouced yellows thier shades of frieted shvee aes empneiaes Ae ra apydes of ugha sed cies, and NO =weniom, RE: aginbve, 65cm. paance. eennt rae { ART? Toda See goa 110.58 by Gow Lian 88 mmRite Ea emese zen (bry asnncibon} | mere: 110 3emxS7.7E"" ‘Ganeg ee an: en (9) nan | | | —- | | | - The print shows patoce buiklings set among tre 7 a vith hills gad water in the distance The upper socticcs jameennas PLN, Pt tea exe Jeatures mowatains with 4 ike and palace gerdcon cies. Pers ts pamspnata Fe mei Sind | - uming decoritive sobs, baenboos and 2 pond thy | | | middle sed bottom sectinay take ws to pavilions doy ATUL, AUPE FRM al coed commons wating HIGE (paraved tees). Latkes rocky a ee ge aay FPS HI, WH, ARE a 7 ~~ eriek Ji, y tod potted orchids. The gardens “are se PLEAS VP Or ieee - (4 * bya",9|8|52|65|110|58|88|110|3|7|7|9|7|4|2|7|4
WENWU_778_CONTROL,CMA:2025.84,top_right,6,1280,960,"9 | , : : | | 2 _- 7 oe ey a al a ae | = ered i : = — a Pettey oe ~~ ——— ; ay wa rata = : — a. sae ee ——— ar + of 0 = o — Been, hes — { —% | — oe . ge bb Me : | = ~ — ""ae 2 ea a pied - “7 PD ate oe 22. , | OR eg pp OR fai aes, i ‘L sae thy Pa i He. = Bi, & ies as i ay Se te ee a) Selma Oe ee ge Eitie. Sl Ete hil XQ | oS"" OP en ee WE So Pagiilitre ce — Mg Wr Seay eh YY re Rae eet Sh NEN ag CB) peste et ct Le LEE RG | feos \| Aba ib i Nhl | icpe- ph TT ioe | | CR A WL Wescee| mal Sr 3 i Seiad ye nd: Mee ad || ah [aus yf MONE tree Renae ha “geal W YY | Cr eee: , coe YU on ire Se | oN — : Wy; YY | | => Bee SOON wee Miiltddddddd | sale tak “7 SE. Panos - "" a —-- i ured by 5 1) Ae a= A ee QS |S |",9|2|7|2|7|22|3|7|5|1
WENWU_778_CONTROL,CMA:2025.84,top_right,11,1280,960,"ME Sa) 49 — e ee a age r i —= Sse Eis sat ey Tm Say -_— Ot, ee * OF Brin, a i a ai P ~~ we 4 22> vm 1 4 “af wa =e! a — My * ia & ge Pie oe a4 oe iy yk Sy — | Seen Ce nN || ut} "" Ty ae ASN A fas Ki 8 pie Hees ad 28 igi fe. 2 ee > BS || =| ih $05 a Ta MONE tree, je Yy | PPC! Sextitee oa BEECEA Coes Ee — b PONS. The SF YY Yj | OMS, <cy 7 Cte) <A ts LROELLLES, | 7 bathe inchs arated by Any, a aT ll",49|4|22|1|4|4|8|28|2|5|7|7
WENWU_778_CONTROL,CMA:2025.84,top_right,12,1280,960,"a 3 49 e ee a age ——— r i —= Sse Eis sat ey Tm Say Ot, ee * OF Brin, a i a * ~~ we —————— ~ 1 4 “af af C My ra & ge Pie oe oe iy yk Sy — | Ce Sites nN ut} "" Ty ae ASN A fas Ki 8 pie 5 Hees ad 28 igi fe. 2 ee > BS || =| 4¢ $05 Ta MONE tree, je Yy | PPC! Sextitee oa BEECEA Coes NS = b PONS. The : YY Yj | OMS, <cy : ft <A ts LROELLLES, | 7 bathe inchs arated by la i ie ® Wis ll",3|49|1|4|8|5|28|2|4|5|7
WENWU_778_CONTROL,CMA:2025.84,left_70,6,1280,960,"cpanareneet cannes ums Pens Wn HE CDPHE We dy Pigs | 198 Hd ee ae Ube ¥ peng 7 Hay bb 4 ie | = <i) 18 52 a | =f ] je GUITY ; = ie) zB ieRINGOSMANTHUS 2S ee I] hos oss nd-colouced yellows | retin | a {black aed hard pre shad oe Sco | 5. om nent intense? les of i = ii ~ i] =wmnim Resnennee s rian wes user atns red-pchee, ane Hla ¥en. a— me Wey | pacnce: aanrtte® Mit =a = / MRT! Tadeo SII a > he iil | j mts Taso fet suacisonl or Comle 2 ] ’ eR IO dees 70"" ‘Quaeng ee ; ae ene et (0 a ’ eee | : Hal nae i= na eg | I) | 3 ‘ a “pra, Pitt Lt eee | | Be ahs ee lilt | SPS | ae Mey <2 ier ; eigen } AN . pies =e sake i WY) aw noo | Eefe agers ane Meares || ad i i ie —__.- | The peint shows palace buildings set rh eS a Pit | auteMR THAN | sek ta aul oecee bo the slanse ee erpae ce sefrBnea ae if Lia 4 gstuiven. bymome re. mE seers moans sb and plc oss ph ! apy, ATEN PHRMA OLI — a iting Hecorairy 70218: Bamcos: nd & ponA “Top ae to b4 } phd Bee || mite ae bottom sectnon take os to pavilions oe ee Se ae es canprmncrcnnnmnss | Oh € e ‘eral corriborc wating WHO (pal tes) ste sak, pr aS eR ; ~ *. 4 © Hw ode heh | | MRT RAAR MONIT, iP S dnd polled orchids. The gardens are separated - s, -. > oe, | jee arn Gh ae: } webs eek dicaken Pra ie, {EROS } eta ee fois = AG as wiki ien peek ries t Se I NNN pknawe, nacannrss. ef = Tacs poe bonis d potbon The aang dane V2) 25 Ss ae iu gannnge, ach | 7 ABS fe ions tee wach symbolises nobilityf eax We a = 1 | ahh. }} Sap ‘doo the: (avourne peseh of peacocks Ls we } ARR, IRN, SRE, PGBS |) bint and was oer 85 phoe ss — } | Se ae planted iw the cerurtyands ox yee ren ee tem RFA, = CUAUITN 8, Tes eT houses in oder io attract Ube bends, aid thos bring bork BESS a 4 EW Ae ORUERTO NET. 2M, ete al Ox the secoad floor of the pavihon: thie Ley y) RA a a eS hes Soi"" i i sas Uhis oa SOAK placed Nuh Lec ‘ 3 um fb } naceererenn, amore [TN SE pera bsekck inka van conialalag ice oot =—Wy77 ae ) He ACI PRCEE OME. — 09 F ise iab ; bos aa ici ef three: mone ladies sit ted to the Buhasteady, a ic CMH?” | diun oimeneret noun eres vey lal fone mentee ey Pes tala eS Repose erie 1, two women in the doorway work on ¢inteo! | ee eth we AS Cette, HMR AT, OMRIRREDLINNY deny. One sts at a cmnbeoidery f (esr i (RanneReAd, Ks, ORES CRIT rare acnead a hoe t B14 BW Hea PORE IY PRIN oy trrsh seem, ONE. UNE Re fis ie Ses Ao erento tHe erreete ‘ S TS bis fr, BY CAMLEIOPITLAD, AIS PRAMEONTR Ne ee ert ‘ ws oye a) GERI. ‘reyes esi ste Pate’ Scher HINAD= eclection nf Gee: Rifhsmuisseumy. Amstendiry eae Tete ie | MMAR Oe SS ee been ioe Tose SUE CRANEEDIR, RRL NERERTANS em ceney Cannel ging Wernan fehind an Beebroktery Frame! aod is a copy ot ae a D MareUn, BAMeNN AUER Nain cousin rb ca aN CDSEO We soe a seat 2 ~ alte. As vemibcoulecer stretching herself an a very siiniiae pew t Ai ae itg [ Fuse, CAMMAMVED BL i ureto the one in our print ancicabiog thatthe standing 111 | fee - i tone . | 3 5 re a a | MART PAUK TARE RE RENRUR, fate a mi ol aie” Hal os — enae : APN TMERD, —IEANAERARIET, STRIA felkracs asp caesar kody a torent cosescesy mo ri os rs 4 Me wit (i shee as COA RRK RENAN EFM, Bee pau ceclnptierd oars Five young, boys with hairbans play with crickets 1 stat *: pa | STALE. “NE 95 “RT a, MMe tee Pen er ier eather sonatas The Lary tid oningwn ARIA is Unik a5 4 oe ‘ Fi outs : : . { F , f, CARLURIN TORS. eit emnguatam USNs eaves eenaloatien es her/ URNS 3 A ail Sore : shes eet | : 9 RRS ae, CHEN. ss Ry Chessman Grsoge © nin OD ict ah Pak wt | oni i: 2be gui ty BIE. Rerlty Wanslates as Yo Break Cif Osman cama lee mahi i | . G OSMANTHUS a",198|7|4|18|52|2|5|2|70|3|2|4|4|4|2|25|7|1|85|8|4|2|3|77|9|1|14|2|111|3|5|4|1|95|5|4|3|9|2
WENWU_778_CONTROL,CMA:2025.84,left_70,11,1280,960,"seese ous Fes NE COANE 0H dr wig a anareuset o — — +98 = x ah oe 52 piece! GOSMANTHUS es mee THER! Apel vee. pl black aed hand-colowed yellow, thier shades of Fem, enue enue frieted saves ol Uae gedeocbes, and blac ay =waninm, RE: emannae: 3 ogi Bue. tre? = paged Sa"" |] knee: aannrrae 1 22em RAAT ode» Ehee asd yoea THO STTom Gosn Lian 185 mms Tae seri yy sss0cinbonl OY ll eR IO dees 70"" ‘Quanlseg eo en tent 0) - ane Hy \| 2 kos Mitre 3 i! exer > We sey 1 | ages Tide as xe (Naale ad ty =~ The print shows patace buiklings set among tei Coal i = = MEER AUR, mm with hills sad water in the distance: The suppres sectien Ree ae deatures mownaaines with & like and palace gerdcos coos Bee Wistet.. Pa isi. Ma wining decorative s0rk3, bamboo and a pond “thy “NS wy muddle aed botiom sectinay take ws to. pasitions. coy APL He, MPT PUMA LIL, coed commons wating HIG (porate trees), tate mek on ce FEF CHE, KEE, KRG ey HY tnd potted orchids. The gardens” are separated by 5 WERT AAR ERON AMT, moun gate trellis made of bamboo. Five ladies aad ROK TW PA TAnARMe, FFA yoreing boy sre ies the rear gardens where two sentiey | tices grine beside a purilion. The wetong i am dug PRAM. MAGAUAREAS, ae |) clones tore whack symbolises nobility of character te is abso the Layounte perth of peacocks Las web as phow JL GUARD) BATS, BSH “a Ly nae i) ’ RR, RL, RIE nix binds} and wwas offer: planted ww the courtynnds. or =) ly hours in oodier Yo attract tthe Derds, aind thos bring beck WY Yj y RFA, = CUAUITN 8, | 7 Bal. ik Ox the second Hoor of the pavihon: thice wore Y EH AS. AO RUA NET. £0, > sit dt a table om which ts placed a zithes {gern 258 b oe SV fi) i utcense burnet, and 2 vase contaming mccase tools. Be BRERA TR PENA, TELE Pitas SS thete tefl, three more ladhes sit Hext to the Buhesteads MI fe Aan \¥ zy js i) = 1 ACRE OE. “OPE = Lath a pessitty plying 2 ganw of at Uh (go) On thw pecind BRU, GMMR E, EY 1 ys (iin Jf oor, two women inthe doorway work on ¢mbret i — = deny. One sits 44 ah embeoidery frame stitching + phor SCORN, JOULE IT, PIMENTEL LIND Ganrtaee KS, EER ORT mix onto sed cloth. Hor companion stants opposite, HAAS RDA HT ERE RD + = IO Cats) tas, ee, EE. stretching her back A copperplate engraring in the (FR, BY MALOPIRAD, 818 onans collection of the. Riylsmuscum, Amsterdam pow ‘Arceyren, petty ati Bate Schenk FMA bly by Pieter Schenk Il (3695-1775). is titled Chinee Opa DD NERD OHM ROK NEN E751 Chinese Wieran Sehind 31 Lniroidesy Fre, Wernan tehind an Eebeokbery Frame! and is a copy ot eR cretay Coapeplate engraving Ryaseeter™ SOLE ERENT, Ses LA RR 8 Aentondae an cighteenth-century Chinese artwork, We seea 9 Ty ene RPTHG, RAMsMH HH K ed embcoudeesr stectehing herself i 0 very siiretac pew: many {ure to the ome int our print, andicabiong that the standing t= hill | FLER, CMMMAAVER SA,” lady ts one print ita yeanpstieas taling a break from embyoidering Rae MART PH FACE TRE RETRUK, ‘Ckhes women to the front of cur pant ate watching yousg boys play, or parte Se oo 4. REN FNERD, RAMEE, SP ARIEA sare activities mousing vrolling ground holding fans, A seevant carries 2 tray with cops Whit soothes waters eechid plants’ Five young boys with hairbans play with crickets CRLRRK. UMN AR NRT EFM, Dbl Pree cricket cpatsiners af¢ placed ext to Ween They Laty ied (gnisgwn ARMEY is vient a5 4 pan Ser elder Seuther (gee 1995), term thal can be applied 10 amy boy. This motif. con 52 REDO. “RON A, ER RE *f, UR RURINTORS. Set MRALAR eye wis for sents. Katyids, cnckets, and geaashoppers bring to mind the saying. Zhen: ee Spang BANU DSliy Your Children Be as Numerous as Grasshoppers)?! RC TE ee S55 RMT” A, OTHE, The prints tithe. Zhe oni Ay THEML Aterally translates as. Yo Break Ort Osrtantbut CANMAISG OSMANTHUS at “",98|52|3|1|22|185|70|2|3|1|3|5|8|7|258|2|1|2|1|44|751|31|8|9|4|2|5|4|10|52|55
WENWU_778_CONTROL,CMA:2025.84,left_70,12,1280,960,"seese ous Fes NE COANE 0H dr wig a anareuset o +98 i es oe 52 piece! GOSMANTHUS es mee THER! Apel vee. pl black aed hand-colowed yellow, thier shades of Fem, enue enue frieted saves ol Uae gedeocbes, and blac ay =waninm, RE: emannae: 3 ogi Bue. tre? = paged Sa"" knee: aannrrae 1 22em RAAT ode» Ehee asd yoea THO STTom Gosn Lian 185 mms Tae seri yy sss0cinbonl OY ll eR IO dees 70"" ‘Quanlseg eo en tent 0) - ane Hy aR, kos ee exer > We sey ages Tide iii Tees (Naale ad ty The print shows patace buiklings set among tei Coal i = = MEER AUR, mm with hills sad water in the distance: The suppres sectien = deatures mownaaines with & like and palace gerdcos coos Bee Wistet.. Pa isi. Ma wining decorative s0rk3, bamboo and a pond “thy “NS y muddle aed botiom sectinay take ws to. pasitions. coy APL He, MPT PUMA LIL, coed commons wating HIG (porate trees), tate mek on ce FEF CHE, KEE, KRG é RY tnd potted orchids. The gardens” are separated by 5 WERT AAR ERON AMT, moun gate trellis made of bamboo. Five ladies aad ROK TW PA TAnARMe, FFA yoreing boy sre ies the rear gardens where two sentiey | tices grine beside a purilion. The wetong i am dug PRAM. MAGAUAREAS, ae « clones tore whack symbolises nobility of character te is f abso the Layounte perth of peacocks Las web as phow JL GUARD) BATS, BSH = “a y nae i) RR, RL, RIE nix binds} and wwas offer: planted ww the courtynnds. or ions =) hours in oodier Yo attract tthe Derds, aind thos bring beck WY Yj y RFA, = CUAUITN 8, | Bal. ik Ox the second Hoor of the pavihon: thice wore - Y EH AS. AO RUA NET. £0, 4 sit dt a table om which ts placed a zithes {gern 258 b oe SV fi) i utcense burnet, and 2 vase contaming mccase tools. Be BRERA TR PENA, TELE Pitas SS thete tefl, three more ladhes sit Hext to the Buhesteads fe Aan \¥ € zy js i) = BS 1 ACRE OE. “OPE = Lath a pessitty plying 2 ganw of at Uh (go) On thw pecind BRU, GMMR E, EY , ys (iin Jf oor, two women inthe doorway work on ¢mbret i — = deny. One sits 44 ah embeoidery frame stitching + phor SCORN, JOULE IT, PIMENTEL LIND Ganrtaee KS, EER ORT mix onto sed cloth. Hor companion stants opposite, HAAS RDA HT ERE RD + = IO Cats) tas, ee, EE. stretching her back A copperplate engraring in the (FR, BY MALOPIRAD, 818 onans collection of the. Riylsmuscum, Amsterdam pow ‘Arceyren, petty ati Bate Schenk FMA bly by Pieter Schenk Il (3695-1775). is titled Chinee Opa DD NERD OHM ROK NEN E751 Chinese Wieran Sehind 31 Lniroidesy Fre, Wernan tehind an Eebeokbery Frame! and is a copy ot eR cretay Coapeplate engraving Ryaseeter™ (if SOLE ERENT, Ses LA RR 8 Aentondae an cighteenth-century Chinese artwork, We seea 9 Ty ene RPTHG, RAMsMH HH K ed embcoudeesr stectehing herself i 0 very siiretac pew: {ure to the ome int our print, andicabiong that the standing hill FLER, CMMMAAVER SA,” lady ts one print ita yeanpstieas taling a break from embyoidering . i MART PH FACE TRE RETRUK, ‘Ckhes women to the front of cur pant ate watching yousg boys play, or parte Se oo é. REN FNERD, RAMEE, SP ARIEA sare activities mousing vrolling ground holding fans, A seevant carries 2 tray with cops Whit soothes waters eechid plants’ Five young boys with hairbans play with crickets CRLRRK. UMN AR NRT EFM, Dbl Pree cricket cpatsiners af¢ placed ext to Ween They Laty ied (gnisgwn ARMEY is vient a5 4 pan Ser elder Seuther (gee 1995), term thal can be applied 10 amy boy. This motif. con 52 et REDO. “RON A, ER RE tt *f, UR RURINTORS. Set MRALAR eye wis for sents. Katyids, cnckets, and geaashoppers bring to mind the saying. Zhen: ee Spang BANU DSliy Your Children Be as Numerous as Grasshoppers)?! RC TE S55 RMT” A, OTHE, The prints tithe. Zhe oni Ay THEML Aterally translates as. Yo Break Ort Osrtantbut CANMAISG OSMANTHUS",98|52|3|1|22|185|70|3|5|8|4|258|2|1|2|44|751|31|8|9|2|5|4|10|52|55
WENWU_778_CONTROL,CMA:2025.84,right_70,6,1280,960,"xyeese uve Paints ie COPINEE HON doy i. # scares - is me i Pe toad | Sy Fl ees | } n 5 , aese= Sa | | ay - 24 | | sal Ry } cuit’ i a a ore mas = 9 acme | : NTHUS en hom = SS a ee HERING OSM! | ———— i = nS ime ys —_ | } r ad yellows, three shu, \ — SS amet = ) iibtack and hand -colouced ys es. OF a, f eto v tgp ee ctr ad wa shies | =< . ce ; | era a Te an | oie ——— a Y, randoms : y— ye 3 SITE a5 oe nh eee Ascaris Goan Lae RS = on. ~~ sort | cog ee 2 wie me —~ YRS capi oS - afi: Sy | A ata: GIS gos Se fi ri Nim arp a A Dl eae , | = SF hee Id Pe Be Oh a | Re SOS oer a sp mall | Wa eG eee bees | AWS Arata SUS = e* MOM LW me — Pi Ve Sah hg! aS | WUE ae tars NYY pears se | pe f if \BE RE a Soe ea SS | tage ead Be Fea (}ess _— : AS i20 SOE és Ms Hy ft —bo, Yypypyyyyhi7; | Sal ye sd: BP ey oat |} 5 ie Yi YY} — Si) Seer YY | Tf) Wanhils pad water in the distance: The upper sex > HS i ool ii} | eer 7, =) sss moms wih and alae rence m iS a . eX” u Wh; Yy yy =U |} Sey) wteing Uccoratrre s0rks bambcos: and 4 pond. 7p, Wear Sa | eames | WY g Yi Yj EP: Se) coed comrsdorn wretogy HIG (paraicd tees). ttle rocky ees sauna eT ee _ | it ey) ||) ind potied orchids. The gardests are separated by 5 Bit. Fae eS ee WA jaye | Tey 4) moan gute trellis made of bamboo. Five ladies and 5 ag eR ke 2 | ety: ae Ce ae i yoring bey ate in the rear gardens where two say Fy Roget S ot [EERE Pro) if, \4 TMM, \iccs grine beside 4 periion. The watong i an inior Xt Ry Geter : ie 2 Pd} W4 BLD ee or. rY I> ——— —— > val Oe OT) cones toee whack symbobses nobility of character te iy hi i heap) fe n=] r we | aden the fayourme perch of peacocks Las Wel a8 plow yi Se a Siege | Bi (ase [case 5 (ae } SE |) nix binds) and was ofter: planted wn the cerurtyaods | Pa i) Sa ey pet 7 YY YY. | SSE |) heaves in order vo atrat the bees an thus bing bch NG Eso Y yf Wi fy Uy YY Yy | BRAS] |) ne scod tor te point nc \IYYYVZfv7 UG | TPA sstsiiblccm tach placa zther gem 2b YYW), @PY-27”-” ""-*-PMW@ZT]7=@|#!@]]V?!""“™ iY fil. incense buceet, snd & vase containing mcease Wels Re @\ eee) EEE | SANT P a: |) vcse defi, three: more ladies sit sext to the buhusteas: ze SF Fol Cre F ‘i el = bs = possibly playing 2 gare of at UE (go). On Bw grecind ») ae at) St v Ma F, ag iw, i FEF NS. |) tor, swo women in the doorway work on ernie wwe y 0 ER) eat ea |p | — SN dory. One sits at at canbeoidery frame stitching + pho aT < — a, a1 es PF) 7) fal PEA ORT ix ofito aed cloth. Her companion sland oppeste ft pe Bet Se is Yd] pee. o Wy | } SWE. AUMIE FE stacking her back A copperplate eagrincing itv the fs. i i, \ Pan hlac 4 7] jy — } collection of the Riylsmuscum, Amsterdam pow ‘ SN be EN Le : is S ae] | 0 Sherk FIA bay by Pieter Schenk Il (1695-1775). is tilled Chinese ae aD — | ailerodey frees Weenan Behind an Besbrokbery Franne’ aod is a copy ot oh “ES 5 i —— ' = | ] sng Waseem an oghteenth-<century Chinese artwork, We see a s9t j > iia tilt ‘cea ‘ : | ed embcoudeeer stretchung herself im a very sisndse pow ati eae >"" fe ws - - 4 | {ure 0 the one int our print, andicatiog that the standing qf Je i Bit é . a a at print isa yeasestness taking a break from embovidering {! LCL — enae oA - : — ‘ \ 7 P in + women 16 the front of cur prnt’ate watching young boys play, or pertne ke> | er ee 7 Pet po N . As y ~~ i ities lachushing Mrolling round holding fers, A servant carries a tray with cwps | er = pane = aa BS > oa | other waters eechid plants: Five young boys with hairbans play with crickets ss . at / at | bet cpotuiners ate plated cet to Ween ‘Thay Latywiad (gmoxgen A Is sd as 4 ‘ y le — = | Mer brathes’ (yege 2949 | u term thst can be applied 10 any boy. This motif con 52 ne We wae : = ‘ ] bh for sets. Katyids, cockets, and gessshoppers bring to mind the saying bese mie ~ a wd? i 4 a. BAPE Diy Your Chikhrew Be as Nuimerous a8 Grasshoppersh? omcin rt S| Se ee Ay ae == mnnes tithe. Zhe gai ty ATHEML Ateraity translates as Yo Break Ott Osmeantsur CANMAING OSRLANTHUS i ae ——__ ae i}",5|24|9|3|5|2|20|7|5|7|4|7|5|4|5|2|4|4|2|4|8|5|7|7|2|27|7|2|1|7|4|7|5|9|4|7|16|7|4|10|52|4|8
WENWU_778_CONTROL,CMA:2025.84,right_70,11,1280,960,"ga the Crier Yon MR gears Game ees panerens® 199 ine SE Saree —— EGU THUS 1 — WERING O5MA) A ESOS Bey iiblack and hand -coloweed yellow, three shades of prc ' Oe cc er ght red ocbew ae BUR an ry of. aon Oo 7 1 jyomvoi.2em x4 yoo 110 Sos STTOR ‘ow a psrocinorl py Gow Line ERS Oa cg eS tA kos om Ne 5 ls Per ey 6 We Man: Ve” aig ey ee aa pal. Wt, mek ams Thy BS ty Eiswte Wy isn he) Ke > ty s YY Yl The print shows palace buildings set among tre, he Meal if pam YY Yj Yy =e Veith hills sad water in the sistance: The suppes sextine on bi deatures mowntaines with & lake and palace genders coos ae. = / Yy uming decorative forks, baentoos and 2 ona Tbe l Cy , We riddle aed bottom sections take ws bo pasilions con, sy CLIT Yj 4 is a] ‘| coed commons wating HIG (porated trees), tthe mney nd potted orchids. The gardens” are separated by 5 moan poe trellis made of bamboo. Five ladies aad 4 | /) yoring hoy are in the rear pardons where the Katie Af t. tices grove beside 9 pavilion. The aatong sn dus) 1 Ee Ly Gin tee whack symbolses nobility of character te is my) ado the Layounte perch of peacocks Las web as phew Bf) aoe Bw he 8 | a je) nix binds} and was ofter: planted wn the cerurtyands. oy a Neyer Wi, ij hy q “YY Vy Yj hours in oedier Yo attract tthe Derds, aind thos bring beck YW, YY y) YY nt (Ox the second floor of the pavihon: thive woe, Y oa sit at a table om whch &s plsced a zithes {goqrn 21381 om Hd UW WA Y —L/ v [*h wtcense burnet, and 2 vase contaming mccase tools. Be PT TLAS.. z .) their tefl, three: more ladies sit text to the Balustrade 77. aS +e joss possitty plying 2 game of at Uh (go) On te yrecind oy rath Acor, two women in the doorway work on ¢ibee! phi Fo = — B14 a, na ene deny. One xfs 24 ae embeoidery frame stitching + por is ES mx onto sed cloth. Hor companion stands opposite, Ail | ~ swe. UMS Fe stretching her buck A copperplate engraving in thy wf; ts \e ie collection of the Riylsmuscum, Amsterdam pow or Schenk FIM . a2 — thy by Pieter Schenk It (1695-1775) is titled Chineye Bt Ubroidesy Faces, Woman Behind an Debeokbery Frame, aed is a copy ot song Waseem an cighteenth-century Chinese artwork, We seca 9 ti At ys (i ed embcoudener stectehing herself i o very siirdae pew og if {ure 0 the one int our print, andicatiog that the standing Rae Blt i at print isa yeasestness taking a break from embovidering {! # women 16 the tront of cur pont ate watching young bays play, or pentae ke> ""7 i a < “SX ities lachushing Mrolling round holding fers, A servant carries a tray with cwps other waters eechid plants: Five young boys with hairbans play with crickets ae i} ket cpatsiners atc placed text to Ween The Lary iid (gningwn AREY is aod a5 4 { = | 52 ci Mer deuthes’ (egy 995) term thst can be applied 10 any boy. This muotit cone b for seis. Katyids, crckets.and grasshoppers bring to mind the sayines esr ee BAPE Pokey Your Chitiren Be as Numerous as Grasshoppersh? RCT 2 CATAUING OSRANTHUS a mnnes tithe. Zhe gai ty ATHEML Ateraity translates as Yo Break Ott Osmeantsur .",199|1|5|7|1|2|4|110|5|6|2|4|5|4|9|1|8|2|77|2|14|24|2|9|16|7|5|4|52|10|2
WENWU_778_CONTROL,CMA:2025.84,right_70,12,1280,960,"ga the Crier Yon MR gears Game ees panerens® 199 f es Saree — —— EGU THUS WERING O5MA) Pe, = pilblack and hand-coleured yellows, throe shades on ' Oe cc er ght red ocbew ae BUR an ry of. aon Oo 7 1 jyomvoi.2em x4 yoo 110 Sos STTOR ‘ow a psrocinorl py Gow Line ERS cg eS a, e tA kos om Ne 5 ls Per ey 6 We Man: Ve” aig ey ee aa pal. Wt, mek ams Thy cpa ty Eiswte Wy isn < ra he) Ke > s YY Yl The print shows palace buildings set among tre, roa | i pam YY Yj Yy =e Veith hills sad water in the sistance: The suppes sextine on j deatures mowntaines with & lake and palace genders coos ae. > / Yy uming decorative forks, baentoos and 2 ona Tbe l Cy , We riddle aed bottom sections take ws bo pasilions con, sy CLIT Yj 4 is a] ‘| coed commons wating HIG (porated trees), tthe mney vI nd potted orchids. The gardens” are separated by 5 moan poe trellis made of bamboo. Five ladies aad 4 | yoring hoy are in the rear pardons where the Katie if tices grove beside 9 pavilion. The aatong sn dus) Ly Gin tee whack symbolses nobility of character te is my) ado the Layounte perch of peacocks Las web as phew Bw he 8 | a je) nix binds} and was ofter: planted wn the cerurtyands. oy ahs Neyer Wi, ij hy q “YY Vy Yj hours in oedier Yo attract tthe Derds, aind thos bring beck YW, YY y) YY ‘) (Ox the second floor of the pavihon: thive woe, Y yj sit at a table om whch &s plsced a zithes {goqrn 21381 om Hd UW WA Y ve wtcense burnet, and 2 vase contaming mccase tools. Be 1 S ‘ their tefl, three: more ladies sit text to the Balustrade 77. aS +e — possitty plying 2 game of at Uh (go) On te yrecind oy 2 Acor, two women in the doorway work on ¢ibee! ii) Fa = — B14 na ene deny. One xfs 24 ae embeoidery frame stitching + por Ay mx onto sed cloth. Hor companion stands opposite, Bu! swe. UMS Fe stretching her buck A copperplate engraving in thy Pas \e nic collection of the Riylsmuscum, Amsterdam pow or Schenk FIM ag HY 7 - thy by Pieter Schenk It (1695-1775) is titled Chineye Bt Ubroidesy Faces, Woman Behind an Debeokbery Frame, aed is a copy ot song Waseem an cighteenth-century Chinese artwork, We seca 9 (i ed embcoudener stectehing herself i o very siirdae pew if am! {ure 0 the one int our print, andicatiog that the standing Blt i at print isa yeasestness taking a break from embovidering {! # women 16 the tront of cur pont ate watching young bays play, or pentae ke> ""7 v i a < ities lachushing Mrolling round holding fers, A servant carries a tray with cwps hy other waters eechid plants: Five young boys with hairbans play with crickets ae i} ket cpatsiners atc placed text to Ween The Lary iid (gningwn AREY is aod a5 4 = 52 ci Mer deuthes’ (egy 995) term thst can be applied 10 any boy. This muotit cone let b for seis. Katyids, crckets.and grasshoppers bring to mind the sayines esr ee BAPE Pokey Your Chitiren Be as Numerous as Grasshoppersh? RCT 2 CATAUING OSRANTHUS a mnnes tithe. Zhe gai ty ATHEML Ateraity translates as Yo Break Ott Osmeantsur",199|5|7|1|2|4|110|5|6|2|4|5|4|9|8|2|1|77|2|2|14|24|7|9|16|7|5|4|52|10|2
WENWU_780,CMA:2025.108,full,6,1280,850,"a ETE TE an i i ES STB SRE ae Sa SE RS Ok ER SE | CHINESE GUSU PRINTS Oe CHINese cy | INTHE CHRISTER VON DER BURG COLLECTION er A i INTHE CHRISTER Von SU PRINTs Edited by Weng Lianxi and Christer von der Burg a wan rath Edited by Weng Lani scan Den Burg COLLECTION ‘ » yu 8 Lignxi and cy - J Hi io Bo ane B ee : ON ee a eee A wile: * (Ns 4 eee Fa GY) : Caer! LG) ws eA . € y? ype / q : : ae ie z fk pe a Bae {es “fe 4 E VY ee St ee} xe oe i y CTP, hy yee re ae __ fe of . Bl | Hi s] one a tess [Ha] : i i genee (Ee Re a eee",8|4|4
WENWU_780,CMA:2025.108,full,11,1280,850,' CHINESE GUSU PRINTS HINESE IN THE CHRISTER VON DER BURG COLLECTION Nk USU PRinTs | K IN THE CHRISTER VON De R Bur G COLLECT Oy Edited by Weng Lianxi and Christer von der Burg Edited by Weng Lianxy 2nd Christer y On Ger Bury. Bk vil iH rf % il aS Fe a se WN ateg =) a a * bd ac Ag ys in ii Z ff fe wa DD ea! 2G aN +S\ygh ee @ 7a rf S He [el () Ko Mi tb [Hs] @ ai,2|2|7
WENWU_780,CMA:2025.108,full,12,1280,850,' CHINESE GUSU PRINTS HINESE IN THE CHRISTER VON DER BURG COLLECTION Nk USU PRinTs | K IN THE CHRISTER VON De R Bur G COLLECT Oy Edited by Weng Lianxi and Christer von der Burg Edited by Weng Lianxy 2nd Christer y On Ger Bury. ik vil y : iH rf % il aS Fe a se we WN ateg =) a a Bibs * bd ac Ag ys ii Z ff REE (SH) | Re) DD aay be ea! * ro) pen aN ee ee @ 7a it S He [el () Ko Mi tb [Hs] pee ee ar @ ai,2|7
WENWU_780,CMA:2025.108,top_45,6,1280,850,"a STE Sg ant i eB SR IRR nS SE a RS og RR _ ‘ a Has CHINESE GUSU PRINTS Pi CHINES; Gus IN THE CHRISTER VON DER BURG COLLECTION ue DB) THE Curister yoy i u PRINTS Edited by Weng Lianxi and Christer von der Burg 3H o vt Hie inher, ie CouzctioN i rf | | il % He Me Ht vil fe male i [ome eatiowry Ha Bg es PS) ey. we",3
WENWU_780,CMA:2025.108,top_45,11,1280,850,aI CHINESE GUSU PRINTS i HINES IN THE CuristER VON DE USU PRinTs IN THE CHRISTER VON DER BURG COLLECTION te Edited by Weng Lianxi and Christer von der Burg R Burg COLLECTION Edited by Weng Lianxy end Christer y 00 Ger Bury Bk rt Hil il i [ome whee = ial Ce key we,
WENWU_780,CMA:2025.108,top_45,12,1280,850,aI CHINESE GUSU PRINTS i HINES IN THE CuristER VON DE USU PRinTs IN THE CHRISTER VON DER BURG COLLECTION te Edited by Weng Lianxi and Christer von der B R Burg COLLECTION Edited by Weng Lianxy end Christer y On der Bury. Bk rt Hil il i (on Ms oy ial Ce key we,
WENWU_780,CMA:2025.108,top_left,6,1280,850,"a BS ct i eal BE a TS ae aes SE al ee ok SETTERS CHINESE GUSU PRINTS IN THE CHRISTER VON DER BURG COLLECTION [xx en. BK Edited by Weng Lianxi and Christer von der Burg = "" yd ean” i uy tif sy ase @/ Sy er a if PLGA — | x G:F a \ 7 Hi",7
WENWU_780,CMA:2025.108,top_left,11,1280,850,CHINESE GUSU PRINTS IN THE CHRISTER VON DER BURG COLLECTION EK Edited by Weng Lianxi and Christer von der Burg rf 3 aaa Vt ls S&S taiB) a io 2 Is ¥ aft) (‘A 9 Ak,3|2|9
WENWU_780,CMA:2025.108,top_left,12,1280,850,CHINESE GUSU PRINTS IN THE CHRISTER VON DER BURG COLLECTION EK Edited by Weng Lianxi and Christer von der Burg vil ii zy Fe } G a S&S Se pe) io 2 g LY aS Bis S it,2
WENWU_780,CMA:2025.108,top_right,6,1280,850,"‘s Pe CHIN ieee cleo oN | sk a IN E 5 E € USU P ee | Hai kane ine 4 N THE CHRISTER Von D RI NTS K, ot ae ER Burg COLLECTION ys i | | ssi ee b ng Lianxt and Christer vgn der Buty , lip ee i te u, Lisi Rf { iW ii ; vil ae. Ue. i) He ese: Ka Ped sins Bh fb a> a ol RIN ae. ad 7 } ‘ | i IK ~ a J Xf é ‘A 4 ‘oF 6 A y | . & : WTI) maar” Neary",5|4|7|4|6
WENWU_780,CMA:2025.108,top_right,11,1280,850,mes Ds ra ‘'S Ly I CHINE ‘a }h TS VR USU PRINTs J IN THE CHRISTER VON De R Burg COLLECTION rE iyi tl Edited by Weng Lianxi 2nd Christer vgn Ser Bur ¢ i ) i 5 “i i lg 1 431) K yr) IK ‘ a i g > QV i S3 o> | a fe SF Pigs rs im RS iit ti te . as Vea | — a 4 Lf = & .,2|5|1|431|3|4
WENWU_780,CMA:2025.108,top_right,12,1280,850,"a mes rhe ! ra ‘'S ta a I CHINE (i }h TS VR USU PRINTs AM, IN THE CHRISTER VON De R Burg COLLECTION tl Edited by Weng Lianxi 2nd Christer vgn Ser Bur ¢ LK i | ) i 5 i 3 HN { K | p IK | 4 ey i g > QV S3 o> | a fe SF Pigs rs : im RS & ti te — a 4 Lf ye,",2|5|3|4|3|4
WENWU_780,CMA:2025.108,left_70,6,1280,850,"a SET yt i et A a EN I E S E G U S U P RI N ane enn C IN THE CH TS cull H] RISTER VON DER BURG COLLECTION [yk> a =u IN Euited by Weng Lianxi J qa dited by Weng Lianxi and Christer von der Burg RK a wt THE ( Hl See ii t me By Wen, | Ui | si ole he ARES SERENE | Ve OSE Ga ay ha ae er Son ees Pe RAT ty) * Va oy ag Og pes Th Bee = Mh esp “. bye : ~ f i 7 Me. I ‘an 14 2h 3 Pi% : ¢ Cy Sse q Fe aay os 7 OE ; Wyre Sig) 2 5 Ma) ante Bs eat} N aaa. oN & it ae AO ig ee i way 4 +s Ly i Bean Z \, Bee iY ‘ Cay ; aie he SS) See & Z Wage’ - a . ae y 7 | » ; a | 6} By Sse x Ri sci . pe -oe N) bf ape ay me ihe ) of i Veaie a es. | gee a: ‘ 4 e KW Mb til : * 4 K i ess SS , © ae ;",7|14|2|3|7|2|5|4|7|6|4|4
WENWU_780,CMA:2025.108,left_70,11,1280,850,"ail CHINESE GUSU PRINTS iI ll CH] Yh IN THE CHRISTER VON DER BURG COLLECTION 7 IN THE ¢ I f 2 - sl] K Edited by Wen Edited by Weng Lianxi and Christer von der Burg xi} Hil 7 zy Me th Yige Se wean 44 con, Hal ‘aad | = Y S oar x ie 2) Pi “ie 33 £ ie im Gin g —<— je Ge ig ~~ i Oa, ht § % SS i SS fe cf NY IN Apr i 7! oO pen Se USS toe =p fy LS — h, Be oH Taal ey nO id S> UY Vin () Kb we Me th [i] gee""",7|2|7|44|2|33|7
WENWU_780,CMA:2025.108,left_70,12,1280,850,"yl CHINESE GUSU PRINTS iI ll CH] Yh IN THE CHRISTER VON DER BURG COLLECTION 7 IN THE ¢ I f 2 - sl] K Edited by Wen Edited by Weng Lianxi and Christer von der Burg xi} Hi zy . Se gi afte Se = Y S oar x ie 2) ji “ie 33 tf ie im Gin g —<— Ge 3] ~~ Fa, ht ; iG ae % i a fe NY Fe y tS Apr nO Si LIAN 3) ou USS toe =p % A ma — — 5 ey nO S> G UY se Vin () Kb we Me th [i] o> eh ee eee ee gee""",7|2|2|33|3|3|5
WENWU_780,CMA:2025.108,right_70,6,1280,850,cr na SR “ S U P rT ar te C ast Bit 8 Oy <HINEsE cy TION [pk Dae a ; rit ee yt Edited by Weng Liansiand ch a ER Bur COLLECTION s “ ae F Se ed ao ok . ve % < ii be Bae Fre ae f HE Ie de hh ~~ Be : yee : : j ye iil [tH] & i) & i ‘ |) Bale - So PTT,8
WENWU_780,CMA:2025.108,right_70,11,1280,850,"its ll SU PRINTS re HINESE IRG COLLECTION eah USU PRINTs Br IN THE CHRISTER VON Dg R Bur G COLLECTION Edited by Weng Lianxi and Christer vgn g Bil f iH % ee Y FR IK Von QW at a) Pig 7 eS hk Wii itt fe GS Ds Ve a hy ey Eat _— Te ae Sa 4 4 We ""(el [FH] geert®",7|4|4
WENWU_780,CMA:2025.108,right_70,12,1280,850,"wes SU PRINTS re HINESE Cy IRG COLLECTION eah USU Pp; INTS EK IN THE CHRISTER VON Dep Bur G COLLECTION Edited by Weng Lianxi and Christ bie Hl iH % | We i J FR IK ’ QQ at EH Pig 7 eS ak Wii itt fe GS DD Ds (A yp hy Cod Eat a ae Sa ip ""(el CE ee aS [FH] Qf ae se. SCS ga ke",7
GUANGZHOU_IMG3,CMA:2025.108,full,6,900,675,"= 2 ? r 4 4 s a ae = ¥ 4 = ee ry Re DA _ So Cas ae BON £ “ ng - — : 7 ——... we = <¥ Zz —_—_ ~ = . . ~ oe . Se: wa — Bn es 'oe E - aes! ee ee — pepe) I yes } fe ee —- asic ame 2) te aene —— ee “n as —— = —— = iy yh = . , lO —— ‘ ao cae ee es AAD ky ; Se =, ae ee ——-— : == pers 3485 = a i oF pS — : = & a ane Kim NSE } = ’ ae . == o> . ———— “+ 2G 7° 2 * oe ao Peers : ge Ae Oo eae tS — - — = a. a <A <——— . ss d. a —_ <a —— — i Le - SBE og - * > = — — ae Cee —— Seni. Sa mt, SRE wee = Paes + a ——~ — & es, Sm SE X. = “e Pe \= : a - == ; Spas ae . > % : -- Pp — = i My x a . & _ yw ~—— i + s meee Ree A. a f 7 : xD . Say = x aie J Fos) Dh) Se “ . ~ Se z oe - a oe A a ee he",2|4|4|4|7|2|2|7|2|7
GUANGZHOU_IMG3,CMA:2025.108,full,11,900,675,"ar ~~ — ee -_ ie <_ a | Py = Wi '* - it? — reer a te % ue 2 age —— « = ae os — = as —— '..azh ro ~) SITY a?) ee eos a : oF 0-5'oe 6 Bens ee att Gwe Py. ot a PY m2 ete | —— —— see <1 —— — ene = ———— St See —— — ee 4 desig 3 1 es — 2-4) —— Pits = Sie oo Ae on ————— —— — a ae ce) TAS Les — * <3> == I — Ww, te oe Seal) ge eee Bias ~~ Des —— — +S ing Cm, WOH) — ware “gS a ~S a Ss Ne vie poe ore yt",2|5|6|2|1|4|3|1|2|4|3
GUANGZHOU_IMG3,CMA:2025.108,full,12,900,675,"ar ~~ ee ie a Py = Wi '* = — reer cM eee te % ue 2 age -_ ———— a — age $2 os — = ——— '..azh ro ~) SS sen Ae LD : = — a4' a?) et ee ee —— i * — LG ot meas PY m2 ete | see <1 — ene St See —— — ee 4 desig 3 1 es 2-4) — —— ie ————— — a ae TAS Les = wee — == | — Ww, Fe ne BE Sean) Sage Bias ~~ Ne = — ~~ — = +"" +S ing ey >i & ware oh a Ss iN yt",2|2|4|2|1|4|3|1|2|4
GUANGZHOU_IMG3,CMA:2025.108,top_45,6,900,675,"ee aS a a eS ee 5 — are — : ws hg ' 7. ~ - = 3 - ~ ¥ = * 7 jas a5 , oe leet 9 Pe RN od s = f bye 22 — i ‘; - 4 - SS ——————— — —~ . re 2 4 ; - ‘4 ee —$—— SS 4 rs Pasa . : Se "" as rat SS ae a ee ge ed Bh, —<————— ———— 2S ee ee : —— | My "" — a | ¥ im oh |",5|7|3|7|5|9|22|4|2|4|4|4|2
GUANGZHOU_IMG3,CMA:2025.108,top_45,11,900,675,—— 2 mC led ed Li — _= - et ee 2 a1 ‘APY aa a *SELY — a ee — — hl ‘ah Fd im i .' oe | = 2 Soe e. —— — @ 555 tes - = We a ——__ a q W fdigy FA,2|2|1|2|555
GUANGZHOU_IMG3,CMA:2025.108,top_45,12,900,675,a. ee Vig ed * « _= } ed =} 2 a1 aa a Py *SELY ae * — — a ee — —L 2 EEN Ss = Fg ‘ah ee 2: => “2.88 oy aS ei c= Sails s sy Soe e. S- 5° 8 8 — — ee NUE ——. ——_—_ oni @ a = [ts rs FA,2|1|2|2|2|88|5|8|8
GUANGZHOU_IMG3,CMA:2025.108,top_left,6,900,675,"- furs - nf. as p= = . » y vd ef =e SPP ae - ‘ . ; ™~ “ — _ . ; wi, : eater = 4 ’ = * o - _ ” J "" —— s | , . . : — 5 — — ~—~- - ; > o < se | ~ _* - 1 si — ——t ee : . : Se Ss eee a SS es es ee gs Fas So Be | se —- = At oe . ese we SS 338",4|5|1|338
GUANGZHOU_IMG3,CMA:2025.108,top_left,11,900,675,"—— eS etl , i) 2% i EE ¥ —— ¢ ey fe. — SE. ss Se —_ —— i Sat sn CF aa — , — St OS Ue 6 8 eas ee i ie —_— te << — ee ——— _—-= eV"" 2% See — as ii, ee —=—se ¢ -",2|6|8|2
GUANGZHOU_IMG3,CMA:2025.108,top_left,12,900,675,"—— eS etl - - w , i) 2% i EE ¢ a= Ls ey fe. — —_ | | sn =~ CF aa a2. BS «vy — , — er) mentee a se .._ a ee = — te << — ee ——— —_—= eV"" See — as ii, ee —=—se =",2|2
GUANGZHOU_IMG3,CMA:2025.108,top_right,6,900,675,"—_ , & > — - od p - 4 \ res —— — < ~ e ’ ; ; - ~ joey Se _ , 77. 7 ° +) = = 7 = Pe ak, - -— Cc 2 y OPO ES Nagaly- ————<<_ —. ——— an : - = "" on — = j : > ? - 7 ‘ : ' - > a , =. —— rays, 7 EE s #4 -— i WG 1 eee [g£2 = ma YMA « ‘ as a 4 in8@ ji és — er 4 ire a : : c ; as . / Nase: ‘ = | seem — ; 4 bey e ; Bh A) oe ae / i eee | — = i [3] gp ; ——— | Oe , a — Ne lt 5,",4|77|7|7|2|7|7|4|1|2|4|8|4|4|3|5
GUANGZHOU_IMG3,CMA:2025.108,top_right,11,900,675,it —— AI : hess: lg * —_— «= = — <3 Ager -— — te ae Ler 4 | “ s #4 iB = = ss = —. x s*°@ ss mai @ =% 27 Gy Pin os Rh sy! at —_ — aie | | ie Pre Dy Big a —— ae oe —<— — = | ~ arr. ae ENS aa!,3|4|4|27
GUANGZHOU_IMG3,CMA:2025.108,top_right,12,900,675,"oo ll Pi les, i : } te if <i I [ ; My 1. ae a i i = bw +. Sa = RS & i ‘ \ } Pit « oo) * be Sl ~ a o a2 Sus —-_ in —_— : : %",1|2
GUANGZHOU_IMG3,CMA:2025.108,left_70,6,900,675,"_ bo eel - — j> = f — I Tees ~ al _— = ivan y - "" _ -”y ~ - s ———T : eee ’ , : ‘ee a r 4 ; a So r = Sateen ieee ee ee : a RB ofa eS ; if a : : - cn He = wits —. s e_— ad . ‘ ’ Ses vitae s 7 yy ; Seon = same eS phe — = - =< So <a —— oe _—_ a : ——— = I oe aa oes te. _— = - — ae ye = —— ner! q <a a —= 7 ————— - gee # a SS = = - > wy oe eee ° eo — a — * a _ — = a = = ————-—sqswe —_ ‘s . = = — _* = \ q ‘ = . »** a 5 ="" oe ze ; —~—~ = = <5, San eS = SS aay a SS yo ea , & SS Bop 16 Al ge. y ; ne gn a - ——— + OF aes Te Bea bs a 6 y | —=S—_— = SE Bees SN / ——— . Baw See t _ ~",4|7|7|5|5|16|6
GUANGZHOU_IMG3,CMA:2025.108,left_70,11,900,675,"ee | ~—. \ - = ’ a ‘z: ny - - = '? fm is? a JB eek (eee! —-s sien ie LA i. re | ae | Se Wey Se ern, ato ame =————® _—— «st —_ —o ns — — ae =e —— SS ————- —- st aj — OO eee i —~ —- ——— — —_ ——_—_————.. —- rt A =, — oe — _ “a = = = + — A > te _* —_=-. ——— gt ——— a a —— —_—_ = se Hin — ee =< — = 4+ i we eo — = & cs “ae a as > — ay i~ Se —- a a —_",4
GUANGZHOU_IMG3,CMA:2025.108,left_70,12,900,675,"“ ts eri . re on AG ty ty v oat vy if i | "" 47 i # A ; \\ i Le ii 4. ” | : : i) U uv ! il ii | A Si, é a“ \ i -? vy Le i if ! - : if { i | | | mH, | 4 iD A | Se . \y. i i : ; ah \ *. Mf",47|4|4
GUANGZHOU_IMG3,CMA:2025.108,right_70,6,900,675,"a ’ = +r. . | \"" ne ee aa oie ae 4 7 . : \/ , u } ""I - is - —e = se ' B28 ss oe ee Bet eae iS pt or —, =e - a. ; ee = ——~.. Sra * <x; ii cy” = ae = —— me fi, "" AH - | An wae ay) r= eS en pL yl a es = F an =! ae su SSS eons ss he | . <=, ‘ La j 24 SM at is — Sa | Pin ge : SS ne : ee ee ee ff , —_—_——— nm == Si SP - <a | . | Pee ~ ) Ps te = 4 < - a ——— eS race a : . | = : | } Oey = Ge ae : sa —. ss < Sar aa x : 4 . 4 . a a go. aa, a as ——S~y Poe on >. : Me yee oe 4 R . a S$ Hi. — ; e — > — . tay "" Sony, ; ue ves has : ° 2 tae =. — 8 Pa —— . Ae ee } ; haa RY : ~ Fie = : tes k ~ - %e, & vy. 4 : FA, seal SS Ao, . le 4s "" aa ; “ — - — = ——~ , ~ » 5 <",4|7|28|24|4|4|4|4|2|8|4|4|5
GUANGZHOU_IMG3,CMA:2025.108,right_70,11,900,675,"i ers ——e 2 ee AOS rT Tl Be — ey Sn = _ SOE t's “5 : : — by Le ee : 2 ii.’ Le a) Les Bee eo bi —1—_ Sn — | Re + a —— ¥ i ap mj a a % i a i i —— —_ highs }< ——— — es —_< Bits a Sih =a a a ae i * ~—siee Pi, Sea) Page i= 77% a Ke ——.-< — <= haa RY ~ oe ———————— —— = Ww in “4 ~— a — [oS aw Ea = a ay S ~~ mt",2|5|2|1|77|4
GUANGZHOU_IMG3,CMA:2025.108,right_70,12,900,675,"i ers ‘S| ayy oa Cok © ee AOS re Tn — ey = _ _ “a. s <¥ 3 As by Le ee en pe LA ii.’ — 5 a a ry NE ee nee 704 ome + oe ¥ i ap Dy Big a a % i a i = —_ tesighe }< ——— — f) ~ oe —_< =a a a ae i * ~—siee Pi, Sea) Page i= a Ke ——.-< — : <= haa RY ~ oe ———————— —— = Ww in “4 ~— a — [oS aw Ea a ay S mt",3|5|704|4
