sample_id,sample_page_code,sample_image_index,sample_alt,sample_url,sample_keypoints,museum_working_220_id,museum_code,accession,title_en,title_zh,object_url,good_matches,homography_inliers,inlier_ratio,geometric_score,homography_candidate_to_sample,rank
WENWU_RECOMMEND:3,WENWU_RECOMMEND,3,,https://img.wanwang.xin/contents/sitefiles2046/10230983/images/175829776.jpg,2527,CMA:2025.108,CMA,2025.108,Bird on Pomegranate,石榴上的鳥兒,https://clevelandart.org/art/2025.108,277,251,0.9061,2722.0227,0.821328 -0.0260013 307.45 0.00157606 0.798963 515.308 -3.89491e-06 -2.4483e-05 1,1
WENWU_RECOMMEND:3,WENWU_RECOMMEND,3,,https://img.wanwang.xin/contents/sitefiles2046/10230983/images/175829776.jpg,2527,MET:2025.434,MET,2025.434,Lady Holding a Brush,,https://www.metmuseum.org/art/collection/search/911980,37,8,0.2162,110.2243,-0.78839 -0.331826 581.742 -0.326071 -1.41155 994.43 -0.00290617 0.000192523 1,2
WENWU_RECOMMEND:3,WENWU_RECOMMEND,3,,https://img.wanwang.xin/contents/sitefiles2046/10230983/images/175829776.jpg,2527,MET:2025.381,MET,2025.381,"Woman teaching children to play chess, from four-print set “Women teaching children the four accomplishments”",,https://www.metmuseum.org/art/collection/search/911871,37,7,0.1892,99.6838,-0.512031 -0.855528 524.623 -0.584904 -0.703531 450.731 -0.00122933 -0.00161689 1,3
WENWU_RECOMMEND:3,WENWU_RECOMMEND,3,,https://img.wanwang.xin/contents/sitefiles2046/10230983/images/175829776.jpg,2527,MET:2025.357,MET,2025.357,Boys Picking Lotus,,https://www.metmuseum.org/art/collection/search/911822,46,6,0.1304,94.8087,8.75716 -1.5342 -2883.79 -11.4376 -12.1546 1763.19 -0.0122079 -0.00959261 1,4
WENWU_RECOMMEND:3,WENWU_RECOMMEND,3,,https://img.wanwang.xin/contents/sitefiles2046/10230983/images/175829776.jpg,2527,MET:2025.361,MET,2025.361,The Two Immortals of Harmony and Unity,,https://www.metmuseum.org/art/collection/search/911827,26,7,0.2692,93.5846,0.21861 -1.13961 631.103 0.254718 -1.55988 848.09 0.00072908 -0.00197044 1,5
WENWU_RECOMMEND:3,WENWU_RECOMMEND,3,,https://img.wanwang.xin/contents/sitefiles2046/10230983/images/175829776.jpg,2527,MET:2025.420,MET,2025.420,Spring Morning in the Han Palace,,https://www.metmuseum.org/art/collection/search/911944,23,7,0.3043,92.187,-2.22388 -1.20454 754.309 -1.44104 -0.809485 497.994 -0.00293733 -0.00160462 1,6
WENWU_RECOMMEND:3,WENWU_RECOMMEND,3,,https://img.wanwang.xin/contents/sitefiles2046/10230983/images/175829776.jpg,2527,CMA:2025.127,CMA,2025.127,Plum and Camellia in a Bronze Vase,博古花卉圖,https://clevelandart.org/art/2025.127,34,6,0.1765,87.3294,-2.72356 -0.191591 763.919 -4.40722 -0.0268388 1061.96 -0.00438146 -2.02969e-05 1,7
WENWU_RECOMMEND:3,WENWU_RECOMMEND,3,,https://img.wanwang.xin/contents/sitefiles2046/10230983/images/175829776.jpg,2527,MET:2025.423,MET,2025.423,A Hunt on the Plains,,https://www.metmuseum.org/art/collection/search/911947,28,6,0.2143,83.8857,1.35396 -2.29155 729.114 1.15578 -2.34411 808.963 0.00165273 -0.00301542 1,8
WENWU_RECOMMEND:3,WENWU_RECOMMEND,3,,https://img.wanwang.xin/contents/sitefiles2046/10230983/images/175829776.jpg,2527,MET:2025.387,MET,2025.387,Taozhu Brings Wealth,,https://www.metmuseum.org/art/collection/search/911876,27,6,0.2222,83.3444,1.8205 -2.70437 945.727 1.4436 -1.26533 225.264 0.00282568 -0.00340106 1,9
WENWU_RECOMMEND:3,WENWU_RECOMMEND,3,,https://img.wanwang.xin/contents/sitefiles2046/10230983/images/175829776.jpg,2527,CMA:2025.31,CMA,2025.31,The Two Immortals of Harmony and Unity,和合二仙,https://clevelandart.org/art/2025.31,26,6,0.2308,82.8154,-0.332523 -0.411497 435.465 2.27394 -0.470374 288.003 0.000611698 -0.00129428 1,10
WENWU_RECOMMEND:3,WENWU_RECOMMEND,3,,https://img.wanwang.xin/contents/sitefiles2046/10230983/images/175829776.jpg,2527,MET:2025.391,MET,2025.391,Two Beauties Enjoy a Butterfly,,https://www.metmuseum.org/art/collection/search/911887,24,6,0.25,81.8,-1.4599 -0.92912 596.716 -1.30247 -0.791102 535.076 -0.00242996 -0.00152681 1,11
WENWU_RECOMMEND:3,WENWU_RECOMMEND,3,,https://img.wanwang.xin/contents/sitefiles2046/10230983/images/175829776.jpg,2527,MET:2025.365,MET,2025.365,Lady with Boys Playing Instruments,,https://www.metmuseum.org/art/collection/search/911838,23,6,0.2609,81.3174,-9.73293 6.09895 354.386 -12.7417 8.05521 315.775 -0.0068338 0.00345557 1,12
WENWU_RECOMMEND:3,WENWU_RECOMMEND,3,,https://img.wanwang.xin/contents/sitefiles2046/10230983/images/175829776.jpg,2527,MET:2025.414,MET,2025.414,Praying Mantis and Three Toddlers,,https://www.metmuseum.org/art/collection/search/911927,23,6,0.2609,81.3174,-44.112 10.3367 932.217 -55.8578 13.3297 1069.87 -0.0512213 0.0121293 1,13
WENWU_RECOMMEND:3,WENWU_RECOMMEND,3,,https://img.wanwang.xin/contents/sitefiles2046/10230983/images/175829776.jpg,2527,MET:2025.450,MET,2025.450,Butterfly on Peony and Iris,,https://www.metmuseum.org/art/collection/search/912012,41,5,0.122,81.139,-0.264431 -2.82356 461.974 -1.37445 -1.59879 516.434 -0.00129679 -0.0047416 1,14
WENWU_RECOMMEND:3,WENWU_RECOMMEND,3,,https://img.wanwang.xin/contents/sitefiles2046/10230983/images/175829776.jpg,2527,CMA:2025.76,CMA,2025.76,Li Wenzhong Clears the North,李文忠掃北,https://clevelandart.org/art/2025.76,21,6,0.2857,80.4143,3.43591 -41.4066 724.917 3.60895 -47.8523 986.31 0.00353908 -0.0482023 1,15
WENWU_RECOMMEND:3,WENWU_RECOMMEND,3,,https://img.wanwang.xin/contents/sitefiles2046/10230983/images/175829776.jpg,2527,CMA:2025.116,CMA,2025.116,Grasshopper on Pomegranate,蚱蜢石榴,https://clevelandart.org/art/2025.116,21,6,0.2857,80.4143,-1.48086 0.200098 808.795 -1.47489 0.690151 770.114 -0.00193571 0.000779098 1,16
WENWU_RECOMMEND:3,WENWU_RECOMMEND,3,,https://img.wanwang.xin/contents/sitefiles2046/10230983/images/175829776.jpg,2527,MET:2025.421,MET,2025.421,Adoration of a Sage,,https://www.metmuseum.org/art/collection/search/911945,21,6,0.2857,80.4143,-2.78763 2.03215 746.836 -0.447908 -0.0172506 422.618 -0.00364415 0.00252747 1,17
WENWU_RECOMMEND:3,WENWU_RECOMMEND,3,,https://img.wanwang.xin/contents/sitefiles2046/10230983/images/175829776.jpg,2527,MET:2025.441,MET,2025.441,Agricultural Tasks,,https://www.metmuseum.org/art/collection/search/911991,21,6,0.2857,80.4143,-1.38234 -9.38674 1031.33 -0.206459 -0.253453 217.257 -0.00137865 -0.00763069 1,18
WENWU_RECOMMEND:3,WENWU_RECOMMEND,3,,https://img.wanwang.xin/contents/sitefiles2046/10230983/images/175829776.jpg,2527,MET:2025.460,MET,2025.460,"Wooden chest with print ""Gusu Beauty in Winter"" pasted inside",,https://www.metmuseum.org/art/collection/search/912945,18,6,0.3333,79.2667,0.0764428 -1.99259 506.455 0.102483 -3.28076 833.066 0.000133645 -0.0039402 1,19
WENWU_RECOMMEND:3,WENWU_RECOMMEND,3,,https://img.wanwang.xin/contents/sitefiles2046/10230983/images/175829776.jpg,2527,MET:2025.396,MET,2025.396,Zhaojun Leaves for the North,,https://www.metmuseum.org/art/collection/search/911893,16,6,0.375,78.7,-1.25007 -1.08743 515.001 -0.734601 -0.603923 282.799 -0.00315592 -0.00200644 1,20
WENWU_RECOMMEND:4,WENWU_RECOMMEND,4,,https://img.wanwang.xin/contents/sitefiles2046/10230983/images/175829777.jpg,2236,MET:2025.398,MET,2025.398,Satirical Prints of Suzhou Customs,,https://www.metmuseum.org/art/collection/search/911898,156,9,0.0577,200.3538,-0.236235 0.20423 245.283 -2.22346 -0.437086 1476.63 -0.00149796 -9.91217e-06 1,1
WENWU_RECOMMEND:4,WENWU_RECOMMEND,4,,https://img.wanwang.xin/contents/sitefiles2046/10230983/images/175829777.jpg,2236,MET:2025.444,MET,2025.444,"Autumn basket: hibiscus, yellow hibiscus and chrysanthemum",,https://www.metmuseum.org/art/collection/search/911995,158,7,0.0443,181.4861,-0.800248 0.159925 522.804 0.342557 -0.548934 628.33 -0.000426662 -0.00106429 1,2
WENWU_RECOMMEND:4,WENWU_RECOMMEND,4,,https://img.wanwang.xin/contents/sitefiles2046/10230983/images/175829777.jpg,2236,MET:2025.364,MET,2025.364,Ten Views of West Lake,,https://www.metmuseum.org/art/collection/search/911836,136,7,0.0515,166.2294,-2.01358 -0.0604143 617.502 -2.19309 -0.0681809 674.519 -0.00328118 -7.77433e-05 1,3
WENWU_RECOMMEND:4,WENWU_RECOMMEND,4,,https://img.wanwang.xin/contents/sitefiles2046/10230983/images/175829777.jpg,2236,MET:2025.414,MET,2025.414,Praying Mantis and Three Toddlers,,https://www.metmuseum.org/art/collection/search/911927,117,8,0.0684,163.2675,-2.32578 -0.564705 738.265 -1.56285 -0.396693 503.392 -0.00309707 -0.000786549 1,4
WENWU_RECOMMEND:4,WENWU_RECOMMEND,4,,https://img.wanwang.xin/contents/sitefiles2046/10230983/images/175829777.jpg,2236,MET:2025.423,MET,2025.423,A Hunt on the Plains,,https://www.metmuseum.org/art/collection/search/911947,123,7,0.0569,157.2382,-1.92553 -0.370538 912.821 0.860699 -1.04519 538.406 -0.00234228 0.000184531 1,5
WENWU_RECOMMEND:4,WENWU_RECOMMEND,4,,https://img.wanwang.xin/contents/sitefiles2046/10230983/images/175829777.jpg,2236,MET:2025.445,MET,2025.445,Magpies,,https://www.metmuseum.org/art/collection/search/911996,102,8,0.0784,152.9686,2.72612 -1.13279 70.6771 20.2085 -9.97473 781.571 0.0274178 -0.0133696 1,6
WENWU_RECOMMEND:4,WENWU_RECOMMEND,4,,https://img.wanwang.xin/contents/sitefiles2046/10230983/images/175829777.jpg,2236,MET:2025.406,MET,2025.406,Beauty and a Cat,,https://www.metmuseum.org/art/collection/search/911913,113,7,0.0619,150.3389,-0.32679 -0.273587 96.0756 -4.47057 -3.64477 1332.55 -0.003352 -0.00274105 1,7
WENWU_RECOMMEND:4,WENWU_RECOMMEND,4,,https://img.wanwang.xin/contents/sitefiles2046/10230983/images/175829777.jpg,2236,MET:2025.373,MET,2025.373,A Record of Tiger Hill in Suzhou,,https://www.metmuseum.org/art/collection/search/911852,83,8,0.0964,140.0277,-1.4302 0.778541 359.916 -3.26932 0.438668 980.241 -0.00331341 0.000959066 1,8
WENWU_RECOMMEND:4,WENWU_RECOMMEND,4,,https://img.wanwang.xin/contents/sitefiles2046/10230983/images/175829777.jpg,2236,MET:2025.358,MET,2025.358,May You Soon Bear Noble Sons,,https://www.metmuseum.org/art/collection/search/911824,79,8,0.1013,137.3253,3.17149 -4.44165 2599.33 16.6798 -8.65754 5616.38 0.0153095 0.000157038 1,9
WENWU_RECOMMEND:4,WENWU_RECOMMEND,4,,https://img.wanwang.xin/contents/sitefiles2046/10230983/images/175829777.jpg,2236,MET:2025.379,MET,2025.379,"Woman teaching children to paint, from four-print set “Women teaching children the four accomplishments”",,https://www.metmuseum.org/art/collection/search/911867,92,7,0.0761,135.9217,-2.54272 -1.66081 999.51 -1.07864 -0.463023 309.081 -0.00249027 -0.0017072 1,10
WENWU_RECOMMEND:4,WENWU_RECOMMEND,4,,https://img.wanwang.xin/contents/sitefiles2046/10230983/images/175829777.jpg,2236,MET:2025.448,MET,2025.448,Apples and Pomegranates.,,https://www.metmuseum.org/art/collection/search/912004,120,5,0.0417,134.8333,0.00254286 -0.249828 156.102 -0.526274 -1.13612 763.191 -0.000522527 -0.00179392 1,11
WENWU_RECOMMEND:4,WENWU_RECOMMEND,4,,https://img.wanwang.xin/contents/sitefiles2046/10230983/images/175829777.jpg,2236,MET:2025.388,MET,2025.388,Picture of a Happy Family,,https://www.metmuseum.org/art/collection/search/911877,90,7,0.0778,134.5556,1.96724 -1.4332 379.49 9.54594 -8.28351 1460.73 0.0080604 -0.00572558 1,12
WENWU_RECOMMEND:4,WENWU_RECOMMEND,4,,https://img.wanwang.xin/contents/sitefiles2046/10230983/images/175829777.jpg,2236,MET:2025.450,MET,2025.450,Butterfly on Peony and Iris,,https://www.metmuseum.org/art/collection/search/912012,101,6,0.0594,131.8881,-2.43231 1.78156 933.308 -1.53249 2.67581 508.896 -0.00264224 0.00305561 1,13
WENWU_RECOMMEND:4,WENWU_RECOMMEND,4,,https://img.wanwang.xin/contents/sitefiles2046/10230983/images/175829777.jpg,2236,MET:2025.437,MET,2025.437,Complete Geographical Map of the Everlasting Unified Qing Empire,,https://www.metmuseum.org/art/collection/search/911983,99,6,0.0606,130.5121,-0.0781614 1.80308 6.88792 -2.19226 -0.996659 802.255 -0.00297967 -0.000339835 1,14
WENWU_RECOMMEND:4,WENWU_RECOMMEND,4,,https://img.wanwang.xin/contents/sitefiles2046/10230983/images/175829777.jpg,2236,MET:2025.434,MET,2025.434,Lady Holding a Brush,,https://www.metmuseum.org/art/collection/search/911980,81,7,0.0864,128.4284,-0.224688 -0.243514 181.622 -1.22311 -1.26308 950.37 -0.00137981 -0.00128089 1,15
WENWU_RECOMMEND:4,WENWU_RECOMMEND,4,,https://img.wanwang.xin/contents/sitefiles2046/10230983/images/175829777.jpg,2236,MET:2025.456,MET,2025.456,Mynah Birds,,https://www.metmuseum.org/art/collection/search/912024,81,7,0.0864,128.4284,-10.4619 -3.42199 2616.8 20.5854 9.33001 -8131.23 -0.00535848 -0.00219519 1,16
WENWU_RECOMMEND:4,WENWU_RECOMMEND,4,,https://img.wanwang.xin/contents/sitefiles2046/10230983/images/175829777.jpg,2236,MET:2025.452,MET,2025.452,Poppy and Stone,,https://www.metmuseum.org/art/collection/search/912016,61,8,0.1311,125.323,0.713442 -0.588123 556.656 -0.390122 -0.977019 820.678 0.00175197 -0.00215093 1,17
WENWU_RECOMMEND:4,WENWU_RECOMMEND,4,,https://img.wanwang.xin/contents/sitefiles2046/10230983/images/175829777.jpg,2236,MET:2025.361,MET,2025.361,The Two Immortals of Harmony and Unity,,https://www.metmuseum.org/art/collection/search/911827,71,7,0.0986,121.6718,-0.477972 -0.352954 484.778 -0.506695 -0.954341 838.072 -8.86873e-05 -0.0012897 1,18
WENWU_RECOMMEND:4,WENWU_RECOMMEND,4,,https://img.wanwang.xin/contents/sitefiles2046/10230983/images/175829777.jpg,2236,MET:2025.401,MET,2025.401,Print in Western Style with Western Text,,https://www.metmuseum.org/art/collection/search/911907,69,7,0.1014,120.329,-0.60922 0.263296 453.249 0.329675 -1.60404 695.026 0.000931552 -0.0022391 1,19
WENWU_RECOMMEND:4,WENWU_RECOMMEND,4,,https://img.wanwang.xin/contents/sitefiles2046/10230983/images/175829777.jpg,2236,MET:2025.443,MET,2025.443,"Summer basket: lotus, pomegranate and day lily",,https://www.metmuseum.org/art/collection/search/911992,82,6,0.0732,118.8634,-2.43267 -1.40116 393.705 -8.57394 -5.67528 1517.94 -0.00592636 -0.00382852 1,20
WENWU_RECOMMEND:5,WENWU_RECOMMEND,5,,https://img.wanwang.xin/contents/sitefiles2046/10230983/images/175829778.jpg,7000,CMA:2025.84,CMA,2025.84,Gathering Osmanthus,折桂圖,https://clevelandart.org/art/2025.84,1541,1514,0.9825,16238.3496,0.794499 -0.0384434 749.559 0.0386772 0.76116 122.629 4.96542e-05 -5.82027e-05 1,1
WENWU_RECOMMEND:5,WENWU_RECOMMEND,5,,https://img.wanwang.xin/contents/sitefiles2046/10230983/images/175829778.jpg,7000,MET:2025.445,MET,2025.445,Magpies,,https://www.metmuseum.org/art/collection/search/911996,106,7,0.066,145.5208,-1.05239 -1.37745 639.212 -1.33615 -1.78488 822.216 -0.00163781 -0.00216388 1,2
WENWU_RECOMMEND:5,WENWU_RECOMMEND,5,,https://img.wanwang.xin/contents/sitefiles2046/10230983/images/175829778.jpg,7000,MET:2025.443,MET,2025.443,"Summer basket: lotus, pomegranate and day lily",,https://www.metmuseum.org/art/collection/search/911992,103,7,0.068,143.4592,-1.64909 0.193579 767.663 -1.242 -0.180008 629.351 -0.0021091 0.000273618 1,3
WENWU_RECOMMEND:5,WENWU_RECOMMEND,5,,https://img.wanwang.xin/contents/sitefiles2046/10230983/images/175829778.jpg,7000,MET:2025.363,MET,2025.363,Three Boys Grabbing Nobility,,https://www.metmuseum.org/art/collection/search/911834,75,7,0.0933,124.3667,4.6994 -1.54527 -631.259 -1.62673 0.163458 502.504 -0.00339187 0.000553037 1,4
WENWU_RECOMMEND:5,WENWU_RECOMMEND,5,,https://img.wanwang.xin/contents/sitefiles2046/10230983/images/175829778.jpg,7000,MET:2025.450,MET,2025.450,Butterfly on Peony and Iris,,https://www.metmuseum.org/art/collection/search/912012,101,5,0.0495,121.6901,0.710335 -2.76016 642.468 0.929509 -3.5363 813.901 0.001122 -0.00431806 1,5
WENWU_RECOMMEND:5,WENWU_RECOMMEND,5,,https://img.wanwang.xin/contents/sitefiles2046/10230983/images/175829778.jpg,7000,MET:2025.437,MET,2025.437,Complete Geographical Map of the Everlasting Unified Qing Empire,,https://www.metmuseum.org/art/collection/search/911983,84,6,0.0714,120.2286,-0.252309 0.678503 423.899 0.739625 -1.68523 459.63 -0.000144871 -0.00130687 1,6
WENWU_RECOMMEND:5,WENWU_RECOMMEND,5,,https://img.wanwang.xin/contents/sitefiles2046/10230983/images/175829778.jpg,7000,MET:2025.458,MET,2025.458,Pomegranate in a bronze vase,,https://www.metmuseum.org/art/collection/search/912028,68,7,0.1029,119.6588,-2.46047 0.852264 922.905 -3.49567 3.39062 888.327 -0.00346089 0.00439936 1,7
WENWU_RECOMMEND:5,WENWU_RECOMMEND,5,,https://img.wanwang.xin/contents/sitefiles2046/10230983/images/175829778.jpg,7000,MET:2025.357,MET,2025.357,Boys Picking Lotus,,https://www.metmuseum.org/art/collection/search/911822,77,6,0.0779,115.4584,-0.281438 -0.443752 99.6837 -0.512798 -0.524149 147.029 -0.00287548 -0.0033104 1,8
WENWU_RECOMMEND:5,WENWU_RECOMMEND,5,,https://img.wanwang.xin/contents/sitefiles2046/10230983/images/175829778.jpg,7000,MET:2025.398,MET,2025.398,Satirical Prints of Suzhou Customs,,https://www.metmuseum.org/art/collection/search/911898,58,7,0.1207,113.0138,3.60721 -1.77721 383.571 2.83974 -2.62814 709.774 0.00307106 -0.00302753 1,9
WENWU_RECOMMEND:5,WENWU_RECOMMEND,5,,https://img.wanwang.xin/contents/sitefiles2046/10230983/images/175829778.jpg,7000,MET:2025.361,MET,2025.361,The Two Immortals of Harmony and Unity,,https://www.metmuseum.org/art/collection/search/911827,73,6,0.0822,112.7438,-2.23345 -3.67059 432.459 -5.05421 -5.0647 1108.53 -0.00603016 -0.00514216 1,10
WENWU_RECOMMEND:5,WENWU_RECOMMEND,5,,https://img.wanwang.xin/contents/sitefiles2046/10230983/images/175829778.jpg,7000,MET:2025.379,MET,2025.379,"Woman teaching children to paint, from four-print set “Women teaching children the four accomplishments”",,https://www.metmuseum.org/art/collection/search/911867,54,7,0.1296,110.3926,0.0163206 0.0737537 50.0621 -1.91906 0.0297951 610.726 -0.00343424 0.000847612 1,11
WENWU_RECOMMEND:5,WENWU_RECOMMEND,5,,https://img.wanwang.xin/contents/sitefiles2046/10230983/images/175829778.jpg,7000,CMA:2025.60,CMA,2025.60,"Picture of a Cat, a Bird, and a Crabapple",海棠綬帶富貴圖,https://clevelandart.org/art/2025.60,52,7,0.1346,109.0923,18.9073 4.00581 -6620.52 6.63443 -0.743543 -1785.78 -0.0179005 -0.000599065 1,12
WENWU_RECOMMEND:5,WENWU_RECOMMEND,5,,https://img.wanwang.xin/contents/sitefiles2046/10230983/images/175829778.jpg,7000,MET:2025.421,MET,2025.421,Adoration of a Sage,,https://www.metmuseum.org/art/collection/search/911945,67,6,0.0896,108.691,-3.67076 0.390379 142.444 -11.2011 1.06947 805.234 -0.016051 0.00200408 1,13
WENWU_RECOMMEND:5,WENWU_RECOMMEND,5,,https://img.wanwang.xin/contents/sitefiles2046/10230983/images/175829778.jpg,7000,MET:2025.396,MET,2025.396,Zhaojun Leaves for the North,,https://www.metmuseum.org/art/collection/search/911893,64,6,0.0938,106.675,-3.21759 -0.590515 1000.51 -0.0624479 -0.0829261 119.136 -0.00341866 -0.000268649 1,14
WENWU_RECOMMEND:5,WENWU_RECOMMEND,5,,https://img.wanwang.xin/contents/sitefiles2046/10230983/images/175829778.jpg,7000,MET:2025.441,MET,2025.441,Agricultural Tasks,,https://www.metmuseum.org/art/collection/search/911991,64,6,0.0938,106.675,-0.815745 -0.498033 158.269 -1.82744 -1.31116 483.775 -0.00376353 -0.00279003 1,15
WENWU_RECOMMEND:5,WENWU_RECOMMEND,5,,https://img.wanwang.xin/contents/sitefiles2046/10230983/images/175829778.jpg,7000,MET:2025.414,MET,2025.414,Praying Mantis and Three Toddlers,,https://www.metmuseum.org/art/collection/search/911927,63,6,0.0952,106.0048,0.0463084 0.150624 -131.008 -3.64513 -0.248524 802.122 -0.00452497 -0.00049936 1,16
WENWU_RECOMMEND:5,WENWU_RECOMMEND,5,,https://img.wanwang.xin/contents/sitefiles2046/10230983/images/175829778.jpg,7000,CMA:2025.108,CMA,2025.108,Bird on Pomegranate,石榴上的鳥兒,https://clevelandart.org/art/2025.108,60,6,0.1,104.0,-0.220916 -0.820314 260.979 -0.776262 -2.11797 782.124 -0.000965232 -0.00280189 1,17
WENWU_RECOMMEND:5,WENWU_RECOMMEND,5,,https://img.wanwang.xin/contents/sitefiles2046/10230983/images/175829778.jpg,7000,MET:2025.416,MET,2025.416,Story of The Western Chamber,,https://www.metmuseum.org/art/collection/search/911931,59,6,0.1017,103.3339,-0.50773 -3.60831 207.497 -8.93218 -4.478 797.231 -0.0143058 -0.00374208 1,18
WENWU_RECOMMEND:5,WENWU_RECOMMEND,5,,https://img.wanwang.xin/contents/sitefiles2046/10230983/images/175829778.jpg,7000,MET:2025.381,MET,2025.381,"Woman teaching children to play chess, from four-print set “Women teaching children the four accomplishments”",,https://www.metmuseum.org/art/collection/search/911871,58,6,0.1034,102.669,-14.3503 -1.00837 1354.95 -4.02447 -0.624813 524.979 -0.011297 -0.000789442 1,19
WENWU_RECOMMEND:5,WENWU_RECOMMEND,5,,https://img.wanwang.xin/contents/sitefiles2046/10230983/images/175829778.jpg,7000,MET:2025.391,MET,2025.391,Two Beauties Enjoy a Butterfly,,https://www.metmuseum.org/art/collection/search/911887,39,7,0.1795,100.8897,-12.8274 -0.436523 469.314 -10.9309 -2.06947 868.834 -0.0132187 -0.00304202 1,20
WENWU_RECOMMEND:6,WENWU_RECOMMEND,6,,https://img.wanwang.xin/contents/sitefiles2046/10230983/images/175829779.jpg,7000,MET:2025.437,MET,2025.437,Complete Geographical Map of the Everlasting Unified Qing Empire,,https://www.metmuseum.org/art/collection/search/911983,25,7,0.28,93.1,-0.238521 -3.12994 1056.9 0.0387861 -2.1496 615.832 -0.000208759 -0.00297589 1,1
WENWU_RECOMMEND:6,WENWU_RECOMMEND,6,,https://img.wanwang.xin/contents/sitefiles2046/10230983/images/175829779.jpg,7000,MET:2025.444,MET,2025.444,"Autumn basket: hibiscus, yellow hibiscus and chrysanthemum",,https://www.metmuseum.org/art/collection/search/911995,23,7,0.3043,92.187,52.8032 -83.5964 25793.4 32.0418 -60.7709 16719.5 0.0651548 0.00523146 1,2
WENWU_RECOMMEND:6,WENWU_RECOMMEND,6,,https://img.wanwang.xin/contents/sitefiles2046/10230983/images/175829779.jpg,7000,MET:2025.448,MET,2025.448,Apples and Pomegranates.,,https://www.metmuseum.org/art/collection/search/912004,20,7,0.35,91.0,-0.420023 -6.09652 922.536 -0.631904 -0.780384 131.421 -0.00464324 -0.00417173 1,3
WENWU_RECOMMEND:6,WENWU_RECOMMEND,6,,https://img.wanwang.xin/contents/sitefiles2046/10230983/images/175829779.jpg,7000,MET:2025.414,MET,2025.414,Praying Mantis and Three Toddlers,,https://www.metmuseum.org/art/collection/search/911927,30,6,0.2,85.0,-0.970907 -0.48148 450.362 -0.192206 -0.18446 141.362 -0.00185945 -0.00118154 1,4
WENWU_RECOMMEND:6,WENWU_RECOMMEND,6,,https://img.wanwang.xin/contents/sitefiles2046/10230983/images/175829779.jpg,7000,MET:2025.459,MET,2025.459,Chrysanthemum and Begonia in a Bronze Vase,,https://www.metmuseum.org/art/collection/search/912030,29,6,0.2069,84.4379,-2.46215 0.49103 133.281 -8.17359 1.25619 669.252 -0.0124594 0.00185109 1,5
WENWU_RECOMMEND:6,WENWU_RECOMMEND,6,,https://img.wanwang.xin/contents/sitefiles2046/10230983/images/175829779.jpg,7000,CMA:2025.84,CMA,2025.84,Gathering Osmanthus,折桂圖,https://clevelandart.org/art/2025.84,28,6,0.2143,83.8857,-1.06339 -0.653213 548.603 -1.4693 -0.888151 733.358 -0.00195766 -0.001204 1,6
WENWU_RECOMMEND:6,WENWU_RECOMMEND,6,,https://img.wanwang.xin/contents/sitefiles2046/10230983/images/175829779.jpg,7000,MET:2025.381,MET,2025.381,"Woman teaching children to play chess, from four-print set “Women teaching children the four accomplishments”",,https://www.metmuseum.org/art/collection/search/911871,27,6,0.2222,83.3444,-0.244548 -1.91418 1042.16 -0.0929221 -1.0908 581.176 -0.000559703 -0.00167959 1,7
WENWU_RECOMMEND:6,WENWU_RECOMMEND,6,,https://img.wanwang.xin/contents/sitefiles2046/10230983/images/175829779.jpg,7000,MET:2025.360,MET,2025.360,The Two Immortals of Harmony and Unity,,https://www.metmuseum.org/art/collection/search/911826,25,6,0.24,82.3,-4.67659 0.0215633 637.727 -3.36892 0.219663 390.502 -0.00554143 -0.000694727 1,8
WENWU_RECOMMEND:6,WENWU_RECOMMEND,6,,https://img.wanwang.xin/contents/sitefiles2046/10230983/images/175829779.jpg,7000,MET:2025.397,MET,2025.397,Satirical Prints of Suzhou Customs,,https://www.metmuseum.org/art/collection/search/911897,25,6,0.24,82.3,-0.243263 -0.536519 304.75 -1.41747 -1.61911 751.994 -0.0014869 -0.00212527 1,9
WENWU_RECOMMEND:6,WENWU_RECOMMEND,6,,https://img.wanwang.xin/contents/sitefiles2046/10230983/images/175829779.jpg,7000,MET:2025.406,MET,2025.406,Beauty and a Cat,,https://www.metmuseum.org/art/collection/search/911913,25,6,0.24,82.3,6.1561 -4.39787 913.196 3.47104 -2.93437 697.111 0.00540833 -0.00429771 1,10
WENWU_RECOMMEND:6,WENWU_RECOMMEND,6,,https://img.wanwang.xin/contents/sitefiles2046/10230983/images/175829779.jpg,7000,MET:2025.458,MET,2025.458,Pomegranate in a bronze vase,,https://www.metmuseum.org/art/collection/search/912028,25,6,0.24,82.3,-1.31069 0.991728 245.064 -1.55186 1.67851 154.517 -0.00447909 0.00142583 1,11
WENWU_RECOMMEND:6,WENWU_RECOMMEND,6,,https://img.wanwang.xin/contents/sitefiles2046/10230983/images/175829779.jpg,7000,MET:2025.398,MET,2025.398,Satirical Prints of Suzhou Customs,,https://www.metmuseum.org/art/collection/search/911898,24,6,0.25,81.8,-7.45604 10.6354 1215.22 -5.12934 10.3098 5.89111 -0.00750835 0.011534 1,12
WENWU_RECOMMEND:6,WENWU_RECOMMEND,6,,https://img.wanwang.xin/contents/sitefiles2046/10230983/images/175829779.jpg,7000,MET:2025.428,MET,2025.428,Amorous scene,,https://www.metmuseum.org/art/collection/search/913059,24,6,0.25,81.8,16.6423 6.59233 -2719.53 -5.4263 15.7785 -198.448 0.00781835 0.00767289 1,13
WENWU_RECOMMEND:6,WENWU_RECOMMEND,6,,https://img.wanwang.xin/contents/sitefiles2046/10230983/images/175829779.jpg,7000,MET:2025.404,MET,2025.404,Lady Holding a Brush,,https://www.metmuseum.org/art/collection/search/911911,22,6,0.2727,80.8545,-6.30553 0.165315 1022.67 -3.70035 -0.120871 670.839 -0.00607206 0.000126 1,14
WENWU_RECOMMEND:6,WENWU_RECOMMEND,6,,https://img.wanwang.xin/contents/sitefiles2046/10230983/images/175829779.jpg,7000,MET:2025.362,MET,2025.362,Two Beauties Gather Lotus,,https://www.metmuseum.org/art/collection/search/911830,21,6,0.2857,80.4143,-0.346283 -0.354342 149.046 0.0373782 -0.591233 152.501 -0.00235827 -0.00182537 1,15
WENWU_RECOMMEND:6,WENWU_RECOMMEND,6,,https://img.wanwang.xin/contents/sitefiles2046/10230983/images/175829779.jpg,7000,MET:2025.449,MET,2025.449,Butterflies on Loquats,,https://www.metmuseum.org/art/collection/search/912008,18,6,0.3333,79.2667,-2.89018 -1.86133 542.624 -1.58432 -0.575425 212.534 -0.0060952 -0.00306304 1,16
WENWU_RECOMMEND:6,WENWU_RECOMMEND,6,,https://img.wanwang.xin/contents/sitefiles2046/10230983/images/175829779.jpg,7000,MET:2025.430,MET,2025.430,Stone Lake In Suzhou : An Emulation of ‘Famous Scenes of West Lake’,,https://www.metmuseum.org/art/collection/search/911973,16,6,0.375,78.7,-2.9717 -0.0141976 1045.28 -1.76406 -0.250562 676.013 -0.00246697 -0.000547193 1,17
WENWU_RECOMMEND:6,WENWU_RECOMMEND,6,,https://img.wanwang.xin/contents/sitefiles2046/10230983/images/175829779.jpg,7000,MET:2025.434,MET,2025.434,Lady Holding a Brush,,https://www.metmuseum.org/art/collection/search/911980,16,6,0.375,78.7,8.02317 -1.84961 418.19 4.76821 -2.80872 803.346 0.007111 -0.00318297 1,18
WENWU_RECOMMEND:6,WENWU_RECOMMEND,6,,https://img.wanwang.xin/contents/sitefiles2046/10230983/images/175829779.jpg,7000,CMA:2025.46,CMA,2025.46,Gusu Beauties of the Four Seasons–Summer,四季姑蘇美人圖 - 夏,https://clevelandart.org/art/2025.46,14,6,0.4286,78.3714,-2.06231 -1.49827 740.854 -1.08554 -1.54431 670.111 -0.00225087 -0.00223405 1,19
WENWU_RECOMMEND:6,WENWU_RECOMMEND,6,,https://img.wanwang.xin/contents/sitefiles2046/10230983/images/175829779.jpg,7000,MET:2025.357,MET,2025.357,Boys Picking Lotus,,https://www.metmuseum.org/art/collection/search/911822,33,5,0.1515,76.1303,9.62671 -15.1279 1699.03 -5.13006 -6.24973 2373.34 0.00232124 -0.00992547 1,20
WENWU_RECOMMEND:7,WENWU_RECOMMEND,7,,https://img.wanwang.xin/contents/sitefiles2046/10230983/images/175829780.jpg,3939,CMA:2025.108,CMA,2025.108,Bird on Pomegranate,石榴上的鳥兒,https://clevelandart.org/art/2025.108,222,120,0.5405,1366.2108,0.551866 -0.0038072 70.9038 0.0105106 0.553355 269.288 2.01315e-05 -6.38314e-06 1,1
WENWU_RECOMMEND:7,WENWU_RECOMMEND,7,,https://img.wanwang.xin/contents/sitefiles2046/10230983/images/175829780.jpg,3939,MET:2025.414,MET,2025.414,Praying Mantis and Three Toddlers,,https://www.metmuseum.org/art/collection/search/911927,84,9,0.1071,150.9429,-4.22188 2.90295 165.011 -5.0966 2.21853 631.088 -0.00648212 0.00240545 1,2
WENWU_RECOMMEND:7,WENWU_RECOMMEND,7,,https://img.wanwang.xin/contents/sitefiles2046/10230983/images/175829780.jpg,3939,MET:2025.456,MET,2025.456,Mynah Birds,,https://www.metmuseum.org/art/collection/search/912024,71,9,0.1268,142.2352,-1.73846 -1.39609 1272.52 -1.60721 -1.27313 1113.35 -0.000926227 -0.000962096 1,3
WENWU_RECOMMEND:7,WENWU_RECOMMEND,7,,https://img.wanwang.xin/contents/sitefiles2046/10230983/images/175829780.jpg,3939,MET:2025.357,MET,2025.357,Boys Picking Lotus,,https://www.metmuseum.org/art/collection/search/911822,94,7,0.0745,137.2894,4.3926 -3.14951 1447.52 5.30618 -1.8074 408.809 -0.00203769 -0.000140012 1,4
WENWU_RECOMMEND:7,WENWU_RECOMMEND,7,,https://img.wanwang.xin/contents/sitefiles2046/10230983/images/175829780.jpg,3939,MET:2025.398,MET,2025.398,Satirical Prints of Suzhou Customs,,https://www.metmuseum.org/art/collection/search/911898,101,6,0.0594,131.8881,-0.443814 -2.38614 308.752 -0.547228 -3.95577 398.466 -0.00138206 -0.00976311 1,5
WENWU_RECOMMEND:7,WENWU_RECOMMEND,7,,https://img.wanwang.xin/contents/sitefiles2046/10230983/images/175829780.jpg,3939,MET:2025.405,MET,2025.405,Two Ladies Playing Music,,https://www.metmuseum.org/art/collection/search/911912,60,8,0.1333,124.6667,-12.4106 7.3565 577.646 -4.79137 3.4812 18.6338 -0.0127615 0.00575187 1,6
WENWU_RECOMMEND:7,WENWU_RECOMMEND,7,,https://img.wanwang.xin/contents/sitefiles2046/10230983/images/175829780.jpg,3939,CMA:2025.127,CMA,2025.127,Plum and Camellia in a Bronze Vase,博古花卉圖,https://clevelandart.org/art/2025.127,58,8,0.1379,123.3586,-4.10926 -1.25129 1426.37 -0.888702 -3.10008 726.248 -0.00127348 -0.00536051 1,7
WENWU_RECOMMEND:7,WENWU_RECOMMEND,7,,https://img.wanwang.xin/contents/sitefiles2046/10230983/images/175829780.jpg,3939,MET:2025.449,MET,2025.449,Butterflies on Loquats,,https://www.metmuseum.org/art/collection/search/912008,57,8,0.1404,122.707,57.1986 -77.1345 2444.1 103.998 -119.921 43.4492 0.149538 -0.162445 1,8
WENWU_RECOMMEND:7,WENWU_RECOMMEND,7,,https://img.wanwang.xin/contents/sitefiles2046/10230983/images/175829780.jpg,3939,MET:2025.444,MET,2025.444,"Autumn basket: hibiscus, yellow hibiscus and chrysanthemum",,https://www.metmuseum.org/art/collection/search/911995,72,7,0.0972,122.3444,-1.99364 -0.480493 932.548 -0.637292 -0.277399 346.717 -0.00181398 -0.000749852 1,9
WENWU_RECOMMEND:7,WENWU_RECOMMEND,7,,https://img.wanwang.xin/contents/sitefiles2046/10230983/images/175829780.jpg,3939,MET:2025.408,MET,2025.408,Scenes from the First Part of Pearl Pagoda,,https://www.metmuseum.org/art/collection/search/911916,71,7,0.0986,121.6718,-8.4218 -5.63396 5374.52 0.579284 4.73204 -9.70078 -0.00215197 0.0522506 1,10
WENWU_RECOMMEND:7,WENWU_RECOMMEND,7,,https://img.wanwang.xin/contents/sitefiles2046/10230983/images/175829780.jpg,3939,MET:2025.457,MET,2025.457,Grasshopper on Pomegranate,,https://www.metmuseum.org/art/collection/search/912025,86,6,0.0698,121.5953,-12.3028 3.30023 1344.27 -4.18287 1.04289 427.957 -0.0125815 0.00439671 1,11
WENWU_RECOMMEND:7,WENWU_RECOMMEND,7,,https://img.wanwang.xin/contents/sitefiles2046/10230983/images/175829780.jpg,3939,CMA:2025.53,CMA,2025.53,Scenic View of Suzhou,姑蘇勝景,https://clevelandart.org/art/2025.53,70,7,0.1,121.0,15.0067 -9.50026 1351.49 6.70738 -2.91337 46.9654 0.00921967 -0.00508059 1,12
WENWU_RECOMMEND:7,WENWU_RECOMMEND,7,,https://img.wanwang.xin/contents/sitefiles2046/10230983/images/175829780.jpg,3939,CMA:2025.21,CMA,2025.21,Part of Story of The Western Chamber,一部西廂總,https://clevelandart.org/art/2025.21,69,7,0.1014,120.329,-0.107267 -0.942989 544.031 -0.116446 -1.04098 582.567 -0.000441146 -0.00156872 1,13
WENWU_RECOMMEND:7,WENWU_RECOMMEND,7,,https://img.wanwang.xin/contents/sitefiles2046/10230983/images/175829780.jpg,3939,MET:2025.439,MET,2025.439,Eight Immortals and Twelve Zodiac Animals,,https://www.metmuseum.org/art/collection/search/911987,68,7,0.1029,119.6588,3.84776 10.2145 22.4151 21.6308 -20.0748 2572.39 0.0308439 -0.002429 1,14
WENWU_RECOMMEND:7,WENWU_RECOMMEND,7,,https://img.wanwang.xin/contents/sitefiles2046/10230983/images/175829780.jpg,3939,CMA:2025.116,CMA,2025.116,Grasshopper on Pomegranate,蚱蜢石榴,https://clevelandart.org/art/2025.116,52,8,0.1538,119.4769,-0.481362 -0.640565 661.771 0.627367 0.252379 43.0437 0.000538469 -0.00101147 1,15
WENWU_RECOMMEND:7,WENWU_RECOMMEND,7,,https://img.wanwang.xin/contents/sitefiles2046/10230983/images/175829780.jpg,3939,MET:2025.406,MET,2025.406,Beauty and a Cat,,https://www.metmuseum.org/art/collection/search/911913,51,8,0.1569,118.8373,-35.668 0.770661 617.289 -38.7735 0.766686 683.178 -0.0569796 0.00114314 1,16
WENWU_RECOMMEND:7,WENWU_RECOMMEND,7,,https://img.wanwang.xin/contents/sitefiles2046/10230983/images/175829780.jpg,3939,MET:2025.394,MET,2025.394,The Spring Ox,,https://www.metmuseum.org/art/collection/search/911891,47,8,0.1702,116.3043,-0.0772895 -2.04365 742.699 -0.0666153 -0.968235 359.114 0.000119026 -0.00286221 1,17
WENWU_RECOMMEND:7,WENWU_RECOMMEND,7,,https://img.wanwang.xin/contents/sitefiles2046/10230983/images/175829780.jpg,3939,MET:2025.434,MET,2025.434,Lady Holding a Brush,,https://www.metmuseum.org/art/collection/search/911980,61,7,0.1148,114.9951,1.70403 -0.913449 344.594 0.230662 -0.604347 261.422 0.0021986 -0.00250248 1,18
WENWU_RECOMMEND:7,WENWU_RECOMMEND,7,,https://img.wanwang.xin/contents/sitefiles2046/10230983/images/175829780.jpg,3939,CMA:2025.83,CMA,2025.83,Music in the Jade Palace,瓊宮樂奏圖,https://clevelandart.org/art/2025.83,60,7,0.1167,114.3333,16.3708 -25.593 202.585 20.4921 -19.2715 -810.626 -0.0184829 -0.0203853 1,19
WENWU_RECOMMEND:7,WENWU_RECOMMEND,7,,https://img.wanwang.xin/contents/sitefiles2046/10230983/images/175829780.jpg,3939,MET:2025.443,MET,2025.443,"Summer basket: lotus, pomegranate and day lily",,https://www.metmuseum.org/art/collection/search/911992,59,7,0.1186,113.6729,-0.439968 -2.02306 450.892 -0.114031 -0.434214 105.593 -0.0013109 -0.00315854 1,20
WENWU_RECOMMEND:8,WENWU_RECOMMEND,8,,https://img.wanwang.xin/contents/sitefiles2046/10230983/images/175829781.jpg,5397,MET:2025.388,MET,2025.388,Picture of a Happy Family,,https://www.metmuseum.org/art/collection/search/911877,40,11,0.275,143.5,-1.03295 0.783479 504.573 -0.099658 -0.558722 330.339 -0.00148299 0.00010191 1,1
WENWU_RECOMMEND:8,WENWU_RECOMMEND,8,,https://img.wanwang.xin/contents/sitefiles2046/10230983/images/175829781.jpg,5397,MET:2025.423,MET,2025.423,A Hunt on the Plains,,https://www.metmuseum.org/art/collection/search/911947,54,10,0.1852,141.5037,0.991368 -1.2217 638.223 0.987085 -1.92506 880.109 0.00112488 -0.00185889 1,2
WENWU_RECOMMEND:8,WENWU_RECOMMEND,8,,https://img.wanwang.xin/contents/sitefiles2046/10230983/images/175829781.jpg,5397,MET:2025.358,MET,2025.358,May You Soon Bear Noble Sons,,https://www.metmuseum.org/art/collection/search/911824,40,10,0.25,133.0,-1.33568 -0.875716 555.874 -1.86011 -1.21573 772.836 -0.00240626 -0.00157275 1,3
WENWU_RECOMMEND:8,WENWU_RECOMMEND,8,,https://img.wanwang.xin/contents/sitefiles2046/10230983/images/175829781.jpg,5397,MET:2025.355,MET,2025.355,Scenic Spots of Zhenjiang,,https://www.metmuseum.org/art/collection/search/911818,31,10,0.3226,128.1516,-1.33914 -2.22437 923.933 -0.337152 -0.564348 263.801 -0.00140156 -0.00238913 1,4
WENWU_RECOMMEND:8,WENWU_RECOMMEND,8,,https://img.wanwang.xin/contents/sitefiles2046/10230983/images/175829781.jpg,5397,MET:2025.406,MET,2025.406,Beauty and a Cat,,https://www.metmuseum.org/art/collection/search/911913,88,6,0.0682,122.9636,-5.02536 0.352884 785.785 -0.360566 0.0246923 60.5352 -0.0060811 0.000288404 1,5
WENWU_RECOMMEND:8,WENWU_RECOMMEND,8,,https://img.wanwang.xin/contents/sitefiles2046/10230983/images/175829781.jpg,5397,MET:2025.405,MET,2025.405,Two Ladies Playing Music,,https://www.metmuseum.org/art/collection/search/911912,24,9,0.375,114.3,-1.83433 1.19471 806.916 0.128077 -1.03604 587.446 -0.00217028 0.00150821 1,6
WENWU_RECOMMEND:8,WENWU_RECOMMEND,8,,https://img.wanwang.xin/contents/sitefiles2046/10230983/images/175829781.jpg,5397,MET:2025.410,MET,2025.410,A Newly-Cut Print : Scenes from the Second Part of Outlaws of the Marsh,,https://www.metmuseum.org/art/collection/search/911920,17,9,0.5294,112.4882,-1.14301 -1.95045 679.981 -1.2589 -2.35955 917.394 -0.00161242 -0.0027717 1,7
WENWU_RECOMMEND:8,WENWU_RECOMMEND,8,,https://img.wanwang.xin/contents/sitefiles2046/10230983/images/175829781.jpg,5397,MET:2025.444,MET,2025.444,"Autumn basket: hibiscus, yellow hibiscus and chrysanthemum",,https://www.metmuseum.org/art/collection/search/911995,61,6,0.0984,104.6672,-3.34069 3.09578 722.787 -2.82735 3.50951 394.688 -0.00462531 0.00427202 1,8
WENWU_RECOMMEND:8,WENWU_RECOMMEND,8,,https://img.wanwang.xin/contents/sitefiles2046/10230983/images/175829781.jpg,5397,MET:2025.414,MET,2025.414,Praying Mantis and Three Toddlers,,https://www.metmuseum.org/art/collection/search/911927,44,7,0.1591,103.9818,-3.56526 -0.330257 826.958 -3.1732 -0.360768 763.257 -0.00413409 -0.000485289 1,9
WENWU_RECOMMEND:8,WENWU_RECOMMEND,8,,https://img.wanwang.xin/contents/sitefiles2046/10230983/images/175829781.jpg,5397,MET:2025.361,MET,2025.361,The Two Immortals of Harmony and Unity,,https://www.metmuseum.org/art/collection/search/911827,40,7,0.175,101.5,-1.50848 -6.8557 1018.4 1.47466 -5.1483 521.302 0.000886402 -0.00964554 1,10
WENWU_RECOMMEND:8,WENWU_RECOMMEND,8,,https://img.wanwang.xin/contents/sitefiles2046/10230983/images/175829781.jpg,5397,MET:2025.437,MET,2025.437,Complete Geographical Map of the Everlasting Unified Qing Empire,,https://www.metmuseum.org/art/collection/search/911983,39,7,0.1795,100.8897,-0.117528 -2.67007 811.12 -0.86506 -3.05868 945.494 0.000233087 -0.00338968 1,11
WENWU_RECOMMEND:8,WENWU_RECOMMEND,8,,https://img.wanwang.xin/contents/sitefiles2046/10230983/images/175829781.jpg,5397,MET:2025.441,MET,2025.441,Agricultural Tasks,,https://www.metmuseum.org/art/collection/search/911991,34,7,0.2059,97.9176,-32.3769 -7.29551 551.492 -34.1427 -11.6313 1675.66 -0.0459058 -0.0118889 1,12
WENWU_RECOMMEND:8,WENWU_RECOMMEND,8,,https://img.wanwang.xin/contents/sitefiles2046/10230983/images/175829781.jpg,5397,MET:2025.442,MET,2025.442,The Two Immortals of Harmony and Unity,,https://www.metmuseum.org/art/collection/search/913075,34,7,0.2059,97.9176,-2.50571 3.16298 743.216 -0.662653 2.27708 13.8892 -0.00311865 0.00332699 1,13
WENWU_RECOMMEND:8,WENWU_RECOMMEND,8,,https://img.wanwang.xin/contents/sitefiles2046/10230983/images/175829781.jpg,5397,MET:2025.396,MET,2025.396,Zhaojun Leaves for the North,,https://www.metmuseum.org/art/collection/search/911893,32,7,0.2188,96.775,-0.221836 -0.610571 371.841 -0.709685 -1.3624 807.721 -0.000714221 -0.00167647 1,14
WENWU_RECOMMEND:8,WENWU_RECOMMEND,8,,https://img.wanwang.xin/contents/sitefiles2046/10230983/images/175829781.jpg,5397,MET:2025.387,MET,2025.387,Taozhu Brings Wealth,,https://www.metmuseum.org/art/collection/search/911876,31,7,0.2258,96.2161,-1.95445 -1.05412 848.105 -1.03648 -0.428645 385.273 -0.00237401 -0.00117603 1,15
WENWU_RECOMMEND:8,WENWU_RECOMMEND,8,,https://img.wanwang.xin/contents/sitefiles2046/10230983/images/175829781.jpg,5397,MET:2025.448,MET,2025.448,Apples and Pomegranates.,,https://www.metmuseum.org/art/collection/search/912004,63,5,0.0794,95.6873,-7.20837 6.0349 589.785 -4.9201 1.2488 1378.66 -0.00850336 0.0057974 1,16
WENWU_RECOMMEND:8,WENWU_RECOMMEND,8,,https://img.wanwang.xin/contents/sitefiles2046/10230983/images/175829781.jpg,5397,MET:2025.368,MET,2025.368,Magu Bestows Longevity,,https://www.metmuseum.org/art/collection/search/911846,61,5,0.082,94.3393,-2.6148 -1.158 813.159 -1.05116 -0.45982 323.736 -0.00321875 -0.00142379 1,17
WENWU_RECOMMEND:8,WENWU_RECOMMEND,8,,https://img.wanwang.xin/contents/sitefiles2046/10230983/images/175829781.jpg,5397,MET:2025.389,MET,2025.389,Twenty-Eight Constellations Battle at Kunyang,,https://www.metmuseum.org/art/collection/search/911879,26,7,0.2692,93.5846,-0.470152 -0.00376394 179.857 -0.0487048 -0.00722121 27.882 -0.00292049 0.000132133 1,18
WENWU_RECOMMEND:8,WENWU_RECOMMEND,8,,https://img.wanwang.xin/contents/sitefiles2046/10230983/images/175829781.jpg,5397,MET:2025.456,MET,2025.456,Mynah Birds,,https://www.metmuseum.org/art/collection/search/912024,58,5,0.0862,92.3241,0.451651 -3.42648 1027.41 0.01543 -0.302024 77.2126 0.000486633 -0.00341336 1,19
WENWU_RECOMMEND:8,WENWU_RECOMMEND,8,,https://img.wanwang.xin/contents/sitefiles2046/10230983/images/175829781.jpg,5397,MET:2025.438,MET,2025.438,Promoting Officials,,https://www.metmuseum.org/art/collection/search/911984,21,7,0.3333,91.3667,-1.63842 -0.274944 974.309 -0.168628 -0.0596316 121.341 -0.0016736 -0.000278612 1,20
WENWU_RECOMMEND:9,WENWU_RECOMMEND,9,,https://img.wanwang.xin/contents/sitefiles2046/10230983/images/175829782.jpg,4862,MET:2025.441,MET,2025.441,Agricultural Tasks,,https://www.metmuseum.org/art/collection/search/911991,86,12,0.1395,182.9907,-11.6902 -1.98615 392.77 -6.73841 -6.42639 752.29 -0.0115626 -0.00817922 1,1
WENWU_RECOMMEND:9,WENWU_RECOMMEND,9,,https://img.wanwang.xin/contents/sitefiles2046/10230983/images/175829782.jpg,4862,MET:2025.444,MET,2025.444,"Autumn basket: hibiscus, yellow hibiscus and chrysanthemum",,https://www.metmuseum.org/art/collection/search/911995,105,8,0.0762,155.0238,0.33908 -1.5193 211.978 2.15978 -6.86011 796.858 0.00268862 -0.00861964 1,2
WENWU_RECOMMEND:9,WENWU_RECOMMEND,9,,https://img.wanwang.xin/contents/sitefiles2046/10230983/images/175829782.jpg,4862,MET:2025.406,MET,2025.406,Beauty and a Cat,,https://www.metmuseum.org/art/collection/search/911913,114,7,0.0614,151.0281,-6.7741 1.68822 889.908 -3.14797 -0.430395 833.593 -0.00505907 0.000854468 1,3
WENWU_RECOMMEND:9,WENWU_RECOMMEND,9,,https://img.wanwang.xin/contents/sitefiles2046/10230983/images/175829782.jpg,4862,MET:2025.398,MET,2025.398,Satirical Prints of Suzhou Customs,,https://www.metmuseum.org/art/collection/search/911898,98,8,0.0816,150.2327,2.46028 -2.9197 929.061 1.7382 -0.363582 62.7189 0.00194979 -0.0030566 1,4
WENWU_RECOMMEND:9,WENWU_RECOMMEND,9,,https://img.wanwang.xin/contents/sitefiles2046/10230983/images/175829782.jpg,4862,MET:2025.361,MET,2025.361,The Two Immortals of Harmony and Unity,,https://www.metmuseum.org/art/collection/search/911827,59,10,0.1695,144.6898,-1.37186 -1.24697 1062.45 -0.247024 -0.503306 362.646 -0.00146156 -0.00106984 1,5
WENWU_RECOMMEND:9,WENWU_RECOMMEND,9,,https://img.wanwang.xin/contents/sitefiles2046/10230983/images/175829782.jpg,4862,MET:2025.423,MET,2025.423,A Hunt on the Plains,,https://www.metmuseum.org/art/collection/search/911947,91,7,0.0769,135.2385,5.44429 -2.28163 469.078 1.7843 -1.54361 818.06 0.00284691 -0.0019019 1,6
WENWU_RECOMMEND:9,WENWU_RECOMMEND,9,,https://img.wanwang.xin/contents/sitefiles2046/10230983/images/175829782.jpg,4862,MET:2025.389,MET,2025.389,Twenty-Eight Constellations Battle at Kunyang,,https://www.metmuseum.org/art/collection/search/911879,49,9,0.1837,127.9735,2.96363 -5.45907 607.231 0.194904 -1.94081 401.439 0.00192933 -0.00619995 1,7
WENWU_RECOMMEND:9,WENWU_RECOMMEND,9,,https://img.wanwang.xin/contents/sitefiles2046/10230983/images/175829782.jpg,4862,MET:2025.448,MET,2025.448,Apples and Pomegranates.,,https://www.metmuseum.org/art/collection/search/912004,65,8,0.1231,127.9615,2.48902 -0.0463217 -323.275 -0.0386765 1.85118 -233.934 -0.000522382 -0.000375835 1,8
WENWU_RECOMMEND:9,WENWU_RECOMMEND,9,,https://img.wanwang.xin/contents/sitefiles2046/10230983/images/175829782.jpg,4862,MET:2025.438,MET,2025.438,Promoting Officials,,https://www.metmuseum.org/art/collection/search/911984,51,8,0.1569,118.8373,-0.385951 1.17953 201.76 -0.79636 -1.16636 806.33 -0.00102442 -0.000585771 1,9
WENWU_RECOMMEND:9,WENWU_RECOMMEND,9,,https://img.wanwang.xin/contents/sitefiles2046/10230983/images/175829782.jpg,4862,MET:2025.357,MET,2025.357,Boys Picking Lotus,,https://www.metmuseum.org/art/collection/search/911822,63,7,0.1111,116.3222,63.1249 -159.234 32107.1 50.3735 -103.115 19422.6 0.248854 -0.196328 1,10
WENWU_RECOMMEND:9,WENWU_RECOMMEND,9,,https://img.wanwang.xin/contents/sitefiles2046/10230983/images/175829782.jpg,4862,MET:2025.445,MET,2025.445,Magpies,,https://www.metmuseum.org/art/collection/search/911996,62,7,0.1129,115.6581,-2.89931 -1.77515 1171.37 -1.48695 -0.341247 415.409 -0.00317256 -0.00110596 1,11
WENWU_RECOMMEND:9,WENWU_RECOMMEND,9,,https://img.wanwang.xin/contents/sitefiles2046/10230983/images/175829782.jpg,4862,MET:2025.443,MET,2025.443,"Summer basket: lotus, pomegranate and day lily",,https://www.metmuseum.org/art/collection/search/911992,61,7,0.1148,114.9951,-8.26485 26.5757 2734.27 -4.82655 21.2661 1683.29 -0.00340327 0.0526698 1,12
WENWU_RECOMMEND:9,WENWU_RECOMMEND,9,,https://img.wanwang.xin/contents/sitefiles2046/10230983/images/175829782.jpg,4862,MET:2025.450,MET,2025.450,Butterfly on Peony and Iris,,https://www.metmuseum.org/art/collection/search/912012,60,7,0.1167,114.3333,0.388585 -1.52301 358.454 0.460121 -1.70531 389.911 0.00113946 -0.00432404 1,13
WENWU_RECOMMEND:9,WENWU_RECOMMEND,9,,https://img.wanwang.xin/contents/sitefiles2046/10230983/images/175829782.jpg,4862,MET:2025.414,MET,2025.414,Praying Mantis and Three Toddlers,,https://www.metmuseum.org/art/collection/search/911927,59,7,0.1186,113.6729,-5.2091 -1.19022 1489.86 -3.2494 -0.435226 765.86 -0.00406758 -0.000649162 1,14
WENWU_RECOMMEND:9,WENWU_RECOMMEND,9,,https://img.wanwang.xin/contents/sitefiles2046/10230983/images/175829782.jpg,4862,MET:2025.388,MET,2025.388,Picture of a Happy Family,,https://www.metmuseum.org/art/collection/search/911877,57,7,0.1228,112.3561,1.81269 -6.54549 1214.28 0.592564 -1.80377 325.785 0.00156536 -0.00538563 1,15
WENWU_RECOMMEND:9,WENWU_RECOMMEND,9,,https://img.wanwang.xin/contents/sitefiles2046/10230983/images/175829782.jpg,4862,MET:2025.372,MET,2025.372,One Hundred Boys,百子图,https://www.metmuseum.org/art/collection/search/911851,56,7,0.125,111.7,25.4933 -19.8306 724.388 20.297 -15.8788 606.068 0.0340615 -0.0265585 1,16
WENWU_RECOMMEND:9,WENWU_RECOMMEND,9,,https://img.wanwang.xin/contents/sitefiles2046/10230983/images/175829782.jpg,4862,MET:2025.365,MET,2025.365,Lady with Boys Playing Instruments,,https://www.metmuseum.org/art/collection/search/911838,39,8,0.2051,111.4026,-0.39558 -0.922762 -338.837 0.734728 4.00795 -2045.6 -0.0146089 0.000125079 1,17
WENWU_RECOMMEND:9,WENWU_RECOMMEND,9,,https://img.wanwang.xin/contents/sitefiles2046/10230983/images/175829782.jpg,4862,MET:2025.407,MET,2025.407,Gold Coins Cover the Ground,遍地金錢,https://www.metmuseum.org/art/collection/search/911914,38,8,0.2105,110.8105,0.121929 7.91251 162.264 -4.37754 9.18466 2292.26 0.000865724 0.0245161 1,18
WENWU_RECOMMEND:9,WENWU_RECOMMEND,9,,https://img.wanwang.xin/contents/sitefiles2046/10230983/images/175829782.jpg,4862,MET:2025.360,MET,2025.360,The Two Immortals of Harmony and Unity,,https://www.metmuseum.org/art/collection/search/911826,36,8,0.2222,109.6444,-29.0064 24.3366 -540.061 58.7906 -15.5172 698.489 0.0690943 -0.016593 1,19
WENWU_RECOMMEND:9,WENWU_RECOMMEND,9,,https://img.wanwang.xin/contents/sitefiles2046/10230983/images/175829782.jpg,4862,MET:2025.456,MET,2025.456,Mynah Birds,,https://www.metmuseum.org/art/collection/search/912024,52,7,0.1346,109.0923,-0.141979 -0.0818226 113.853 -1.219 -0.346189 653.44 -0.00169271 -0.000735596 1,20
WENWU_RECOMMEND:10,WENWU_RECOMMEND,10,,https://img.wanwang.xin/contents/sitefiles2046/10230983/images/175829783.jpg,6697,MET:2025.444,MET,2025.444,"Autumn basket: hibiscus, yellow hibiscus and chrysanthemum",,https://www.metmuseum.org/art/collection/search/911995,99,7,0.0707,140.7141,2.58638 -3.32988 552.197 -0.815646 -0.198825 593.751 0.00107908 -0.00246314 1,1
WENWU_RECOMMEND:10,WENWU_RECOMMEND,10,,https://img.wanwang.xin/contents/sitefiles2046/10230983/images/175829783.jpg,6697,MET:2025.406,MET,2025.406,Beauty and a Cat,,https://www.metmuseum.org/art/collection/search/911913,96,7,0.0729,138.6583,-2.0499 0.233275 302.341 -4.27928 0.547201 620.64 -0.00689154 0.000968529 1,2
WENWU_RECOMMEND:10,WENWU_RECOMMEND,10,,https://img.wanwang.xin/contents/sitefiles2046/10230983/images/175829783.jpg,6697,MET:2025.443,MET,2025.443,"Summer basket: lotus, pomegranate and day lily",,https://www.metmuseum.org/art/collection/search/911992,72,8,0.1111,132.6222,-3.21443 4.6705 964.29 -2.1001 2.54109 692.607 -0.00342097 0.00530364 1,3
WENWU_RECOMMEND:10,WENWU_RECOMMEND,10,,https://img.wanwang.xin/contents/sitefiles2046/10230983/images/175829783.jpg,6697,MET:2025.456,MET,2025.456,Mynah Birds,,https://www.metmuseum.org/art/collection/search/912024,87,7,0.0805,132.5092,-0.975855 -3.47751 1213.98 -0.569284 -1.96011 688.467 -0.000818114 -0.00286207 1,4
WENWU_RECOMMEND:10,WENWU_RECOMMEND,10,,https://img.wanwang.xin/contents/sitefiles2046/10230983/images/175829783.jpg,6697,MET:2025.445,MET,2025.445,Magpies,,https://www.metmuseum.org/art/collection/search/911996,69,8,0.1159,130.6188,-0.0918057 -0.244067 38.4321 -0.868773 -0.543022 311.571 -0.00239337 -0.00179733 1,5
WENWU_RECOMMEND:10,WENWU_RECOMMEND,10,,https://img.wanwang.xin/contents/sitefiles2046/10230983/images/175829783.jpg,6697,MET:2025.450,MET,2025.450,Butterfly on Peony and Iris,,https://www.metmuseum.org/art/collection/search/912012,68,8,0.1176,129.9529,-4.67751 1.1527 2429.84 8.87515 -9.47749 -554.725 0.00934972 -0.0135068 1,6
WENWU_RECOMMEND:10,WENWU_RECOMMEND,10,,https://img.wanwang.xin/contents/sitefiles2046/10230983/images/175829783.jpg,6697,MET:2025.398,MET,2025.398,Satirical Prints of Suzhou Customs,,https://www.metmuseum.org/art/collection/search/911898,93,6,0.0645,126.3903,-1.44036 -1.02393 551.519 1.4311 -0.668905 204.868 0.00158993 -0.00269347 1,7
WENWU_RECOMMEND:10,WENWU_RECOMMEND,10,,https://img.wanwang.xin/contents/sitefiles2046/10230983/images/175829783.jpg,6697,MET:2025.423,MET,2025.423,A Hunt on the Plains,,https://www.metmuseum.org/art/collection/search/911947,71,7,0.0986,121.6718,-2.51676 0.0497121 45.8144 -1.1014 -2.31877 235.416 -0.00729381 -0.00514509 1,8
WENWU_RECOMMEND:10,WENWU_RECOMMEND,10,,https://img.wanwang.xin/contents/sitefiles2046/10230983/images/175829783.jpg,6697,MET:2025.448,MET,2025.448,Apples and Pomegranates.,,https://www.metmuseum.org/art/collection/search/912004,81,6,0.0741,118.1815,-0.0570482 -0.0999892 55.8993 -0.782116 -1.26357 705.315 -0.00111554 -0.00178243 1,9
WENWU_RECOMMEND:10,WENWU_RECOMMEND,10,,https://img.wanwang.xin/contents/sitefiles2046/10230983/images/175829783.jpg,6697,MET:2025.381,MET,2025.381,"Woman teaching children to play chess, from four-print set “Women teaching children the four accomplishments”",,https://www.metmuseum.org/art/collection/search/911871,45,8,0.1778,115.0556,-2.06235 -1.17179 942.809 -1.02867 -0.599004 475.346 -0.0021808 -0.00124693 1,10
WENWU_RECOMMEND:10,WENWU_RECOMMEND,10,,https://img.wanwang.xin/contents/sitefiles2046/10230983/images/175829783.jpg,6697,MET:2025.368,MET,2025.368,Magu Bestows Longevity,,https://www.metmuseum.org/art/collection/search/911846,71,6,0.0845,111.3901,-0.126092 0.0889962 -81.7287 -1.3819 -2.60086 1310.86 -0.000870768 -0.00235095 1,11
WENWU_RECOMMEND:10,WENWU_RECOMMEND,10,,https://img.wanwang.xin/contents/sitefiles2046/10230983/images/175829783.jpg,6697,MET:2025.388,MET,2025.388,Picture of a Happy Family,,https://www.metmuseum.org/art/collection/search/911877,52,7,0.1346,109.0923,-0.0722521 -0.526312 244.829 0.229309 -0.669926 154.375 0.000536834 -0.00329066 1,12
WENWU_RECOMMEND:10,WENWU_RECOMMEND,10,,https://img.wanwang.xin/contents/sitefiles2046/10230983/images/175829783.jpg,6697,MET:2025.382,MET,2025.382,"Woman teaching children to play the guqin zither, from four-print set “Women teaching children the four accomplishments""",,https://www.metmuseum.org/art/collection/search/911872,35,8,0.2286,109.0714,-2.46337 -0.937247 990.197 -0.355683 -0.117861 135.444 -0.00252451 -0.000927715 1,13
WENWU_RECOMMEND:10,WENWU_RECOMMEND,10,,https://img.wanwang.xin/contents/sitefiles2046/10230983/images/175829783.jpg,6697,MET:2025.355,MET,2025.355,Scenic Spots of Zhenjiang,,https://www.metmuseum.org/art/collection/search/911818,30,8,0.2667,106.3333,-2.11439 0.433594 991.814 -1.2058 -0.119222 653.256 -0.00193635 1.37679e-05 1,14
WENWU_RECOMMEND:10,WENWU_RECOMMEND,10,,https://img.wanwang.xin/contents/sitefiles2046/10230983/images/175829783.jpg,6697,CMA:2025.127,CMA,2025.127,Plum and Camellia in a Bronze Vase,博古花卉圖,https://clevelandart.org/art/2025.127,63,6,0.0952,106.0048,-8.55755 1.25118 924.149 -1.9111 0.243501 236.23 -0.00889052 0.00125022 1,15
WENWU_RECOMMEND:10,WENWU_RECOMMEND,10,,https://img.wanwang.xin/contents/sitefiles2046/10230983/images/175829783.jpg,6697,MET:2025.419,MET,2025.419,View of Putuoshan on the Southern Sea,,https://www.metmuseum.org/art/collection/search/911939,28,8,0.2857,105.3143,-1.52563 0.797712 925.001 0.0880124 1.13573 -70.6788 -0.00155568 0.000727807 1,16
WENWU_RECOMMEND:10,WENWU_RECOMMEND,10,,https://img.wanwang.xin/contents/sitefiles2046/10230983/images/175829783.jpg,6697,MET:2025.449,MET,2025.449,Butterflies on Loquats,,https://www.metmuseum.org/art/collection/search/912008,42,7,0.1667,102.7333,-13.4287 10.639 1321.11 -0.978585 -0.382885 550.762 -0.0126499 0.0112368 1,17
WENWU_RECOMMEND:10,WENWU_RECOMMEND,10,,https://img.wanwang.xin/contents/sitefiles2046/10230983/images/175829783.jpg,6697,MET:2025.458,MET,2025.458,Pomegranate in a bronze vase,,https://www.metmuseum.org/art/collection/search/912028,42,7,0.1667,102.7333,3.66333 -8.2708 866.378 0.998102 -1.22442 127.231 0.00799486 -0.0145762 1,18
WENWU_RECOMMEND:10,WENWU_RECOMMEND,10,,https://img.wanwang.xin/contents/sitefiles2046/10230983/images/175829783.jpg,6697,MET:2025.460,MET,2025.460,"Wooden chest with print ""Gusu Beauty in Winter"" pasted inside",,https://www.metmuseum.org/art/collection/search/912945,42,7,0.1667,102.7333,-0.408423 -6.39966 1432.2 -0.249362 -2.27478 534.97 -0.000261059 -0.00490502 1,19
WENWU_RECOMMEND:10,WENWU_RECOMMEND,10,,https://img.wanwang.xin/contents/sitefiles2046/10230983/images/175829783.jpg,6697,MET:2025.414,MET,2025.414,Praying Mantis and Three Toddlers,,https://www.metmuseum.org/art/collection/search/911927,58,6,0.1034,102.669,-0.545071 -0.0982914 134.651 -0.757005 -0.0876721 176.82 -0.00376793 -0.000802701 1,20
WENWU_RECOMMEND:11,WENWU_RECOMMEND,11,,https://img.wanwang.xin/contents/sitefiles2046/10230983/images/175829784.jpg,6286,MET:2025.388,MET,2025.388,Picture of a Happy Family,,https://www.metmuseum.org/art/collection/search/911877,78,9,0.1154,146.9077,-2.19749 0.36268 1027.68 -0.665134 0.102684 312.481 -0.00211889 0.000314285 1,1
WENWU_RECOMMEND:11,WENWU_RECOMMEND,11,,https://img.wanwang.xin/contents/sitefiles2046/10230983/images/175829784.jpg,6286,MET:2025.444,MET,2025.444,"Autumn basket: hibiscus, yellow hibiscus and chrysanthemum",,https://www.metmuseum.org/art/collection/search/911995,102,7,0.0686,142.7725,44.9364 -37.8634 1136.11 16.714 -8.67382 -1564.03 0.0383718 -0.0317716 1,2
WENWU_RECOMMEND:11,WENWU_RECOMMEND,11,,https://img.wanwang.xin/contents/sitefiles2046/10230983/images/175829784.jpg,6286,MET:2025.443,MET,2025.443,"Summer basket: lotus, pomegranate and day lily",,https://www.metmuseum.org/art/collection/search/911992,100,7,0.07,141.4,-11.7756 2.74711 1180.52 -3.99198 0.955234 390.753 -0.0100824 0.00235684 1,3
WENWU_RECOMMEND:11,WENWU_RECOMMEND,11,,https://img.wanwang.xin/contents/sitefiles2046/10230983/images/175829784.jpg,6286,MET:2025.406,MET,2025.406,Beauty and a Cat,,https://www.metmuseum.org/art/collection/search/911913,95,6,0.0632,127.7632,-12.2995 0.438 1847.55 -1.55158 -0.148271 253.214 -0.00858803 0.000823254 1,4
WENWU_RECOMMEND:11,WENWU_RECOMMEND,11,,https://img.wanwang.xin/contents/sitefiles2046/10230983/images/175829784.jpg,6286,MET:2025.357,MET,2025.357,Boys Picking Lotus,,https://www.metmuseum.org/art/collection/search/911822,79,7,0.0886,127.0722,3.84224 -2.10103 813.169 -1.15645 0.220152 68.4112 -0.00327319 -0.000843381 1,5
WENWU_RECOMMEND:11,WENWU_RECOMMEND,11,,https://img.wanwang.xin/contents/sitefiles2046/10230983/images/175829784.jpg,6286,MET:2025.398,MET,2025.398,Satirical Prints of Suzhou Customs,,https://www.metmuseum.org/art/collection/search/911898,90,6,0.0667,124.3333,0.403241 -2.17612 1027.73 0.194668 0.12594 87.6093 0.00119394 -0.00250737 1,6
WENWU_RECOMMEND:11,WENWU_RECOMMEND,11,,https://img.wanwang.xin/contents/sitefiles2046/10230983/images/175829784.jpg,6286,MET:2025.448,MET,2025.448,Apples and Pomegranates.,,https://www.metmuseum.org/art/collection/search/912004,67,7,0.1045,118.9896,-0.9535 -1.06721 602.953 -0.943872 -0.951855 586.657 -0.00163462 -0.00171141 1,7
WENWU_RECOMMEND:11,WENWU_RECOMMEND,11,,https://img.wanwang.xin/contents/sitefiles2046/10230983/images/175829784.jpg,6286,MET:2025.434,MET,2025.434,Lady Holding a Brush,,https://www.metmuseum.org/art/collection/search/911980,62,7,0.1129,115.6581,1.55978 -3.74772 1181.91 0.948968 -1.77589 496.507 0.00185207 -0.003537 1,8
WENWU_RECOMMEND:11,WENWU_RECOMMEND,11,,https://img.wanwang.xin/contents/sitefiles2046/10230983/images/175829784.jpg,6286,MET:2025.407,MET,2025.407,Gold Coins Cover the Ground,遍地金錢,https://www.metmuseum.org/art/collection/search/911914,60,7,0.1167,114.3333,-1.75377 -0.846764 852.045 -0.162545 -0.193509 85.7145 -0.00194554 -0.00172036 1,9
WENWU_RECOMMEND:11,WENWU_RECOMMEND,11,,https://img.wanwang.xin/contents/sitefiles2046/10230983/images/175829784.jpg,6286,MET:2025.446,MET,2025.446,Bird on hibiscus,,https://www.metmuseum.org/art/collection/search/911997,56,7,0.125,111.7,-1.83819 -2.59186 1241.11 -1.01941 -1.58019 707.694 -0.00146917 -0.00206168 1,10
WENWU_RECOMMEND:11,WENWU_RECOMMEND,11,,https://img.wanwang.xin/contents/sitefiles2046/10230983/images/175829784.jpg,6286,MET:2025.414,MET,2025.414,Praying Mantis and Three Toddlers,,https://www.metmuseum.org/art/collection/search/911927,70,6,0.0857,110.7143,-1.53071 -0.501878 577.774 0.0741562 0.0103018 -0.0572758 -0.00312348 -0.000715198 1,11
WENWU_RECOMMEND:11,WENWU_RECOMMEND,11,,https://img.wanwang.xin/contents/sitefiles2046/10230983/images/175829784.jpg,6286,MET:2025.421,MET,2025.421,Adoration of a Sage,,https://www.metmuseum.org/art/collection/search/911945,54,7,0.1296,110.3926,-0.409418 0.302466 74.6657 -4.15763 2.90571 743.664 -0.00558916 0.0039217 1,12
WENWU_RECOMMEND:11,WENWU_RECOMMEND,11,,https://img.wanwang.xin/contents/sitefiles2046/10230983/images/175829784.jpg,6286,MET:2025.429,MET,2025.429,Reunion of the Heroes,,https://www.metmuseum.org/art/collection/search/911968,36,8,0.2222,109.6444,-12.5574 4.22898 -5.95404 -13.6015 4.08453 284.928 -0.0176742 -0.0021387 1,13
WENWU_RECOMMEND:11,WENWU_RECOMMEND,11,,https://img.wanwang.xin/contents/sitefiles2046/10230983/images/175829784.jpg,6286,MET:2025.423,MET,2025.423,A Hunt on the Plains,,https://www.metmuseum.org/art/collection/search/911947,68,6,0.0882,109.3647,-3.63134 29.1738 -3897.4 20.7264 -12.7813 3127.46 -0.0285962 0.0349197 1,14
WENWU_RECOMMEND:11,WENWU_RECOMMEND,11,,https://img.wanwang.xin/contents/sitefiles2046/10230983/images/175829784.jpg,6286,MET:2025.420,MET,2025.420,Spring Morning in the Han Palace,,https://www.metmuseum.org/art/collection/search/911944,52,7,0.1346,109.0923,6.18923 -6.17928 962.991 -0.346284 0.120648 167.332 0.00500281 -0.00496339 1,15
WENWU_RECOMMEND:11,WENWU_RECOMMEND,11,,https://img.wanwang.xin/contents/sitefiles2046/10230983/images/175829784.jpg,6286,MET:2025.358,MET,2025.358,May You Soon Bear Noble Sons,,https://www.metmuseum.org/art/collection/search/911824,51,7,0.1373,108.4451,-0.523245 -0.724186 422.541 -0.208613 -0.282781 165.637 -0.00130335 -0.00169645 1,16
WENWU_RECOMMEND:11,WENWU_RECOMMEND,11,,https://img.wanwang.xin/contents/sitefiles2046/10230983/images/175829784.jpg,6286,MET:2025.450,MET,2025.450,Butterfly on Peony and Iris,,https://www.metmuseum.org/art/collection/search/912012,51,7,0.1373,108.4451,6.84793 -4.50323 778.852 2.15059 -0.0678384 -145.74 0.00553029 -0.0042319 1,17
WENWU_RECOMMEND:11,WENWU_RECOMMEND,11,,https://img.wanwang.xin/contents/sitefiles2046/10230983/images/175829784.jpg,6286,MET:2025.452,MET,2025.452,Poppy and Stone,,https://www.metmuseum.org/art/collection/search/912016,49,7,0.1429,107.1571,-0.491269 0.0161328 114.318 -0.0714633 0.0387211 2.44961 -0.00276393 -0.000896388 1,18
WENWU_RECOMMEND:11,WENWU_RECOMMEND,11,,https://img.wanwang.xin/contents/sitefiles2046/10230983/images/175829784.jpg,6286,MET:2025.360,MET,2025.360,The Two Immortals of Harmony and Unity,,https://www.metmuseum.org/art/collection/search/911826,46,7,0.1522,105.2435,-3.43022 2.5282 -12.9958 -3.92733 0.795404 663.282 -0.0118922 0.00510669 1,19
WENWU_RECOMMEND:11,WENWU_RECOMMEND,11,,https://img.wanwang.xin/contents/sitefiles2046/10230983/images/175829784.jpg,6286,MET:2025.373,MET,2025.373,A Record of Tiger Hill in Suzhou,,https://www.metmuseum.org/art/collection/search/911852,59,6,0.1017,103.3339,-47.3715 0.547367 1167.72 -16.0063 0.0256656 428.561 -0.0406056 0.000465202 1,20
WENWU_RECOMMEND:12,WENWU_RECOMMEND,12,,https://img.wanwang.xin/contents/sitefiles2046/10230983/images/175829785.jpg,4132,MET:2025.414,MET,2025.414,Praying Mantis and Three Toddlers,,https://www.metmuseum.org/art/collection/search/911927,83,6,0.0723,119.5458,-2.06089 -0.504706 657.649 -3.13603 -0.782197 1008.53 -0.00311094 -0.000775021 1,1
WENWU_RECOMMEND:12,WENWU_RECOMMEND,12,,https://img.wanwang.xin/contents/sitefiles2046/10230983/images/175829785.jpg,4132,MET:2025.385,MET,2025.385,Story of the Western Chamber,,https://www.metmuseum.org/art/collection/search/911874,65,7,0.1077,117.6538,-1.46451 0.199547 498.745 -2.21727 0.278986 779.317 -0.00287319 0.000273031 1,2
WENWU_RECOMMEND:12,WENWU_RECOMMEND,12,,https://img.wanwang.xin/contents/sitefiles2046/10230983/images/175829785.jpg,4132,MET:2025.352,MET,2025.352,A Scenic View of Minghuang’s Gardens,,https://www.metmuseum.org/art/collection/search/911808,76,6,0.0789,114.7789,-2.62487 -1.09463 601.346 -3.07317 -1.53627 780.439 -0.00417326 -0.00185973 1,3
WENWU_RECOMMEND:12,WENWU_RECOMMEND,12,,https://img.wanwang.xin/contents/sitefiles2046/10230983/images/175829785.jpg,4132,MET:2025.415,MET,2025.415,Picking Tea in Autumn Heat,,https://www.metmuseum.org/art/collection/search/911929,58,7,0.1207,113.0138,-0.305827 -1.90176 1017.24 -0.232309 -0.630498 447.606 -0.000257421 -0.00177946 1,4
WENWU_RECOMMEND:12,WENWU_RECOMMEND,12,,https://img.wanwang.xin/contents/sitefiles2046/10230983/images/175829785.jpg,4132,MET:2025.398,MET,2025.398,Satirical Prints of Suzhou Customs,,https://www.metmuseum.org/art/collection/search/911898,71,6,0.0845,111.3901,7.96582 22.2893 -3144.11 2.13852 60.9355 -1205.09 0.000469599 0.0531 1,5
WENWU_RECOMMEND:12,WENWU_RECOMMEND,12,,https://img.wanwang.xin/contents/sitefiles2046/10230983/images/175829785.jpg,4132,MET:2025.423,MET,2025.423,A Hunt on the Plains,,https://www.metmuseum.org/art/collection/search/911947,70,6,0.0857,110.7143,-3.73719 -4.69707 845.853 -3.1903 -2.61388 488.587 -0.0052471 -0.00565016 1,6
WENWU_RECOMMEND:12,WENWU_RECOMMEND,12,,https://img.wanwang.xin/contents/sitefiles2046/10230983/images/175829785.jpg,4132,MET:2025.443,MET,2025.443,"Summer basket: lotus, pomegranate and day lily",,https://www.metmuseum.org/art/collection/search/911992,64,6,0.0938,106.675,-2.65771 -1.24151 -154.817 -7.08644 -0.607404 381.829 -0.00983733 -0.00326122 1,7
WENWU_RECOMMEND:12,WENWU_RECOMMEND,12,,https://img.wanwang.xin/contents/sitefiles2046/10230983/images/175829785.jpg,4132,MET:2025.444,MET,2025.444,"Autumn basket: hibiscus, yellow hibiscus and chrysanthemum",,https://www.metmuseum.org/art/collection/search/911995,48,7,0.1458,106.5167,-3.25914 0.523668 842.289 -1.54049 0.428663 297.838 -0.00382895 0.00054925 1,8
WENWU_RECOMMEND:12,WENWU_RECOMMEND,12,,https://img.wanwang.xin/contents/sitefiles2046/10230983/images/175829785.jpg,4132,MET:2025.439,MET,2025.439,Eight Immortals and Twelve Zodiac Animals,,https://www.metmuseum.org/art/collection/search/911987,63,6,0.0952,106.0048,-17.3809 34.3889 -1429.52 -41.0295 61.1885 651.502 -0.0380207 0.0566447 1,9
WENWU_RECOMMEND:12,WENWU_RECOMMEND,12,,https://img.wanwang.xin/contents/sitefiles2046/10230983/images/175829785.jpg,4132,MET:2025.445,MET,2025.445,Magpies,,https://www.metmuseum.org/art/collection/search/911996,71,5,0.0704,101.1085,-1.99082 -0.476475 861.982 -1.59077 -0.462852 791.519 -0.00223617 -0.000465989 1,10
WENWU_RECOMMEND:12,WENWU_RECOMMEND,12,,https://img.wanwang.xin/contents/sitefiles2046/10230983/images/175829785.jpg,4132,MET:2025.416,MET,2025.416,Story of The Western Chamber,,https://www.metmuseum.org/art/collection/search/911931,55,6,0.1091,100.6818,-2.98409 3.38794 -29.7401 -11.8426 6.65305 1075.84 -0.012059 0.0074031 1,11
WENWU_RECOMMEND:12,WENWU_RECOMMEND,12,,https://img.wanwang.xin/contents/sitefiles2046/10230983/images/175829785.jpg,4132,MET:2025.373,MET,2025.373,A Record of Tiger Hill in Suzhou,,https://www.metmuseum.org/art/collection/search/911852,51,6,0.1176,98.0529,-0.781633 -0.461431 217.282 -3.72835 -2.1989 1028.41 -0.00362706 -0.00213131 1,12
WENWU_RECOMMEND:12,WENWU_RECOMMEND,12,,https://img.wanwang.xin/contents/sitefiles2046/10230983/images/175829785.jpg,4132,MET:2025.401,MET,2025.401,Print in Western Style with Western Text,,https://www.metmuseum.org/art/collection/search/911907,49,6,0.1224,96.749,-1.94454 0.321724 1137.61 -1.37758 1.34123 662.044 -0.00164259 0.000875326 1,13
WENWU_RECOMMEND:12,WENWU_RECOMMEND,12,,https://img.wanwang.xin/contents/sitefiles2046/10230983/images/175829785.jpg,4132,CMA:2025.21,CMA,2025.21,Part of Story of The Western Chamber,一部西廂總,https://clevelandart.org/art/2025.21,44,6,0.1364,93.5273,-2.42388 0.69052 780.451 -3.19227 0.407841 1162.39 -0.00292043 0.000485937 1,14
WENWU_RECOMMEND:12,WENWU_RECOMMEND,12,,https://img.wanwang.xin/contents/sitefiles2046/10230983/images/175829785.jpg,4132,MET:2025.357,MET,2025.357,Boys Picking Lotus,,https://www.metmuseum.org/art/collection/search/911822,43,6,0.1395,92.8907,1.64232 -0.668583 194.279 0.483727 -0.781754 460.538 -0.000185688 -0.00156255 1,15
WENWU_RECOMMEND:12,WENWU_RECOMMEND,12,,https://img.wanwang.xin/contents/sitefiles2046/10230983/images/175829785.jpg,4132,MET:2025.383,MET,2025.383,Mother and Son by a Pavilion,,https://www.metmuseum.org/art/collection/search/911954,21,7,0.3333,91.3667,-0.567637 -0.796804 434.379 -1.41324 -2.00071 1066.24 -0.00139448 -0.00180168 1,16
WENWU_RECOMMEND:12,WENWU_RECOMMEND,12,,https://img.wanwang.xin/contents/sitefiles2046/10230983/images/175829785.jpg,4132,CMA:2025.82.1,CMA,2025.82.1,Westlake Panorama,西湖全景,https://clevelandart.org/art/2025.82.1,20,7,0.35,91.0,-1.38769 0.306222 590.579 -1.4485 -0.529351 907.925 -0.00177751 -0.000330785 1,17
WENWU_RECOMMEND:12,WENWU_RECOMMEND,12,,https://img.wanwang.xin/contents/sitefiles2046/10230983/images/175829785.jpg,4132,MET:2025.437,MET,2025.437,Complete Geographical Map of the Everlasting Unified Qing Empire,,https://www.metmuseum.org/art/collection/search/911983,55,5,0.0909,90.3182,-3.87841 -7.6457 685.024 -9.96797 -8.75096 2003.62 -0.00787909 -0.00703612 1,18
WENWU_RECOMMEND:12,WENWU_RECOMMEND,12,,https://img.wanwang.xin/contents/sitefiles2046/10230983/images/175829785.jpg,4132,MET:2025.364,MET,2025.364,Ten Views of West Lake,,https://www.metmuseum.org/art/collection/search/911836,54,5,0.0926,89.6519,-2.04518 2.17951 203.467 0.270568 -1.54317 1080.06 0.00105972 -0.000845126 1,19
WENWU_RECOMMEND:12,WENWU_RECOMMEND,12,,https://img.wanwang.xin/contents/sitefiles2046/10230983/images/175829785.jpg,4132,MET:2025.406,MET,2025.406,Beauty and a Cat,,https://www.metmuseum.org/art/collection/search/911913,53,5,0.0943,88.9868,-1.89849 -0.849119 450.15 -5.35649 -1.83761 1166.77 -0.00447073 -0.00173983 1,20
GUANGZHOU_DAILY:5,GUANGZHOU_DAILY,5,,https://oss.gz-cmc.com/pgcr/root/huacheng/upload/news/image/2026/06/17/1781674412855066475.jpg?x-oss-process=style/content,7000,CMA:2025.108,CMA,2025.108,Bird on Pomegranate,石榴上的鳥兒,https://clevelandart.org/art/2025.108,45,32,0.7111,365.7222,0.00190168 0.0269236 632.416 -0.0344233 0.2488 296.452 -0.000282652 9.43296e-05 1,1
GUANGZHOU_DAILY:5,GUANGZHOU_DAILY,5,,https://oss.gz-cmc.com/pgcr/root/huacheng/upload/news/image/2026/06/17/1781674412855066475.jpg?x-oss-process=style/content,7000,MET:2025.358,MET,2025.358,May You Soon Bear Noble Sons,,https://www.metmuseum.org/art/collection/search/911824,67,8,0.1194,129.2881,-0.755151 -0.717637 305.195 -0.225612 -0.252426 57.5717 -0.00178291 -0.00207278 1,2
GUANGZHOU_DAILY:5,GUANGZHOU_DAILY,5,,https://oss.gz-cmc.com/pgcr/root/huacheng/upload/news/image/2026/06/17/1781674412855066475.jpg?x-oss-process=style/content,7000,MET:2025.423,MET,2025.423,A Hunt on the Plains,,https://www.metmuseum.org/art/collection/search/911947,69,7,0.1014,120.329,-0.74459 -0.00695302 221.531 -2.26125 0.065337 598.501 -0.0036528 3.50391e-05 1,3
GUANGZHOU_DAILY:5,GUANGZHOU_DAILY,5,,https://oss.gz-cmc.com/pgcr/root/huacheng/upload/news/image/2026/06/17/1781674412855066475.jpg?x-oss-process=style/content,7000,MET:2025.406,MET,2025.406,Beauty and a Cat,,https://www.metmuseum.org/art/collection/search/911913,84,6,0.0714,120.2286,-1.43875 -0.957851 596.689 -1.22327 -0.779491 492.501 -0.00245982 -0.00158327 1,4
GUANGZHOU_DAILY:5,GUANGZHOU_DAILY,5,,https://oss.gz-cmc.com/pgcr/root/huacheng/upload/news/image/2026/06/17/1781674412855066475.jpg?x-oss-process=style/content,7000,MET:2025.444,MET,2025.444,"Autumn basket: hibiscus, yellow hibiscus and chrysanthemum",,https://www.metmuseum.org/art/collection/search/911995,84,6,0.0714,120.2286,-3.01963 0.710318 769.515 -1.32022 0.399121 309.709 -0.00344142 0.000558384 1,5
GUANGZHOU_DAILY:5,GUANGZHOU_DAILY,5,,https://oss.gz-cmc.com/pgcr/root/huacheng/upload/news/image/2026/06/17/1781674412855066475.jpg?x-oss-process=style/content,7000,MET:2025.414,MET,2025.414,Praying Mantis and Three Toddlers,,https://www.metmuseum.org/art/collection/search/911927,76,6,0.0789,114.7789,-4.91193 0.39824 656.912 -1.57061 0.159879 182.701 -0.00724264 0.00043893 1,6
GUANGZHOU_DAILY:5,GUANGZHOU_DAILY,5,,https://oss.gz-cmc.com/pgcr/root/huacheng/upload/news/image/2026/06/17/1781674412855066475.jpg?x-oss-process=style/content,7000,MET:2025.450,MET,2025.450,Butterfly on Peony and Iris,,https://www.metmuseum.org/art/collection/search/912012,71,6,0.0845,111.3901,-0.469851 -1.8717 928.668 -0.331937 -1.33609 662.508 -0.000497097 -0.00201704 1,7
GUANGZHOU_DAILY:5,GUANGZHOU_DAILY,5,,https://oss.gz-cmc.com/pgcr/root/huacheng/upload/news/image/2026/06/17/1781674412855066475.jpg?x-oss-process=style/content,7000,CMA:2025.23,CMA,2025.23,Mother and Sons,母子圖,https://clevelandart.org/art/2025.23,54,7,0.1296,110.3926,-0.659583 0.19975 166.292 -0.335036 -0.698088 682.069 -0.000978162 -0.000710379 1,8
GUANGZHOU_DAILY:5,GUANGZHOU_DAILY,5,,https://oss.gz-cmc.com/pgcr/root/huacheng/upload/news/image/2026/06/17/1781674412855066475.jpg?x-oss-process=style/content,7000,MET:2025.356,MET,2025.356,Manchus Quarrel During a Chess Game,,https://www.metmuseum.org/art/collection/search/911819,52,7,0.1346,109.0923,-3.15278 2.11329 892.716 -2.27205 1.63149 617.32 -0.00359141 0.00250827 1,9
GUANGZHOU_DAILY:5,GUANGZHOU_DAILY,5,,https://oss.gz-cmc.com/pgcr/root/huacheng/upload/news/image/2026/06/17/1781674412855066475.jpg?x-oss-process=style/content,7000,MET:2025.398,MET,2025.398,Satirical Prints of Suzhou Customs,,https://www.metmuseum.org/art/collection/search/911898,66,6,0.0909,108.0182,-0.974455 -15.6544 669.107 -0.43263 -7.00527 297.393 -0.00129536 -0.0247673 1,10
GUANGZHOU_DAILY:5,GUANGZHOU_DAILY,5,,https://oss.gz-cmc.com/pgcr/root/huacheng/upload/news/image/2026/06/17/1781674412855066475.jpg?x-oss-process=style/content,7000,MET:2025.448,MET,2025.448,Apples and Pomegranates.,,https://www.metmuseum.org/art/collection/search/912004,63,6,0.0952,106.0048,-12.462 33.0984 1395.32 2.34532 5.46229 -1211.56 -0.0137068 0.0443753 1,11
GUANGZHOU_DAILY:5,GUANGZHOU_DAILY,5,,https://oss.gz-cmc.com/pgcr/root/huacheng/upload/news/image/2026/06/17/1781674412855066475.jpg?x-oss-process=style/content,7000,MET:2025.379,MET,2025.379,"Woman teaching children to paint, from four-print set “Women teaching children the four accomplishments”",,https://www.metmuseum.org/art/collection/search/911867,46,7,0.1522,105.2435,-2.68123 -0.557762 686.756 -1.42105 -0.278987 350.092 -0.00402208 -0.000764623 1,12
GUANGZHOU_DAILY:5,GUANGZHOU_DAILY,5,,https://oss.gz-cmc.com/pgcr/root/huacheng/upload/news/image/2026/06/17/1781674412855066475.jpg?x-oss-process=style/content,7000,MET:2025.373,MET,2025.373,A Record of Tiger Hill in Suzhou,,https://www.metmuseum.org/art/collection/search/911852,61,6,0.0984,104.6672,-0.170217 0.38299 21.4678 1.19035 0.382074 -354.449 -0.00277871 -0.000203131 1,13
GUANGZHOU_DAILY:5,GUANGZHOU_DAILY,5,,https://oss.gz-cmc.com/pgcr/root/huacheng/upload/news/image/2026/06/17/1781674412855066475.jpg?x-oss-process=style/content,7000,MET:2025.364,MET,2025.364,Ten Views of West Lake,,https://www.metmuseum.org/art/collection/search/911836,58,6,0.1034,102.669,-4.18443 0.327519 779.806 -3.19499 0.367829 565.6 -0.00549974 3.52907e-05 1,14
GUANGZHOU_DAILY:5,GUANGZHOU_DAILY,5,,https://oss.gz-cmc.com/pgcr/root/huacheng/upload/news/image/2026/06/17/1781674412855066475.jpg?x-oss-process=style/content,7000,MET:2025.381,MET,2025.381,"Woman teaching children to play chess, from four-print set “Women teaching children the four accomplishments”",,https://www.metmuseum.org/art/collection/search/911871,41,7,0.1707,102.1146,0.14614 -1.5359 685.656 0.0101926 -0.687492 312.152 9.42196e-05 -0.00220038 1,15
GUANGZHOU_DAILY:5,GUANGZHOU_DAILY,5,,https://oss.gz-cmc.com/pgcr/root/huacheng/upload/news/image/2026/06/17/1781674412855066475.jpg?x-oss-process=style/content,7000,MET:2025.357,MET,2025.357,Boys Picking Lotus,,https://www.metmuseum.org/art/collection/search/911822,56,6,0.1071,101.3429,-3.30578 -5.71673 1199.46 0.848974 -1.27007 -208.31 -0.00215505 -0.00651659 1,16
GUANGZHOU_DAILY:5,GUANGZHOU_DAILY,5,,https://oss.gz-cmc.com/pgcr/root/huacheng/upload/news/image/2026/06/17/1781674412855066475.jpg?x-oss-process=style/content,7000,MET:2025.399,MET,2025.399,Satirical Prints of Suzhou Customs,,https://www.metmuseum.org/art/collection/search/911900,55,6,0.1091,100.6818,-0.191211 0.0117068 109.672 -0.104834 -0.0229015 69.6247 -0.00172923 -2.98629e-05 1,17
GUANGZHOU_DAILY:5,GUANGZHOU_DAILY,5,,https://oss.gz-cmc.com/pgcr/root/huacheng/upload/news/image/2026/06/17/1781674412855066475.jpg?x-oss-process=style/content,7000,MET:2025.405,MET,2025.405,Two Ladies Playing Music,,https://www.metmuseum.org/art/collection/search/911912,38,7,0.1842,100.2842,-0.394486 -2.68972 791.802 -0.228672 -1.56744 460.923 -0.000505064 -0.00338174 1,18
GUANGZHOU_DAILY:5,GUANGZHOU_DAILY,5,,https://oss.gz-cmc.com/pgcr/root/huacheng/upload/news/image/2026/06/17/1781674412855066475.jpg?x-oss-process=style/content,7000,CMA:2025.21,CMA,2025.21,Part of Story of The Western Chamber,一部西廂總,https://clevelandart.org/art/2025.21,35,7,0.2,98.5,0.132019 -0.701018 609.144 0.166134 -0.470764 410.663 0.000133243 -0.00102015 1,19
GUANGZHOU_DAILY:5,GUANGZHOU_DAILY,5,,https://oss.gz-cmc.com/pgcr/root/huacheng/upload/news/image/2026/06/17/1781674412855066475.jpg?x-oss-process=style/content,7000,MET:2025.415,MET,2025.415,Picking Tea in Autumn Heat,,https://www.metmuseum.org/art/collection/search/911929,50,6,0.12,97.4,-3.19587 2.73154 482.803 -1.50791 1.29199 226.547 -0.00663292 0.00567733 1,20
GUANGZHOU_DAILY:6,GUANGZHOU_DAILY,6,,https://oss.gz-cmc.com/pgcr/root/huacheng/upload/news/image/2026/06/17/1781674433776028415.jpg?x-oss-process=style/content,6368,MET:2025.361,MET,2025.361,The Two Immortals of Harmony and Unity,,https://www.metmuseum.org/art/collection/search/911827,21,6,0.2857,80.4143,-5.8481 2.55254 756.661 -0.51142 0.747994 -5.4502 -0.00733967 0.00331673 1,1
GUANGZHOU_DAILY:6,GUANGZHOU_DAILY,6,,https://oss.gz-cmc.com/pgcr/root/huacheng/upload/news/image/2026/06/17/1781674433776028415.jpg?x-oss-process=style/content,6368,MET:2025.388,MET,2025.388,Picture of a Happy Family,,https://www.metmuseum.org/art/collection/search/911877,20,6,0.3,80.0,-6.29655 15.5362 943.111 -22.1627 58.6048 283.192 -0.0461478 0.119945 1,2
GUANGZHOU_DAILY:6,GUANGZHOU_DAILY,6,,https://oss.gz-cmc.com/pgcr/root/huacheng/upload/news/image/2026/06/17/1781674433776028415.jpg?x-oss-process=style/content,6368,MET:2025.417,MET,2025.417,Second part of The Story of the Lute,,https://www.metmuseum.org/art/collection/search/911936,20,6,0.3,80.0,-1.98681 -1.35548 693.758 -1.41102 -0.985259 498.829 -0.00288454 -0.00194972 1,3
GUANGZHOU_DAILY:6,GUANGZHOU_DAILY,6,,https://oss.gz-cmc.com/pgcr/root/huacheng/upload/news/image/2026/06/17/1781674433776028415.jpg?x-oss-process=style/content,6368,MET:2025.459,MET,2025.459,Chrysanthemum and Begonia in a Bronze Vase,,https://www.metmuseum.org/art/collection/search/912030,10,6,0.6,79.0,-1.0476 -0.720744 741.662 -0.577872 -0.449601 433.492 -0.00146018 -0.000921307 1,4
GUANGZHOU_DAILY:6,GUANGZHOU_DAILY,6,,https://oss.gz-cmc.com/pgcr/root/huacheng/upload/news/image/2026/06/17/1781674433776028415.jpg?x-oss-process=style/content,6368,MET:2025.400,MET,2025.400,Two Beauties Picking Dates,,https://www.metmuseum.org/art/collection/search/911904,14,6,0.4286,78.3714,18.6786 -6.34983 640.216 1.32536 -0.34334 34.662 0.0309991 -0.0102831 1,5
GUANGZHOU_DAILY:6,GUANGZHOU_DAILY,6,,https://oss.gz-cmc.com/pgcr/root/huacheng/upload/news/image/2026/06/17/1781674433776028415.jpg?x-oss-process=style/content,6368,CMA:2025.32,CMA,2025.32,The Two Immortals of Harmony and Unity,和合二仙,https://clevelandart.org/art/2025.32,30,5,0.1667,74.3333,0.167716 -0.564186 276.504 0.557557 -0.984397 472.34 0.000968893 -0.00207304 1,6
GUANGZHOU_DAILY:6,GUANGZHOU_DAILY,6,,https://oss.gz-cmc.com/pgcr/root/huacheng/upload/news/image/2026/06/17/1781674433776028415.jpg?x-oss-process=style/content,6368,MET:2025.390,MET,2025.390,Scenic View of Yueyang Tower,,https://www.metmuseum.org/art/collection/search/911881,27,5,0.1852,72.6037,-1.55815 -0.942164 694.337 -0.943467 -0.530913 403.609 -0.00223938 -0.0013213 1,7
GUANGZHOU_DAILY:6,GUANGZHOU_DAILY,6,,https://oss.gz-cmc.com/pgcr/root/huacheng/upload/news/image/2026/06/17/1781674433776028415.jpg?x-oss-process=style/content,6368,MET:2025.406,MET,2025.406,Beauty and a Cat,,https://www.metmuseum.org/art/collection/search/911913,42,4,0.0952,71.3048,-17.9621 1.78167 2725.53 -0.734102 0.111627 239.93 -0.010553 0.00601432 1,8
GUANGZHOU_DAILY:6,GUANGZHOU_DAILY,6,,https://oss.gz-cmc.com/pgcr/root/huacheng/upload/news/image/2026/06/17/1781674433776028415.jpg?x-oss-process=style/content,6368,MET:2025.391,MET,2025.391,Two Beauties Enjoy a Butterfly,,https://www.metmuseum.org/art/collection/search/911887,23,5,0.2174,70.4478,-8.66457 0.282115 475.226 -0.767665 -0.363333 16.8232 -0.0141406 -0.00129798 1,9
GUANGZHOU_DAILY:6,GUANGZHOU_DAILY,6,,https://oss.gz-cmc.com/pgcr/root/huacheng/upload/news/image/2026/06/17/1781674433776028415.jpg?x-oss-process=style/content,6368,MET:2025.446,MET,2025.446,Bird on hibiscus,,https://www.metmuseum.org/art/collection/search/911997,23,5,0.2174,70.4478,0.0154634 -0.460248 77.5623 0.188228 0.353989 -260.132 0.00582316 -0.0131595 1,10
GUANGZHOU_DAILY:6,GUANGZHOU_DAILY,6,,https://oss.gz-cmc.com/pgcr/root/huacheng/upload/news/image/2026/06/17/1781674433776028415.jpg?x-oss-process=style/content,6368,MET:2025.380,MET,2025.380,"Woman teaching children to read and write calligraphy, from four-print set “Women teaching children the four accomplishments”",,https://www.metmuseum.org/art/collection/search/911868,21,5,0.2381,69.4619,-0.411781 -0.758539 708.403 0.44156 0.102614 62.0985 0.000499234 -0.00109219 1,11
GUANGZHOU_DAILY:6,GUANGZHOU_DAILY,6,,https://oss.gz-cmc.com/pgcr/root/huacheng/upload/news/image/2026/06/17/1781674433776028415.jpg?x-oss-process=style/content,6368,MET:2025.397,MET,2025.397,Satirical Prints of Suzhou Customs,,https://www.metmuseum.org/art/collection/search/911897,21,5,0.2381,69.4619,-0.64863 -2.27704 645.994 -0.428494 -1.72231 453.839 -0.00090684 -0.00333822 1,12
GUANGZHOU_DAILY:6,GUANGZHOU_DAILY,6,,https://oss.gz-cmc.com/pgcr/root/huacheng/upload/news/image/2026/06/17/1781674433776028415.jpg?x-oss-process=style/content,6368,MET:2025.389,MET,2025.389,Twenty-Eight Constellations Battle at Kunyang,,https://www.metmuseum.org/art/collection/search/911879,7,5,0.7143,69.1857,-0.924463 0.635493 314.549 -1.40287 -0.52483 553.383 -0.00252661 -4.18625e-05 1,13
GUANGZHOU_DAILY:6,GUANGZHOU_DAILY,6,,https://oss.gz-cmc.com/pgcr/root/huacheng/upload/news/image/2026/06/17/1781674433776028415.jpg?x-oss-process=style/content,6368,MET:2025.355,MET,2025.355,Scenic Spots of Zhenjiang,,https://www.metmuseum.org/art/collection/search/911818,18,5,0.2778,68.1556,1.08259 -0.266643 -667.087 0.35359 -2.09148 32.2948 0.00249996 -0.0215188 1,14
GUANGZHOU_DAILY:6,GUANGZHOU_DAILY,6,,https://oss.gz-cmc.com/pgcr/root/huacheng/upload/news/image/2026/06/17/1781674433776028415.jpg?x-oss-process=style/content,6368,MET:2025.422,MET,2025.422,View of Western architecture,,https://www.metmuseum.org/art/collection/search/911946,18,5,0.2778,68.1556,0.170086 0.73061 -35.868 -1.70926 -0.587124 580.825 -0.00197283 -0.00100478 1,15
GUANGZHOU_DAILY:6,GUANGZHOU_DAILY,6,,https://oss.gz-cmc.com/pgcr/root/huacheng/upload/news/image/2026/06/17/1781674433776028415.jpg?x-oss-process=style/content,6368,CMA:2025.93,CMA,2025.93,Happy New Year,新春樂,https://clevelandart.org/art/2025.93,8,5,0.625,68.1,-3.52703 -6.36345 2890.3 0.795922 0.821938 -422.727 -0.000504414 -0.00225843 1,16
GUANGZHOU_DAILY:6,GUANGZHOU_DAILY,6,,https://oss.gz-cmc.com/pgcr/root/huacheng/upload/news/image/2026/06/17/1781674433776028415.jpg?x-oss-process=style/content,6368,CMA:2025.97,CMA,2025.97,The Fierce Battle at the Red Cliff,赤壁鏖兵圖,https://clevelandart.org/art/2025.97,8,5,0.625,68.1,-0.376643 -0.622605 634.04 -0.894523 -0.773043 655.671 -0.000955636 1.21975e-05 1,17
GUANGZHOU_DAILY:6,GUANGZHOU_DAILY,6,,https://oss.gz-cmc.com/pgcr/root/huacheng/upload/news/image/2026/06/17/1781674433776028415.jpg?x-oss-process=style/content,6368,MET:2025.376,MET,2025.376,New Year’s Day,歲朝圖,https://www.metmuseum.org/art/collection/search/911858,8,5,0.625,68.1,-0.386178 -1.15241 710.031 -0.696976 -0.790356 557.961 -0.000551829 -0.00138661 1,18
GUANGZHOU_DAILY:6,GUANGZHOU_DAILY,6,,https://oss.gz-cmc.com/pgcr/root/huacheng/upload/news/image/2026/06/17/1781674433776028415.jpg?x-oss-process=style/content,6368,MET:2025.416,MET,2025.416,Story of The Western Chamber,,https://www.metmuseum.org/art/collection/search/911931,17,5,0.2941,67.7824,1.03986 -0.760932 229.344 0.073892 -0.130069 47.5548 0.00170027 -0.00279207 1,19
GUANGZHOU_DAILY:6,GUANGZHOU_DAILY,6,,https://oss.gz-cmc.com/pgcr/root/huacheng/upload/news/image/2026/06/17/1781674433776028415.jpg?x-oss-process=style/content,6368,MET:2025.452,MET,2025.452,Poppy and Stone,,https://www.metmuseum.org/art/collection/search/912016,17,5,0.2941,67.7824,3.46788 -49.4476 672.446 3.55263 -22.7448 -553.793 0.00411587 -0.0582709 1,20
GUANGZHOU_DAILY:7,GUANGZHOU_DAILY,7,,https://oss.gz-cmc.com/pgcr/root/huacheng/upload/news/image/2026/06/17/1781674458660021013.jpg?x-oss-process=style/content,7000,MET:2025.450,MET,2025.450,Butterfly on Peony and Iris,,https://www.metmuseum.org/art/collection/search/912012,50,8,0.16,118.2,0.418428 -2.42384 694.959 1.74058 -1.79808 -175.994 0.00220329 -0.00563346 1,1
GUANGZHOU_DAILY:7,GUANGZHOU_DAILY,7,,https://oss.gz-cmc.com/pgcr/root/huacheng/upload/news/image/2026/06/17/1781674458660021013.jpg?x-oss-process=style/content,7000,MET:2025.381,MET,2025.381,"Woman teaching children to play chess, from four-print set “Women teaching children the four accomplishments”",,https://www.metmuseum.org/art/collection/search/911871,54,7,0.1296,110.3926,3.51581 -1.45412 271.055 1.74923 -1.01332 261.604 0.0106298 -0.00503329 1,2
GUANGZHOU_DAILY:7,GUANGZHOU_DAILY,7,,https://oss.gz-cmc.com/pgcr/root/huacheng/upload/news/image/2026/06/17/1781674458660021013.jpg?x-oss-process=style/content,7000,MET:2025.398,MET,2025.398,Satirical Prints of Suzhou Customs,,https://www.metmuseum.org/art/collection/search/911898,50,7,0.14,107.8,-2.4573 -2.64557 1004.75 -0.752721 -0.671917 250.708 -0.00256727 -0.00263193 1,3
GUANGZHOU_DAILY:7,GUANGZHOU_DAILY,7,,https://oss.gz-cmc.com/pgcr/root/huacheng/upload/news/image/2026/06/17/1781674458660021013.jpg?x-oss-process=style/content,7000,MET:2025.444,MET,2025.444,"Autumn basket: hibiscus, yellow hibiscus and chrysanthemum",,https://www.metmuseum.org/art/collection/search/911995,64,6,0.0938,106.675,-0.0017807 0.0576852 -55.2898 -0.0728182 0.142765 -63.4026 -0.0022793 -0.000585575 1,4
GUANGZHOU_DAILY:7,GUANGZHOU_DAILY,7,,https://oss.gz-cmc.com/pgcr/root/huacheng/upload/news/image/2026/06/17/1781674458660021013.jpg?x-oss-process=style/content,7000,MET:2025.414,MET,2025.414,Praying Mantis and Three Toddlers,,https://www.metmuseum.org/art/collection/search/911927,47,7,0.1489,105.8787,-1.87257 -0.663052 753.394 -2.3563 -1.17271 1096.87 -0.00205605 -0.00102269 1,5
GUANGZHOU_DAILY:7,GUANGZHOU_DAILY,7,,https://oss.gz-cmc.com/pgcr/root/huacheng/upload/news/image/2026/06/17/1781674458660021013.jpg?x-oss-process=style/content,7000,MET:2025.459,MET,2025.459,Chrysanthemum and Begonia in a Bronze Vase,,https://www.metmuseum.org/art/collection/search/912030,46,7,0.1522,105.2435,-0.584493 -1.54714 686.799 -0.767026 -1.55871 743.612 -0.000722108 -0.00235392 1,6
GUANGZHOU_DAILY:7,GUANGZHOU_DAILY,7,,https://oss.gz-cmc.com/pgcr/root/huacheng/upload/news/image/2026/06/17/1781674458660021013.jpg?x-oss-process=style/content,7000,MET:2025.439,MET,2025.439,Eight Immortals and Twelve Zodiac Animals,,https://www.metmuseum.org/art/collection/search/911987,54,6,0.1111,100.0222,2.41776 -3.00048 783.787 3.71556 -3.28505 531.564 0.00282007 -0.00337034 1,7
GUANGZHOU_DAILY:7,GUANGZHOU_DAILY,7,,https://oss.gz-cmc.com/pgcr/root/huacheng/upload/news/image/2026/06/17/1781674458660021013.jpg?x-oss-process=style/content,7000,MET:2025.380,MET,2025.380,"Woman teaching children to read and write calligraphy, from four-print set “Women teaching children the four accomplishments”",,https://www.metmuseum.org/art/collection/search/911868,36,7,0.1944,99.0889,16.8416 -8.80554 710.373 6.48441 -3.39398 272.867 0.0238607 -0.0124687 1,8
GUANGZHOU_DAILY:7,GUANGZHOU_DAILY,7,,https://oss.gz-cmc.com/pgcr/root/huacheng/upload/news/image/2026/06/17/1781674458660021013.jpg?x-oss-process=style/content,7000,MET:2025.406,MET,2025.406,Beauty and a Cat,,https://www.metmuseum.org/art/collection/search/911913,61,5,0.082,94.3393,-0.309974 -2.41841 370.727 -0.435852 -1.02009 170.034 -0.000411671 -0.0062288 1,9
GUANGZHOU_DAILY:7,GUANGZHOU_DAILY,7,,https://oss.gz-cmc.com/pgcr/root/huacheng/upload/news/image/2026/06/17/1781674458660021013.jpg?x-oss-process=style/content,7000,MET:2025.452,MET,2025.452,Poppy and Stone,,https://www.metmuseum.org/art/collection/search/912016,44,6,0.1364,93.5273,-1.22631 -2.69589 824.248 -0.36935 -0.851762 274.043 -0.00150512 -0.00318941 1,10
GUANGZHOU_DAILY:7,GUANGZHOU_DAILY,7,,https://oss.gz-cmc.com/pgcr/root/huacheng/upload/news/image/2026/06/17/1781674458660021013.jpg?x-oss-process=style/content,7000,MET:2025.372,MET,2025.372,One Hundred Boys,百子图,https://www.metmuseum.org/art/collection/search/911851,24,7,0.2917,92.6333,-0.851773 -3.74161 688.993 -1.78542 -6.04412 1165.34 -0.00127139 -0.00521039 1,11
GUANGZHOU_DAILY:7,GUANGZHOU_DAILY,7,,https://oss.gz-cmc.com/pgcr/root/huacheng/upload/news/image/2026/06/17/1781674458660021013.jpg?x-oss-process=style/content,7000,CMA:2025.127,CMA,2025.127,Plum and Camellia in a Bronze Vase,博古花卉圖,https://clevelandart.org/art/2025.127,42,6,0.1429,92.2571,20.9429 -2.93734 652.276 4.54429 -2.36569 1707.35 0.0236753 -0.00304318 1,12
GUANGZHOU_DAILY:7,GUANGZHOU_DAILY,7,,https://oss.gz-cmc.com/pgcr/root/huacheng/upload/news/image/2026/06/17/1781674458660021013.jpg?x-oss-process=style/content,7000,MET:2025.392,MET,2025.392,The Herd Boy and the Weaving Maiden,,https://www.metmuseum.org/art/collection/search/911889,41,6,0.1463,91.6268,-6.23369 -0.657555 744.966 1.17875 -2.04803 234.352 -0.00509525 -0.00278651 1,13
GUANGZHOU_DAILY:7,GUANGZHOU_DAILY,7,,https://oss.gz-cmc.com/pgcr/root/huacheng/upload/news/image/2026/06/17/1781674458660021013.jpg?x-oss-process=style/content,7000,MET:2025.416,MET,2025.416,Story of The Western Chamber,,https://www.metmuseum.org/art/collection/search/911931,38,6,0.1579,89.7579,0.468297 -2.25063 979.776 -0.0277956 1.57055 7.24967 0.0019863 -0.00163812 1,14
GUANGZHOU_DAILY:7,GUANGZHOU_DAILY,7,,https://oss.gz-cmc.com/pgcr/root/huacheng/upload/news/image/2026/06/17/1781674458660021013.jpg?x-oss-process=style/content,7000,MET:2025.357,MET,2025.357,Boys Picking Lotus,,https://www.metmuseum.org/art/collection/search/911822,37,6,0.1622,89.1432,-3.71621 0.0257037 992.073 -3.55461 -0.613023 1156.37 -0.00204332 0.000375588 1,15
GUANGZHOU_DAILY:7,GUANGZHOU_DAILY,7,,https://oss.gz-cmc.com/pgcr/root/huacheng/upload/news/image/2026/06/17/1781674458660021013.jpg?x-oss-process=style/content,7000,MET:2025.368,MET,2025.368,Magu Bestows Longevity,,https://www.metmuseum.org/art/collection/search/911846,51,5,0.098,87.6608,1.02234 -3.62102 882.964 -1.44324 -3.76693 1395.46 0.00116201 -0.00428949 1,16
GUANGZHOU_DAILY:7,GUANGZHOU_DAILY,7,,https://oss.gz-cmc.com/pgcr/root/huacheng/upload/news/image/2026/06/17/1781674458660021013.jpg?x-oss-process=style/content,7000,MET:2025.446,MET,2025.446,Bird on hibiscus,,https://www.metmuseum.org/art/collection/search/911997,34,6,0.1765,87.3294,-0.623389 -1.31179 400.673 -1.02111 -2.97209 830.857 -0.0013255 -0.00352603 1,17
GUANGZHOU_DAILY:7,GUANGZHOU_DAILY,7,,https://oss.gz-cmc.com/pgcr/root/huacheng/upload/news/image/2026/06/17/1781674458660021013.jpg?x-oss-process=style/content,7000,MET:2025.362,MET,2025.362,Two Beauties Gather Lotus,,https://www.metmuseum.org/art/collection/search/911830,31,6,0.1935,85.571,-1.32303 -0.577947 710.341 -1.65263 -0.76223 901.662 -0.00177164 -0.000845101 1,18
GUANGZHOU_DAILY:7,GUANGZHOU_DAILY,7,,https://oss.gz-cmc.com/pgcr/root/huacheng/upload/news/image/2026/06/17/1781674458660021013.jpg?x-oss-process=style/content,7000,MET:2025.443,MET,2025.443,"Summer basket: lotus, pomegranate and day lily",,https://www.metmuseum.org/art/collection/search/911992,31,6,0.1935,85.571,17.108 -8.12509 -357.975 12.9987 -14.7667 4137.49 0.0215294 -0.013825 1,19
GUANGZHOU_DAILY:7,GUANGZHOU_DAILY,7,,https://oss.gz-cmc.com/pgcr/root/huacheng/upload/news/image/2026/06/17/1781674458660021013.jpg?x-oss-process=style/content,7000,MET:2025.393,MET,2025.393,A Prevailing Mood of Harmony,,https://www.metmuseum.org/art/collection/search/911890,28,6,0.2143,83.8857,-0.80508 -0.0187715 370.388 -0.900299 0.0782649 388.935 -0.00213917 -0.000284453 1,20
SHUSEIDO_JP:4,SHUSEIDO_JP,4,,https://img07.shop-pro.jp/PA01255/114/product/192492972.png?cmsp_timestamp=20260703140521,1034,CMA:2025.108,CMA,2025.108,Bird on Pomegranate,石榴上的鳥兒,https://clevelandart.org/art/2025.108,25,16,0.64,190.3,0.232296 0.00288416 53.5524 -0.0097892 0.339193 264.097 -0.000129917 3.46007e-05 1,1
SHUSEIDO_JP:4,SHUSEIDO_JP,4,,https://img07.shop-pro.jp/PA01255/114/product/192492972.png?cmsp_timestamp=20260703140521,1034,MET:2025.456,MET,2025.456,Mynah Birds,,https://www.metmuseum.org/art/collection/search/912024,24,9,0.375,114.3,-0.081629 -0.44968 223.294 0.00856207 -0.765476 344.594 -0.000177443 -0.00210665 1,2
SHUSEIDO_JP:4,SHUSEIDO_JP,4,,https://img07.shop-pro.jp/PA01255/114/product/192492972.png?cmsp_timestamp=20260703140521,1034,MET:2025.398,MET,2025.398,Satirical Prints of Suzhou Customs,,https://www.metmuseum.org/art/collection/search/911898,28,8,0.2857,105.3143,-1.09874 3.02925 228.003 -8.18804 34.9455 64.8115 -0.0197391 0.0757142 1,3
SHUSEIDO_JP:4,SHUSEIDO_JP,4,,https://img07.shop-pro.jp/PA01255/114/product/192492972.png?cmsp_timestamp=20260703140521,1034,MET:2025.441,MET,2025.441,Agricultural Tasks,,https://www.metmuseum.org/art/collection/search/911991,14,8,0.5714,101.2286,0.446045 0.0945519 -19.3365 -0.278204 -0.177127 247.719 -0.000369541 -0.0016474 1,4
SHUSEIDO_JP:4,SHUSEIDO_JP,4,,https://img07.shop-pro.jp/PA01255/114/product/192492972.png?cmsp_timestamp=20260703140521,1034,MET:2025.372,MET,2025.372,One Hundred Boys,百子图,https://www.metmuseum.org/art/collection/search/911851,21,7,0.3333,91.3667,-21.4507 0.85252 -322.432 -34.5257 -17.221 497.667 -0.214857 -0.00190054 1,5
SHUSEIDO_JP:4,SHUSEIDO_JP,4,,https://img07.shop-pro.jp/PA01255/114/product/192492972.png?cmsp_timestamp=20260703140521,1034,MET:2025.357,MET,2025.357,Boys Picking Lotus,,https://www.metmuseum.org/art/collection/search/911822,20,7,0.35,91.0,-0.113214 -0.922851 315.132 -0.0402065 -0.33495 111.415 -0.000361384 -0.00292931 1,6
SHUSEIDO_JP:4,SHUSEIDO_JP,4,,https://img07.shop-pro.jp/PA01255/114/product/192492972.png?cmsp_timestamp=20260703140521,1034,MET:2025.448,MET,2025.448,Apples and Pomegranates.,,https://www.metmuseum.org/art/collection/search/912004,20,7,0.35,91.0,-0.505339 -0.39812 295.691 -1.19098 -0.947892 698.588 -0.00170897 -0.00134683 1,7
SHUSEIDO_JP:4,SHUSEIDO_JP,4,,https://img07.shop-pro.jp/PA01255/114/product/192492972.png?cmsp_timestamp=20260703140521,1034,MET:2025.428,MET,2025.428,Amorous scene,,https://www.metmuseum.org/art/collection/search/913059,11,7,0.6364,90.4273,0.171513 -0.19515 89.5824 -0.0408869 -0.490345 340.115 0.000542524 -0.00179667 1,8
SHUSEIDO_JP:4,SHUSEIDO_JP,4,,https://img07.shop-pro.jp/PA01255/114/product/192492972.png?cmsp_timestamp=20260703140521,1034,MET:2025.430,MET,2025.430,Stone Lake In Suzhou : An Emulation of ‘Famous Scenes of West Lake’,,https://www.metmuseum.org/art/collection/search/911973,11,7,0.6364,90.4273,-0.560055 -0.641739 315.817 -0.229974 -0.0988643 109.409 -0.00159893 -0.00210857 1,9
SHUSEIDO_JP:4,SHUSEIDO_JP,4,,https://img07.shop-pro.jp/PA01255/114/product/192492972.png?cmsp_timestamp=20260703140521,1034,CMA:2025.127,CMA,2025.127,Plum and Camellia in a Bronze Vase,博古花卉圖,https://clevelandart.org/art/2025.127,18,7,0.3889,90.3778,-0.0301543 -0.0906731 43.8106 -0.930471 -0.172268 484.343 -0.00117757 -0.00209931 1,10
SHUSEIDO_JP:4,SHUSEIDO_JP,4,,https://img07.shop-pro.jp/PA01255/114/product/192492972.png?cmsp_timestamp=20260703140521,1034,MET:2025.362,MET,2025.362,Two Beauties Gather Lotus,,https://www.metmuseum.org/art/collection/search/911830,17,7,0.4118,90.1353,-1.77354 -0.148511 340.748 -2.71726 -0.611683 628.246 -0.00477682 -0.000920899 1,11
SHUSEIDO_JP:4,SHUSEIDO_JP,4,,https://img07.shop-pro.jp/PA01255/114/product/192492972.png?cmsp_timestamp=20260703140521,1034,MET:2025.389,MET,2025.389,Twenty-Eight Constellations Battle at Kunyang,,https://www.metmuseum.org/art/collection/search/911879,8,6,0.75,80.6,-0.844317 -0.552062 308.989 -0.501846 -0.314189 180.706 -0.00273535 -0.00177903 1,12
SHUSEIDO_JP:4,SHUSEIDO_JP,4,,https://img07.shop-pro.jp/PA01255/114/product/192492972.png?cmsp_timestamp=20260703140521,1034,MET:2025.442,MET,2025.442,The Two Immortals of Harmony and Unity,,https://www.metmuseum.org/art/collection/search/913075,9,6,0.6667,79.6333,0.452768 1.66621 -147.127 0.000405209 -0.756029 624.801 0.010746 -0.00127495 1,13
SHUSEIDO_JP:4,SHUSEIDO_JP,4,,https://img07.shop-pro.jp/PA01255/114/product/192492972.png?cmsp_timestamp=20260703140521,1034,MET:2025.404,MET,2025.404,Lady Holding a Brush,,https://www.metmuseum.org/art/collection/search/911911,10,6,0.6,79.0,-1.65666 -0.451562 314.884 -0.546273 -0.141602 109.256 -0.00552268 -0.00125592 1,14
SHUSEIDO_JP:4,SHUSEIDO_JP,4,,https://img07.shop-pro.jp/PA01255/114/product/192492972.png?cmsp_timestamp=20260703140521,1034,MET:2025.368,MET,2025.368,Magu Bestows Longevity,,https://www.metmuseum.org/art/collection/search/911846,16,6,0.375,78.7,-0.556923 -0.34761 291.837 -4.60793 1.06325 143.066 -0.00973597 0.00101757 1,15
SHUSEIDO_JP:4,SHUSEIDO_JP,4,,https://img07.shop-pro.jp/PA01255/114/product/192492972.png?cmsp_timestamp=20260703140521,1034,MET:2025.421,MET,2025.421,Adoration of a Sage,,https://www.metmuseum.org/art/collection/search/911945,11,6,0.5455,78.6091,-0.592253 -1.23783 304.416 -0.676921 -0.430419 95.6803 -0.00231857 -0.00387472 1,16
SHUSEIDO_JP:4,SHUSEIDO_JP,4,,https://img07.shop-pro.jp/PA01255/114/product/192492972.png?cmsp_timestamp=20260703140521,1034,MET:2025.391,MET,2025.391,Two Beauties Enjoy a Butterfly,,https://www.metmuseum.org/art/collection/search/911887,14,6,0.4286,78.3714,-0.850569 -0.119663 319.382 0.152837 0.236846 -28.2117 -0.0025152 -0.000385424 1,17
SHUSEIDO_JP:4,SHUSEIDO_JP,4,,https://img07.shop-pro.jp/PA01255/114/product/192492972.png?cmsp_timestamp=20260703140521,1034,MET:2025.436,MET,2025.436,The Beautiful Scenery of Famous Mount Putuo on the Southern Sea,,https://www.metmuseum.org/art/collection/search/911982,14,6,0.4286,78.3714,-0.733987 -0.324438 157.623 -1.1744 -0.577282 263.185 -0.00453511 -0.00214228 1,18
SHUSEIDO_JP:4,SHUSEIDO_JP,4,,https://img07.shop-pro.jp/PA01255/114/product/192492972.png?cmsp_timestamp=20260703140521,1034,CMA:2025.48,CMA,2025.48,Gusu Beauties of the Four Seasons—Spring,四季姑蘇美人圖 – 春,https://clevelandart.org/art/2025.48,7,5,0.7143,69.1857,-0.105185 -0.395765 32.0158 -1.68233 -0.354685 384.115 -0.00423092 -0.00179308 1,19
SHUSEIDO_JP:4,SHUSEIDO_JP,4,,https://img07.shop-pro.jp/PA01255/114/product/192492972.png?cmsp_timestamp=20260703140521,1034,CMA:2025.94,CMA,2025.94,"Wife, Wealth, Sons, and a Salary",妻財子禄,https://clevelandart.org/art/2025.94,7,5,0.7143,69.1857,-1.40187 2.96624 542.416 3.92032 3.77059 -2949.44 -0.00206594 0.00880571 1,20
