working_220_id,pool_basis,museum_code,accession,object_id,record_type,acquisition_mode,title_en,title_zh,object_url,web_image_url,original_image_url,public_domain
CMA:2025.21,CMA_2025_vonderburg_API_has_image_web,CMA,2025.21,678477,object,sold,Part of Story of The Western Chamber,一部西廂總,https://clevelandart.org/art/2025.21,https://openaccess-cdn.clevelandart.org/2025.21/2025.21_web.jpg,https://openaccess-cdn.clevelandart.org/2025.21/2025.21_full.tif,1
CMA:2025.23,CMA_2025_vonderburg_API_has_image_web,CMA,2025.23,678529,object,sold,Mother and Sons,母子圖,https://clevelandart.org/art/2025.23,https://openaccess-cdn.clevelandart.org/2025.23/2025.23_web.jpg,https://openaccess-cdn.clevelandart.org/2025.23/2025.23_full.tif,1
CMA:2025.24,CMA_2025_vonderburg_API_has_image_web,CMA,2025.24,678537,object,sold,A Quatrain about Peonies,牡丹一絕句,https://clevelandart.org/art/2025.24,https://openaccess-cdn.clevelandart.org/2025.24/2025.24_web.jpg,https://openaccess-cdn.clevelandart.org/2025.24/2025.24_full.tif,1
CMA:2025.29,CMA_2025_vonderburg_API_has_image_web,CMA,2025.29,678663,object,sold,Rise in Rank and Attain Wealth,加官進祿,https://clevelandart.org/art/2025.29,https://openaccess-cdn.clevelandart.org/2025.29/2025.29_web.jpg,https://openaccess-cdn.clevelandart.org/2025.29/2025.29_full.tif,1
CMA:2025.31,CMA_2025_vonderburg_API_has_image_web,CMA,2025.31,679031,object,sold,The Two Immortals of Harmony and Unity,和合二仙,https://clevelandart.org/art/2025.31,https://openaccess-cdn.clevelandart.org/2025.31/2025.31_web.jpg,https://openaccess-cdn.clevelandart.org/2025.31/2025.31_full.tif,1
CMA:2025.32,CMA_2025_vonderburg_API_has_image_web,CMA,2025.32,679032,object,sold,The Two Immortals of Harmony and Unity,和合二仙,https://clevelandart.org/art/2025.32,https://openaccess-cdn.clevelandart.org/2025.32/2025.32_web.jpg,https://openaccess-cdn.clevelandart.org/2025.32/2025.32_full.tif,1
CMA:2025.42,CMA_2025_vonderburg_API_has_image_web,CMA,2025.42,679053,object,sold,Lady watching a swallow,,https://clevelandart.org/art/2025.42,https://openaccess-cdn.clevelandart.org/2025.42/2025.42_web.jpg,https://openaccess-cdn.clevelandart.org/2025.42/2025.42_full.tif,1
CMA:2025.43,CMA_2025_vonderburg_API_has_image_web,CMA,2025.43,679054,object,sold,Lady with water basin,,https://clevelandart.org/art/2025.43,https://openaccess-cdn.clevelandart.org/2025.43/2025.43_web.jpg,https://openaccess-cdn.clevelandart.org/2025.43/2025.43_full.tif,1
CMA:2025.44,CMA_2025_vonderburg_API_has_image_web,CMA,2025.44,679052,object,sold,Zhang Xian Shoots the Heavenly Dog,張仙射天狗,https://clevelandart.org/art/2025.44,https://openaccess-cdn.clevelandart.org/2025.44/2025.44_web.jpg,https://openaccess-cdn.clevelandart.org/2025.44/2025.44_full.tif,1
CMA:2025.46,CMA_2025_vonderburg_API_has_image_web,CMA,2025.46,679060,object,sold,Gusu Beauties of the Four Seasons–Summer,四季姑蘇美人圖 - 夏,https://clevelandart.org/art/2025.46,https://openaccess-cdn.clevelandart.org/2025.46/2025.46_web.jpg,https://openaccess-cdn.clevelandart.org/2025.46/2025.46_full.tif,1
CMA:2025.47,CMA_2025_vonderburg_API_has_image_web,CMA,2025.47,679065,object,sold,Gusu Beauty–Mother and Son in a Summer Pavilion,姑蘇美人 – 夏日亭畔母子圖,https://clevelandart.org/art/2025.47,https://openaccess-cdn.clevelandart.org/2025.47/2025.47_web.jpg,https://openaccess-cdn.clevelandart.org/2025.47/2025.47_full.tif,1
CMA:2025.48,CMA_2025_vonderburg_API_has_image_web,CMA,2025.48,679061,object,sold,Gusu Beauties of the Four Seasons—Spring,四季姑蘇美人圖 – 春,https://clevelandart.org/art/2025.48,https://openaccess-cdn.clevelandart.org/2025.48/2025.48_web.jpg,https://openaccess-cdn.clevelandart.org/2025.48/2025.48_full.tif,1
CMA:2025.49,CMA_2025_vonderburg_API_has_image_web,CMA,2025.49,679062,object,sold,Gusu Beauty–Winter,姑蘇美人 – 冬,https://clevelandart.org/art/2025.49,https://openaccess-cdn.clevelandart.org/2025.49/2025.49_web.jpg,https://openaccess-cdn.clevelandart.org/2025.49/2025.49_full.tif,1
CMA:2025.53,CMA_2025_vonderburg_API_has_image_web,CMA,2025.53,679081,object,sold,Scenic View of Suzhou,姑蘇勝景,https://clevelandart.org/art/2025.53,https://openaccess-cdn.clevelandart.org/2025.53/2025.53_web.jpg,https://openaccess-cdn.clevelandart.org/2025.53/2025.53_full.tif,1
CMA:2025.57,CMA_2025_vonderburg_API_has_image_web,CMA,2025.57,679085,object,sold,Two Beauties Inspect a Golden Lotus,雙美觀金蓮,https://clevelandart.org/art/2025.57,https://openaccess-cdn.clevelandart.org/2025.57/2025.57_web.jpg,https://openaccess-cdn.clevelandart.org/2025.57/2025.57_full.tif,1
CMA:2025.60,CMA_2025_vonderburg_API_has_image_web,CMA,2025.60,679088,object,sold,"Picture of a Cat, a Bird, and a Crabapple",海棠綬帶富貴圖,https://clevelandart.org/art/2025.60,https://openaccess-cdn.clevelandart.org/2025.60/2025.60_web.jpg,https://openaccess-cdn.clevelandart.org/2025.60/2025.60_full.tif,1
CMA:2025.61,CMA_2025_vonderburg_API_has_image_web,CMA,2025.61,679089,object,sold,"Scenic Spots of Jiangtian Temple on Jinshan, Built by Imperial Command",勅建金山江天寺勝境,https://clevelandart.org/art/2025.61,https://openaccess-cdn.clevelandart.org/2025.61/2025.61_web.jpg,https://openaccess-cdn.clevelandart.org/2025.61/2025.61_full.tif,1
CMA:2025.72,CMA_2025_vonderburg_API_has_image_web,CMA,2025.72,679100,object,sold,A Newly-Cut Print of Illustrations from The Classic of Mountains and Seas,新刻山海經全圖,https://clevelandart.org/art/2025.72,https://openaccess-cdn.clevelandart.org/2025.72/2025.72_web.jpg,https://openaccess-cdn.clevelandart.org/2025.72/2025.72_full.tif,1
CMA:2025.73,CMA_2025_vonderburg_API_has_image_web,CMA,2025.73,679101,object,sold,A Newly Cut Print: Scenes from the First Part of Outlaws of the Marsh,新刻前水滸,https://clevelandart.org/art/2025.73,https://openaccess-cdn.clevelandart.org/2025.73/2025.73_web.jpg,https://openaccess-cdn.clevelandart.org/2025.73/2025.73_full.tif,1
CMA:2025.76,CMA_2025_vonderburg_API_has_image_web,CMA,2025.76,679104,object,sold,Li Wenzhong Clears the North,李文忠掃北,https://clevelandart.org/art/2025.76,https://openaccess-cdn.clevelandart.org/2025.76/2025.76_web.jpg,https://openaccess-cdn.clevelandart.org/2025.76/2025.76_full.tif,1
CMA:2025.82,CMA_2025_vonderburg_API_has_image_web,CMA,2025.82,398803,cover,sold,Westlake Panorama,西湖全景,https://clevelandart.org/art/2025.82,https://openaccess-cdn.clevelandart.org/2025.82/2025.82_web.jpg,https://openaccess-cdn.clevelandart.org/2025.82/2025.82_full.tif,1
CMA:2025.82.1,CMA_2025_vonderburg_API_has_image_web,CMA,2025.82.1,678436,component,sold,Westlake Panorama,西湖全景,https://clevelandart.org/art/2025.82.1,https://openaccess-cdn.clevelandart.org/2025.82.1/2025.82.1_web.jpg,https://openaccess-cdn.clevelandart.org/2025.82.1/2025.82.1_full.tif,1
CMA:2025.82.2,CMA_2025_vonderburg_API_has_image_web,CMA,2025.82.2,678437,component,sold,Westlake Panorama,西湖全景,https://clevelandart.org/art/2025.82.2,https://openaccess-cdn.clevelandart.org/2025.82.2/2025.82.2_web.jpg,https://openaccess-cdn.clevelandart.org/2025.82.2/2025.82.2_full.tif,1
CMA:2025.82.3,CMA_2025_vonderburg_API_has_image_web,CMA,2025.82.3,678438,component,sold,Westlake Panorama,西湖全景,https://clevelandart.org/art/2025.82.3,https://openaccess-cdn.clevelandart.org/2025.82.3/2025.82.3_web.jpg,https://openaccess-cdn.clevelandart.org/2025.82.3/2025.82.3_full.tif,1
CMA:2025.82.4,CMA_2025_vonderburg_API_has_image_web,CMA,2025.82.4,678440,component,sold,Westlake Panorama,西湖全景,https://clevelandart.org/art/2025.82.4,https://openaccess-cdn.clevelandart.org/2025.82.4/2025.82.4_web.jpg,https://openaccess-cdn.clevelandart.org/2025.82.4/2025.82.4_full.tif,1
CMA:2025.83,CMA_2025_vonderburg_API_has_image_web,CMA,2025.83,679111,object,sold,Music in the Jade Palace,瓊宮樂奏圖,https://clevelandart.org/art/2025.83,https://openaccess-cdn.clevelandart.org/2025.83/2025.83_web.jpg,https://openaccess-cdn.clevelandart.org/2025.83/2025.83_full.tif,1
CMA:2025.84,CMA_2025_vonderburg_API_has_image_web,CMA,2025.84,679112,object,sold,Gathering Osmanthus,折桂圖,https://clevelandart.org/art/2025.84,https://openaccess-cdn.clevelandart.org/2025.84/2025.84_web.jpg,https://openaccess-cdn.clevelandart.org/2025.84/2025.84_full.tif,1
CMA:2025.87,CMA_2025_vonderburg_API_has_image_web,CMA,2025.87,679115,object,sold,"Touring in Spring, Enjoying Summer",春遊夏賞,https://clevelandart.org/art/2025.87,https://openaccess-cdn.clevelandart.org/2025.87/2025.87_web.jpg,https://openaccess-cdn.clevelandart.org/2025.87/2025.87_full.tif,1
CMA:2025.88,CMA_2025_vonderburg_API_has_image_web,CMA,2025.88,679116,object,sold,First Part of Story of The Western Chamber,全本西廂記,https://clevelandart.org/art/2025.88,https://openaccess-cdn.clevelandart.org/2025.88/2025.88_web.jpg,https://openaccess-cdn.clevelandart.org/2025.88/2025.88_full.tif,1
CMA:2025.93,CMA_2025_vonderburg_API_has_image_web,CMA,2025.93,679127,object,sold,Happy New Year,新春樂,https://clevelandart.org/art/2025.93,https://openaccess-cdn.clevelandart.org/2025.93/2025.93_web.jpg,https://openaccess-cdn.clevelandart.org/2025.93/2025.93_full.tif,1
CMA:2025.94,CMA_2025_vonderburg_API_has_image_web,CMA,2025.94,679128,object,sold,"Wife, Wealth, Sons, and a Salary",妻財子禄,https://clevelandart.org/art/2025.94,https://openaccess-cdn.clevelandart.org/2025.94/2025.94_web.jpg,https://openaccess-cdn.clevelandart.org/2025.94/2025.94_full.tif,1
CMA:2025.97,CMA_2025_vonderburg_API_has_image_web,CMA,2025.97,679266,object,other,The Fierce Battle at the Red Cliff,赤壁鏖兵圖,https://clevelandart.org/art/2025.97,https://openaccess-cdn.clevelandart.org/2025.97/2025.97_web.jpg,https://openaccess-cdn.clevelandart.org/2025.97/2025.97_full.tif,1
CMA:2025.108,CMA_2025_vonderburg_API_has_image_web,CMA,2025.108,679347,object,sold,Bird on Pomegranate,石榴上的鳥兒,https://clevelandart.org/art/2025.108,https://openaccess-cdn.clevelandart.org/2025.108/2025.108_web.jpg,https://openaccess-cdn.clevelandart.org/2025.108/2025.108_full.tif,1
CMA:2025.113,CMA_2025_vonderburg_API_has_image_web,CMA,2025.113,679355,object,sold,Lotus Seeds and Water Caltrops,蓮蓬和菱角,https://clevelandart.org/art/2025.113,https://openaccess-cdn.clevelandart.org/2025.113/2025.113_web.jpg,https://openaccess-cdn.clevelandart.org/2025.113/2025.113_full.tif,1
CMA:2025.116,CMA_2025_vonderburg_API_has_image_web,CMA,2025.116,398727,object,sold,Grasshopper on Pomegranate,蚱蜢石榴,https://clevelandart.org/art/2025.116,https://openaccess-cdn.clevelandart.org/2025.116/2025.116_web.jpg,https://openaccess-cdn.clevelandart.org/2025.116/2025.116_full.tif,1
CMA:2025.118,CMA_2025_vonderburg_API_has_image_web,CMA,2025.118,679368,object,sold,Bird on Lotus,蓮花和鸟,https://clevelandart.org/art/2025.118,https://openaccess-cdn.clevelandart.org/2025.118/2025.118_web.jpg,https://openaccess-cdn.clevelandart.org/2025.118/2025.118_full.tif,1
CMA:2025.127,CMA_2025_vonderburg_API_has_image_web,CMA,2025.127,679377,object,sold,Plum and Camellia in a Bronze Vase,博古花卉圖,https://clevelandart.org/art/2025.127,https://openaccess-cdn.clevelandart.org/2025.127/2025.127_web.jpg,https://openaccess-cdn.clevelandart.org/2025.127/2025.127_full.tif,1
MET:2025.352,MET_verified_live_2025.352_460_public_domain_primary_image,MET,2025.352,911808,,,A Scenic View of Minghuang’s Gardens,,https://www.metmuseum.org/art/collection/search/911808,https://images.metmuseum.org/CRDImages/as/web-large/DP-40648-002.jpg,https://images.metmuseum.org/CRDImages/as/original/DP-40648-002.jpg,1
MET:2025.353,MET_verified_live_2025.352_460_public_domain_primary_image,MET,2025.353,77109,,,New Year's Morning,,https://www.metmuseum.org/art/collection/search/77109,https://images.metmuseum.org/CRDImages/as/web-large/DP-40649-002.jpg,https://images.metmuseum.org/CRDImages/as/original/DP-40649-002.jpg,1
MET:2025.354,MET_verified_live_2025.352_460_public_domain_primary_image,MET,2025.354,911817,,,Scenic Spots of Zhenjiang,,https://www.metmuseum.org/art/collection/search/911817,https://images.metmuseum.org/CRDImages/as/web-large/DP-40650-002.jpg,https://images.metmuseum.org/CRDImages/as/original/DP-40650-002.jpg,1
MET:2025.355,MET_verified_live_2025.352_460_public_domain_primary_image,MET,2025.355,911818,,,Scenic Spots of Zhenjiang,,https://www.metmuseum.org/art/collection/search/911818,https://images.metmuseum.org/CRDImages/as/web-large/DP-40651-002.jpg,https://images.metmuseum.org/CRDImages/as/original/DP-40651-002.jpg,1
MET:2025.356,MET_verified_live_2025.352_460_public_domain_primary_image,MET,2025.356,911819,,,Manchus Quarrel During a Chess Game,,https://www.metmuseum.org/art/collection/search/911819,https://images.metmuseum.org/CRDImages/as/web-large/DP-40652-002.jpg,https://images.metmuseum.org/CRDImages/as/original/DP-40652-002.jpg,1
MET:2025.357,MET_verified_live_2025.352_460_public_domain_primary_image,MET,2025.357,911822,,,Boys Picking Lotus,,https://www.metmuseum.org/art/collection/search/911822,https://images.metmuseum.org/CRDImages/as/web-large/DP-40653-002.jpg,https://images.metmuseum.org/CRDImages/as/original/DP-40653-002.jpg,1
MET:2025.358,MET_verified_live_2025.352_460_public_domain_primary_image,MET,2025.358,911824,,,May You Soon Bear Noble Sons,,https://www.metmuseum.org/art/collection/search/911824,https://images.metmuseum.org/CRDImages/as/web-large/DP-40654-002.jpg,https://images.metmuseum.org/CRDImages/as/original/DP-40654-002.jpg,1
MET:2025.359,MET_verified_live_2025.352_460_public_domain_primary_image,MET,2025.359,911825,,,Mother and Child,,https://www.metmuseum.org/art/collection/search/911825,https://images.metmuseum.org/CRDImages/as/web-large/DP-40655-002.jpg,https://images.metmuseum.org/CRDImages/as/original/DP-40655-002.jpg,1
MET:2025.360,MET_verified_live_2025.352_460_public_domain_primary_image,MET,2025.360,911826,,,The Two Immortals of Harmony and Unity,,https://www.metmuseum.org/art/collection/search/911826,https://images.metmuseum.org/CRDImages/as/web-large/DP-40656-002.jpg,https://images.metmuseum.org/CRDImages/as/original/DP-40656-002.jpg,1
MET:2025.361,MET_verified_live_2025.352_460_public_domain_primary_image,MET,2025.361,911827,,,The Two Immortals of Harmony and Unity,,https://www.metmuseum.org/art/collection/search/911827,https://images.metmuseum.org/CRDImages/as/web-large/DP-40656-003.jpg,https://images.metmuseum.org/CRDImages/as/original/DP-40656-003.jpg,1
MET:2025.362,MET_verified_live_2025.352_460_public_domain_primary_image,MET,2025.362,911830,,,Two Beauties Gather Lotus,,https://www.metmuseum.org/art/collection/search/911830,https://images.metmuseum.org/CRDImages/as/web-large/DP-41445-002.jpg,https://images.metmuseum.org/CRDImages/as/original/DP-41445-002.jpg,1
MET:2025.363,MET_verified_live_2025.352_460_public_domain_primary_image,MET,2025.363,911834,,,Three Boys Grabbing Nobility,,https://www.metmuseum.org/art/collection/search/911834,https://images.metmuseum.org/CRDImages/as/web-large/DP-40657-002.jpg,https://images.metmuseum.org/CRDImages/as/original/DP-40657-002.jpg,1
MET:2025.364,MET_verified_live_2025.352_460_public_domain_primary_image,MET,2025.364,911836,,,Ten Views of West Lake,,https://www.metmuseum.org/art/collection/search/911836,https://images.metmuseum.org/CRDImages/as/web-large/DP-41821-001.jpg,https://images.metmuseum.org/CRDImages/as/original/DP-41821-001.jpg,1
MET:2025.365,MET_verified_live_2025.352_460_public_domain_primary_image,MET,2025.365,911838,,,Lady with Boys Playing Instruments,,https://www.metmuseum.org/art/collection/search/911838,https://images.metmuseum.org/CRDImages/as/web-large/DP-41446-001.jpg,https://images.metmuseum.org/CRDImages/as/original/DP-41446-001.jpg,1
MET:2025.366,MET_verified_live_2025.352_460_public_domain_primary_image,MET,2025.366,911839,,,One Hundred Longevity Characters,,https://www.metmuseum.org/art/collection/search/911839,https://images.metmuseum.org/CRDImages/as/web-large/DP-41270-001.jpg,https://images.metmuseum.org/CRDImages/as/original/DP-41270-001.jpg,1
MET:2025.367,MET_verified_live_2025.352_460_public_domain_primary_image,MET,2025.367,911843,,,Character meaning “good fortune”,,https://www.metmuseum.org/art/collection/search/911843,https://images.metmuseum.org/CRDImages/as/web-large/DP-41271-001.jpg,https://images.metmuseum.org/CRDImages/as/original/DP-41271-001.jpg,1
MET:2025.368,MET_verified_live_2025.352_460_public_domain_primary_image,MET,2025.368,911846,,,Magu Bestows Longevity,,https://www.metmuseum.org/art/collection/search/911846,https://images.metmuseum.org/CRDImages/as/web-large/DP-41272-001.jpg,https://images.metmuseum.org/CRDImages/as/original/DP-41272-001.jpg,1
MET:2025.369,MET_verified_live_2025.352_460_public_domain_primary_image,MET,2025.369,911847,,,Five Boys Competing for Distinction,,https://www.metmuseum.org/art/collection/search/911847,https://images.metmuseum.org/CRDImages/as/web-large/DP-41273-001.jpg,https://images.metmuseum.org/CRDImages/as/original/DP-41273-001.jpg,1
MET:2025.370,MET_verified_live_2025.352_460_public_domain_primary_image,MET,2025.370,911849,,,Basin of Accumulated Treasures,,https://www.metmuseum.org/art/collection/search/911849,https://images.metmuseum.org/CRDImages/as/web-large/DP-41274-001.jpg,https://images.metmuseum.org/CRDImages/as/original/DP-41274-001.jpg,1
MET:2025.371,MET_verified_live_2025.352_460_public_domain_primary_image,MET,2025.371,911850,,,View of Putuoshan on the Southern Sea,,https://www.metmuseum.org/art/collection/search/911850,https://images.metmuseum.org/CRDImages/as/web-large/DP-41275-001.jpg,https://images.metmuseum.org/CRDImages/as/original/DP-41275-001.jpg,1
MET:2025.372,MET_verified_live_2025.352_460_public_domain_primary_image,MET,2025.372,911851,,,One Hundred Boys,百子图,https://www.metmuseum.org/art/collection/search/911851,https://images.metmuseum.org/CRDImages/as/web-large/DP-41276-001.jpg,https://images.metmuseum.org/CRDImages/as/original/DP-41276-001.jpg,1
MET:2025.373,MET_verified_live_2025.352_460_public_domain_primary_image,MET,2025.373,911852,,,A Record of Tiger Hill in Suzhou,,https://www.metmuseum.org/art/collection/search/911852,https://images.metmuseum.org/CRDImages/as/web-large/DP-41277-001.jpg,https://images.metmuseum.org/CRDImages/as/original/DP-41277-001.jpg,1
MET:2025.374,MET_verified_live_2025.352_460_public_domain_primary_image,MET,2025.374,911854,,,Ladies with Peony Flowers,牡丹仕女圖,https://www.metmuseum.org/art/collection/search/911854,https://images.metmuseum.org/CRDImages/as/web-large/DP-41278-001.jpg,https://images.metmuseum.org/CRDImages/as/original/DP-41278-001.jpg,1
MET:2025.375,MET_verified_live_2025.352_460_public_domain_primary_image,MET,2025.375,911857,,,The Holy Emperor Lord Guan,,https://www.metmuseum.org/art/collection/search/911857,https://images.metmuseum.org/CRDImages/as/web-large/DP-40846-001.jpg,https://images.metmuseum.org/CRDImages/as/original/DP-40846-001.jpg,1
MET:2025.376,MET_verified_live_2025.352_460_public_domain_primary_image,MET,2025.376,911858,,,New Year’s Day,歲朝圖,https://www.metmuseum.org/art/collection/search/911858,https://images.metmuseum.org/CRDImages/as/web-large/DP-41280-001.jpg,https://images.metmuseum.org/CRDImages/as/original/DP-41280-001.jpg,1
MET:2025.377,MET_verified_live_2025.352_460_public_domain_primary_image,MET,2025.377,911860,,,Scenic Sites of Famous Mount Putuo on the Southern Sea,,https://www.metmuseum.org/art/collection/search/911860,https://images.metmuseum.org/CRDImages/as/web-large/DP-41281-002.jpg,https://images.metmuseum.org/CRDImages/as/original/DP-41281-002.jpg,1
MET:2025.378,MET_verified_live_2025.352_460_public_domain_primary_image,MET,2025.378,911861,,,Gusu Beauty in Winter,,https://www.metmuseum.org/art/collection/search/911861,https://images.metmuseum.org/CRDImages/as/web-large/DP-41282-001.jpg,https://images.metmuseum.org/CRDImages/as/original/DP-41282-001.jpg,1
MET:2025.379,MET_verified_live_2025.352_460_public_domain_primary_image,MET,2025.379,911867,,,"Woman teaching children to paint, from four-print set “Women teaching children the four accomplishments”",,https://www.metmuseum.org/art/collection/search/911867,https://images.metmuseum.org/CRDImages/as/web-large/DP-41283-001.jpg,https://images.metmuseum.org/CRDImages/as/original/DP-41283-001.jpg,1
MET:2025.380,MET_verified_live_2025.352_460_public_domain_primary_image,MET,2025.380,911868,,,"Woman teaching children to read and write calligraphy, from four-print set “Women teaching children the four accomplishments”",,https://www.metmuseum.org/art/collection/search/911868,https://images.metmuseum.org/CRDImages/as/web-large/DP-41284-001.jpg,https://images.metmuseum.org/CRDImages/as/original/DP-41284-001.jpg,1
MET:2025.381,MET_verified_live_2025.352_460_public_domain_primary_image,MET,2025.381,911871,,,"Woman teaching children to play chess, from four-print set “Women teaching children the four accomplishments”",,https://www.metmuseum.org/art/collection/search/911871,https://images.metmuseum.org/CRDImages/as/web-large/DP-41285-001.jpg,https://images.metmuseum.org/CRDImages/as/original/DP-41285-001.jpg,1
MET:2025.382,MET_verified_live_2025.352_460_public_domain_primary_image,MET,2025.382,911872,,,"Woman teaching children to play the guqin zither, from four-print set “Women teaching children the four accomplishments""",,https://www.metmuseum.org/art/collection/search/911872,https://images.metmuseum.org/CRDImages/as/web-large/DP-41286-001.jpg,https://images.metmuseum.org/CRDImages/as/original/DP-41286-001.jpg,1
MET:2025.383,MET_verified_live_2025.352_460_public_domain_primary_image,MET,2025.383,911954,,,Mother and Son by a Pavilion,,https://www.metmuseum.org/art/collection/search/911954,https://images.metmuseum.org/CRDImages/as/web-large/DP-41473-001.jpg,https://images.metmuseum.org/CRDImages/as/original/DP-41473-001.jpg,1
MET:2025.384,MET_verified_live_2025.352_460_public_domain_primary_image,MET,2025.384,911873,,,Gilding the Lily,錦上添花,https://www.metmuseum.org/art/collection/search/911873,https://images.metmuseum.org/CRDImages/as/web-large/DP-41287-001.jpg,https://images.metmuseum.org/CRDImages/as/original/DP-41287-001.jpg,1
MET:2025.385,MET_verified_live_2025.352_460_public_domain_primary_image,MET,2025.385,911874,,,Story of the Western Chamber,,https://www.metmuseum.org/art/collection/search/911874,https://images.metmuseum.org/CRDImages/as/web-large/DP-40658-002.jpg,https://images.metmuseum.org/CRDImages/as/original/DP-40658-002.jpg,1
MET:2025.386,MET_verified_live_2025.352_460_public_domain_primary_image,MET,2025.386,911875,,,Yang Guifei  and the Tang Emperor Minghuang,,https://www.metmuseum.org/art/collection/search/911875,https://images.metmuseum.org/CRDImages/as/web-large/DP-40659-002.jpg,https://images.metmuseum.org/CRDImages/as/original/DP-40659-002.jpg,1
MET:2025.387,MET_verified_live_2025.352_460_public_domain_primary_image,MET,2025.387,911876,,,Taozhu Brings Wealth,,https://www.metmuseum.org/art/collection/search/911876,https://images.metmuseum.org/CRDImages/as/web-large/DP-41290-002.jpg,https://images.metmuseum.org/CRDImages/as/original/DP-41290-002.jpg,1
MET:2025.388,MET_verified_live_2025.352_460_public_domain_primary_image,MET,2025.388,911877,,,Picture of a Happy Family,,https://www.metmuseum.org/art/collection/search/911877,https://images.metmuseum.org/CRDImages/as/web-large/DP-40660-002.jpg,https://images.metmuseum.org/CRDImages/as/original/DP-40660-002.jpg,1
MET:2025.389,MET_verified_live_2025.352_460_public_domain_primary_image,MET,2025.389,911879,,,Twenty-Eight Constellations Battle at Kunyang,,https://www.metmuseum.org/art/collection/search/911879,https://images.metmuseum.org/CRDImages/as/web-large/DP-40661-002.jpg,https://images.metmuseum.org/CRDImages/as/original/DP-40661-002.jpg,1
MET:2025.390,MET_verified_live_2025.352_460_public_domain_primary_image,MET,2025.390,911881,,,Scenic View of Yueyang Tower,,https://www.metmuseum.org/art/collection/search/911881,https://images.metmuseum.org/CRDImages/as/web-large/DP-40662-002.jpg,https://images.metmuseum.org/CRDImages/as/original/DP-40662-002.jpg,1
MET:2025.391,MET_verified_live_2025.352_460_public_domain_primary_image,MET,2025.391,911887,,,Two Beauties Enjoy a Butterfly,,https://www.metmuseum.org/art/collection/search/911887,https://images.metmuseum.org/CRDImages/as/web-large/DP-40663-002.jpg,https://images.metmuseum.org/CRDImages/as/original/DP-40663-002.jpg,1
MET:2025.392,MET_verified_live_2025.352_460_public_domain_primary_image,MET,2025.392,911889,,,The Herd Boy and the Weaving Maiden,,https://www.metmuseum.org/art/collection/search/911889,https://images.metmuseum.org/CRDImages/as/web-large/DP-40664-002.jpg,https://images.metmuseum.org/CRDImages/as/original/DP-40664-002.jpg,1
MET:2025.393,MET_verified_live_2025.352_460_public_domain_primary_image,MET,2025.393,911890,,,A Prevailing Mood of Harmony,,https://www.metmuseum.org/art/collection/search/911890,https://images.metmuseum.org/CRDImages/as/web-large/DP-40665-002.jpg,https://images.metmuseum.org/CRDImages/as/original/DP-40665-002.jpg,1
MET:2025.394,MET_verified_live_2025.352_460_public_domain_primary_image,MET,2025.394,911891,,,The Spring Ox,,https://www.metmuseum.org/art/collection/search/911891,https://images.metmuseum.org/CRDImages/as/web-large/DP-40847-001.jpg,https://images.metmuseum.org/CRDImages/as/original/DP-40847-001.jpg,1
MET:2025.395,MET_verified_live_2025.352_460_public_domain_primary_image,MET,2025.395,911892,,,Parrot on a Peach Branch,,https://www.metmuseum.org/art/collection/search/911892,https://images.metmuseum.org/CRDImages/as/web-large/DP-41298-001.jpg,https://images.metmuseum.org/CRDImages/as/original/DP-41298-001.jpg,1
MET:2025.396,MET_verified_live_2025.352_460_public_domain_primary_image,MET,2025.396,911893,,,Zhaojun Leaves for the North,,https://www.metmuseum.org/art/collection/search/911893,https://images.metmuseum.org/CRDImages/as/web-large/DP-41299-001.jpg,https://images.metmuseum.org/CRDImages/as/original/DP-41299-001.jpg,1
MET:2025.397,MET_verified_live_2025.352_460_public_domain_primary_image,MET,2025.397,911897,,,Satirical Prints of Suzhou Customs,,https://www.metmuseum.org/art/collection/search/911897,https://images.metmuseum.org/CRDImages/as/web-large/DP-40848-001.jpg,https://images.metmuseum.org/CRDImages/as/original/DP-40848-001.jpg,1
MET:2025.398,MET_verified_live_2025.352_460_public_domain_primary_image,MET,2025.398,911898,,,Satirical Prints of Suzhou Customs,,https://www.metmuseum.org/art/collection/search/911898,https://images.metmuseum.org/CRDImages/as/web-large/DP-40849-001.jpg,https://images.metmuseum.org/CRDImages/as/original/DP-40849-001.jpg,1
MET:2025.399,MET_verified_live_2025.352_460_public_domain_primary_image,MET,2025.399,911900,,,Satirical Prints of Suzhou Customs,,https://www.metmuseum.org/art/collection/search/911900,https://images.metmuseum.org/CRDImages/as/web-large/DP-40850-001.jpg,https://images.metmuseum.org/CRDImages/as/original/DP-40850-001.jpg,1
MET:2025.400,MET_verified_live_2025.352_460_public_domain_primary_image,MET,2025.400,911904,,,Two Beauties Picking Dates,,https://www.metmuseum.org/art/collection/search/911904,https://images.metmuseum.org/CRDImages/as/web-large/DP-40851-001.jpg,https://images.metmuseum.org/CRDImages/as/original/DP-40851-001.jpg,1
MET:2025.401,MET_verified_live_2025.352_460_public_domain_primary_image,MET,2025.401,911907,,,Print in Western Style with Western Text,,https://www.metmuseum.org/art/collection/search/911907,https://images.metmuseum.org/CRDImages/as/web-large/DP-40852-001.jpg,https://images.metmuseum.org/CRDImages/as/original/DP-40852-001.jpg,1
MET:2025.402,MET_verified_live_2025.352_460_public_domain_primary_image,MET,2025.402,911909,,,Scenic Spots of Zhenjiang,鎮江胜境,https://www.metmuseum.org/art/collection/search/911909,https://images.metmuseum.org/CRDImages/as/web-large/DP-40853-001.jpg,https://images.metmuseum.org/CRDImages/as/original/DP-40853-001.jpg,1
MET:2025.403,MET_verified_live_2025.352_460_public_domain_primary_image,MET,2025.403,911910,,,The Beautiful Scenery of West Lake,,https://www.metmuseum.org/art/collection/search/911910,https://images.metmuseum.org/CRDImages/as/web-large/DP-40854-001.jpg,https://images.metmuseum.org/CRDImages/as/original/DP-40854-001.jpg,1
MET:2025.404,MET_verified_live_2025.352_460_public_domain_primary_image,MET,2025.404,911911,,,Lady Holding a Brush,,https://www.metmuseum.org/art/collection/search/911911,https://images.metmuseum.org/CRDImages/as/web-large/DP-41307-001.jpg,https://images.metmuseum.org/CRDImages/as/original/DP-41307-001.jpg,1
MET:2025.405,MET_verified_live_2025.352_460_public_domain_primary_image,MET,2025.405,911912,,,Two Ladies Playing Music,,https://www.metmuseum.org/art/collection/search/911912,https://images.metmuseum.org/CRDImages/as/web-large/DP-40855-001.jpg,https://images.metmuseum.org/CRDImages/as/original/DP-40855-001.jpg,1
MET:2025.406,MET_verified_live_2025.352_460_public_domain_primary_image,MET,2025.406,911913,,,Beauty and a Cat,,https://www.metmuseum.org/art/collection/search/911913,https://images.metmuseum.org/CRDImages/as/web-large/DP-41822-001.jpg,https://images.metmuseum.org/CRDImages/as/original/DP-41822-001.jpg,1
MET:2025.407,MET_verified_live_2025.352_460_public_domain_primary_image,MET,2025.407,911914,,,Gold Coins Cover the Ground,遍地金錢,https://www.metmuseum.org/art/collection/search/911914,https://images.metmuseum.org/CRDImages/as/web-large/DP-40856-001.jpg,https://images.metmuseum.org/CRDImages/as/original/DP-40856-001.jpg,1
MET:2025.408,MET_verified_live_2025.352_460_public_domain_primary_image,MET,2025.408,911916,,,Scenes from the First Part of Pearl Pagoda,,https://www.metmuseum.org/art/collection/search/911916,https://images.metmuseum.org/CRDImages/as/web-large/DP-40857-001.jpg,https://images.metmuseum.org/CRDImages/as/original/DP-40857-001.jpg,1
MET:2025.409,MET_verified_live_2025.352_460_public_domain_primary_image,MET,2025.409,911918,,,Scenes from Second Part of Generals of the Yang Family,,https://www.metmuseum.org/art/collection/search/911918,https://images.metmuseum.org/CRDImages/as/web-large/DP-40858-001.jpg,https://images.metmuseum.org/CRDImages/as/original/DP-40858-001.jpg,1
MET:2025.410,MET_verified_live_2025.352_460_public_domain_primary_image,MET,2025.410,911920,,,A Newly-Cut Print : Scenes from the Second Part of Outlaws of the Marsh,,https://www.metmuseum.org/art/collection/search/911920,https://images.metmuseum.org/CRDImages/as/web-large/DP-40859-001.jpg,https://images.metmuseum.org/CRDImages/as/original/DP-40859-001.jpg,1
MET:2025.411,MET_verified_live_2025.352_460_public_domain_primary_image,MET,2025.411,911921,,,A Newly-Cut Print : Scenes from the First Part of Record of The Three Kingdoms,,https://www.metmuseum.org/art/collection/search/911921,https://images.metmuseum.org/CRDImages/as/web-large/DP-40860-001.jpg,https://images.metmuseum.org/CRDImages/as/original/DP-40860-001.jpg,1
MET:2025.412,MET_verified_live_2025.352_460_public_domain_primary_image,MET,2025.412,911923,,,A Newly-Cut Print of Illustrations from The Classic of Mountains and Seas,,https://www.metmuseum.org/art/collection/search/911923,https://images.metmuseum.org/CRDImages/as/web-large/DP-40861-001.jpg,https://images.metmuseum.org/CRDImages/as/original/DP-40861-001.jpg,1
MET:2025.413,MET_verified_live_2025.352_460_public_domain_primary_image,MET,2025.413,911925,,,Rebellion Against the Celestial Court,,https://www.metmuseum.org/art/collection/search/911925,https://images.metmuseum.org/CRDImages/as/web-large/DP-40862-001.jpg,https://images.metmuseum.org/CRDImages/as/original/DP-40862-001.jpg,1
MET:2025.414,MET_verified_live_2025.352_460_public_domain_primary_image,MET,2025.414,911927,,,Praying Mantis and Three Toddlers,,https://www.metmuseum.org/art/collection/search/911927,https://images.metmuseum.org/CRDImages/as/web-large/DP-40666-002.jpg,https://images.metmuseum.org/CRDImages/as/original/DP-40666-002.jpg,1
MET:2025.415,MET_verified_live_2025.352_460_public_domain_primary_image,MET,2025.415,911929,,,Picking Tea in Autumn Heat,,https://www.metmuseum.org/art/collection/search/911929,https://images.metmuseum.org/CRDImages/as/web-large/DP-40863-001.jpg,https://images.metmuseum.org/CRDImages/as/original/DP-40863-001.jpg,1
MET:2025.416,MET_verified_live_2025.352_460_public_domain_primary_image,MET,2025.416,911931,,,Story of The Western Chamber,,https://www.metmuseum.org/art/collection/search/911931,https://images.metmuseum.org/CRDImages/as/web-large/DP-41318-002.jpg,https://images.metmuseum.org/CRDImages/as/original/DP-41318-002.jpg,1
MET:2025.417,MET_verified_live_2025.352_460_public_domain_primary_image,MET,2025.417,911936,,,Second part of The Story of the Lute,,https://www.metmuseum.org/art/collection/search/911936,https://images.metmuseum.org/CRDImages/as/web-large/DP-40667-002.jpg,https://images.metmuseum.org/CRDImages/as/original/DP-40667-002.jpg,1
MET:2025.418,MET_verified_live_2025.352_460_public_domain_primary_image,MET,2025.418,911938,,,View of Putuoshan on the Southern Sea,,https://www.metmuseum.org/art/collection/search/911938,https://images.metmuseum.org/CRDImages/as/web-large/DP-41319-001.jpg,https://images.metmuseum.org/CRDImages/as/original/DP-41319-001.jpg,1
MET:2025.419,MET_verified_live_2025.352_460_public_domain_primary_image,MET,2025.419,911939,,,View of Putuoshan on the Southern Sea,,https://www.metmuseum.org/art/collection/search/911939,https://images.metmuseum.org/CRDImages/as/web-large/DP-41320-001.jpg,https://images.metmuseum.org/CRDImages/as/original/DP-41320-001.jpg,1
MET:2025.420,MET_verified_live_2025.352_460_public_domain_primary_image,MET,2025.420,911944,,,Spring Morning in the Han Palace,,https://www.metmuseum.org/art/collection/search/911944,https://images.metmuseum.org/CRDImages/as/web-large/DP-40864-001.jpg,https://images.metmuseum.org/CRDImages/as/original/DP-40864-001.jpg,1
MET:2025.421,MET_verified_live_2025.352_460_public_domain_primary_image,MET,2025.421,911945,,,Adoration of a Sage,,https://www.metmuseum.org/art/collection/search/911945,https://images.metmuseum.org/CRDImages/as/web-large/DP-40865-001.jpg,https://images.metmuseum.org/CRDImages/as/original/DP-40865-001.jpg,1
MET:2025.422,MET_verified_live_2025.352_460_public_domain_primary_image,MET,2025.422,911946,,,View of Western architecture,,https://www.metmuseum.org/art/collection/search/911946,https://images.metmuseum.org/CRDImages/as/web-large/DP-41323-001.jpg,https://images.metmuseum.org/CRDImages/as/original/DP-41323-001.jpg,1
MET:2025.423,MET_verified_live_2025.352_460_public_domain_primary_image,MET,2025.423,911947,,,A Hunt on the Plains,,https://www.metmuseum.org/art/collection/search/911947,https://images.metmuseum.org/CRDImages/as/web-large/DP-41324-001.jpg,https://images.metmuseum.org/CRDImages/as/original/DP-41324-001.jpg,1
MET:2025.427,MET_verified_live_2025.352_460_public_domain_primary_image,MET,2025.427,911961,,,The Jade Hairpin,,https://www.metmuseum.org/art/collection/search/911961,https://images.metmuseum.org/CRDImages/as/web-large/DP-41449-001.jpg,https://images.metmuseum.org/CRDImages/as/original/DP-41449-001.jpg,1
MET:2025.428,MET_verified_live_2025.352_460_public_domain_primary_image,MET,2025.428,913059,,,Amorous scene,,https://www.metmuseum.org/art/collection/search/913059,https://images.metmuseum.org/CRDImages/as/web-large/DP-41450-001.jpg,https://images.metmuseum.org/CRDImages/as/original/DP-41450-001.jpg,1
MET:2025.429,MET_verified_live_2025.352_460_public_domain_primary_image,MET,2025.429,911968,,,Reunion of the Heroes,,https://www.metmuseum.org/art/collection/search/911968,https://images.metmuseum.org/CRDImages/as/web-large/DP-40866-001.jpg,https://images.metmuseum.org/CRDImages/as/original/DP-40866-001.jpg,1
MET:2025.430,MET_verified_live_2025.352_460_public_domain_primary_image,MET,2025.430,911973,,,Stone Lake In Suzhou : An Emulation of ‘Famous Scenes of West Lake’,,https://www.metmuseum.org/art/collection/search/911973,https://images.metmuseum.org/CRDImages/as/web-large/DP-41326-001.jpg,https://images.metmuseum.org/CRDImages/as/original/DP-41326-001.jpg,1
MET:2025.431,MET_verified_live_2025.352_460_public_domain_primary_image,MET,2025.431,911976,,,Second Part of Tale of Washing the Silken Gauze,,https://www.metmuseum.org/art/collection/search/911976,https://images.metmuseum.org/CRDImages/as/web-large/DP-40669-002.jpg,https://images.metmuseum.org/CRDImages/as/original/DP-40669-002.jpg,1
MET:2025.432,MET_verified_live_2025.352_460_public_domain_primary_image,MET,2025.432,911977,,,Children and Grandchildren Bring Fortune and Prosperity. The Eight Barbarians Bring Tribute,,https://www.metmuseum.org/art/collection/search/911977,https://images.metmuseum.org/CRDImages/as/web-large/DP-41327-001.jpg,https://images.metmuseum.org/CRDImages/as/original/DP-41327-001.jpg,1
MET:2025.433,MET_verified_live_2025.352_460_public_domain_primary_image,MET,2025.433,911978,,,The Character Fu,,https://www.metmuseum.org/art/collection/search/911978,https://images.metmuseum.org/CRDImages/as/web-large/DP-41328-001.jpg,https://images.metmuseum.org/CRDImages/as/original/DP-41328-001.jpg,1
MET:2025.434,MET_verified_live_2025.352_460_public_domain_primary_image,MET,2025.434,911980,,,Lady Holding a Brush,,https://www.metmuseum.org/art/collection/search/911980,https://images.metmuseum.org/CRDImages/as/web-large/DP-41329-001.jpg,https://images.metmuseum.org/CRDImages/as/original/DP-41329-001.jpg,1
MET:2025.435,MET_verified_live_2025.352_460_public_domain_primary_image,MET,2025.435,911981,,,Scene of Westerners,,https://www.metmuseum.org/art/collection/search/911981,https://images.metmuseum.org/CRDImages/as/web-large/DP-40867-001.jpg,https://images.metmuseum.org/CRDImages/as/original/DP-40867-001.jpg,1
MET:2025.436,MET_verified_live_2025.352_460_public_domain_primary_image,MET,2025.436,911982,,,The Beautiful Scenery of Famous Mount Putuo on the Southern Sea,,https://www.metmuseum.org/art/collection/search/911982,https://images.metmuseum.org/CRDImages/as/web-large/DP-40670-002.jpg,https://images.metmuseum.org/CRDImages/as/original/DP-40670-002.jpg,1
MET:2025.437,MET_verified_live_2025.352_460_public_domain_primary_image,MET,2025.437,911983,,,Complete Geographical Map of the Everlasting Unified Qing Empire,,https://www.metmuseum.org/art/collection/search/911983,https://images.metmuseum.org/CRDImages/as/web-large/DP-41331-001.jpg,https://images.metmuseum.org/CRDImages/as/original/DP-41331-001.jpg,1
MET:2025.438,MET_verified_live_2025.352_460_public_domain_primary_image,MET,2025.438,911984,,,Promoting Officials,,https://www.metmuseum.org/art/collection/search/911984,https://images.metmuseum.org/CRDImages/as/web-large/DP-40868-001.jpg,https://images.metmuseum.org/CRDImages/as/original/DP-40868-001.jpg,1
MET:2025.439,MET_verified_live_2025.352_460_public_domain_primary_image,MET,2025.439,911987,,,Eight Immortals and Twelve Zodiac Animals,,https://www.metmuseum.org/art/collection/search/911987,https://images.metmuseum.org/CRDImages/as/web-large/DP-41333-001.jpg,https://images.metmuseum.org/CRDImages/as/original/DP-41333-001.jpg,1
MET:2025.440,MET_verified_live_2025.352_460_public_domain_primary_image,MET,2025.440,911990,,,White Snake Tale Game,,https://www.metmuseum.org/art/collection/search/911990,https://images.metmuseum.org/CRDImages/as/web-large/DP-41451-001.jpg,https://images.metmuseum.org/CRDImages/as/original/DP-41451-001.jpg,1
MET:2025.441,MET_verified_live_2025.352_460_public_domain_primary_image,MET,2025.441,911991,,,Agricultural Tasks,,https://www.metmuseum.org/art/collection/search/911991,https://images.metmuseum.org/CRDImages/as/web-large/DP-41452-001.jpg,https://images.metmuseum.org/CRDImages/as/original/DP-41452-001.jpg,1
MET:2025.442,MET_verified_live_2025.352_460_public_domain_primary_image,MET,2025.442,913075,,,The Two Immortals of Harmony and Unity,,https://www.metmuseum.org/art/collection/search/913075,https://images.metmuseum.org/CRDImages/as/web-large/DP-41453-001.jpg,https://images.metmuseum.org/CRDImages/as/original/DP-41453-001.jpg,1
MET:2025.443,MET_verified_live_2025.352_460_public_domain_primary_image,MET,2025.443,911992,,,"Summer basket: lotus, pomegranate and day lily",,https://www.metmuseum.org/art/collection/search/911992,https://images.metmuseum.org/CRDImages/as/web-large/DP-41454-001.jpg,https://images.metmuseum.org/CRDImages/as/original/DP-41454-001.jpg,1
MET:2025.444,MET_verified_live_2025.352_460_public_domain_primary_image,MET,2025.444,911995,,,"Autumn basket: hibiscus, yellow hibiscus and chrysanthemum",,https://www.metmuseum.org/art/collection/search/911995,https://images.metmuseum.org/CRDImages/as/web-large/DP-41455-001.jpg,https://images.metmuseum.org/CRDImages/as/original/DP-41455-001.jpg,1
MET:2025.445,MET_verified_live_2025.352_460_public_domain_primary_image,MET,2025.445,911996,,,Magpies,,https://www.metmuseum.org/art/collection/search/911996,https://images.metmuseum.org/CRDImages/as/web-large/DP-41456-001.jpg,https://images.metmuseum.org/CRDImages/as/original/DP-41456-001.jpg,1
MET:2025.446,MET_verified_live_2025.352_460_public_domain_primary_image,MET,2025.446,911997,,,Bird on hibiscus,,https://www.metmuseum.org/art/collection/search/911997,https://images.metmuseum.org/CRDImages/as/web-large/DP-41457-001.jpg,https://images.metmuseum.org/CRDImages/as/original/DP-41457-001.jpg,1
MET:2025.447,MET_verified_live_2025.352_460_public_domain_primary_image,MET,2025.447,912002,,,Butterflies and Bee on Chrysanthemum,,https://www.metmuseum.org/art/collection/search/912002,https://images.metmuseum.org/CRDImages/as/web-large/DP-41458-001.jpg,https://images.metmuseum.org/CRDImages/as/original/DP-41458-001.jpg,1
MET:2025.448,MET_verified_live_2025.352_460_public_domain_primary_image,MET,2025.448,912004,,,Apples and Pomegranates.,,https://www.metmuseum.org/art/collection/search/912004,https://images.metmuseum.org/CRDImages/as/web-large/DP-41459-001.jpg,https://images.metmuseum.org/CRDImages/as/original/DP-41459-001.jpg,1
MET:2025.449,MET_verified_live_2025.352_460_public_domain_primary_image,MET,2025.449,912008,,,Butterflies on Loquats,,https://www.metmuseum.org/art/collection/search/912008,https://images.metmuseum.org/CRDImages/as/web-large/DP-41460-001.jpg,https://images.metmuseum.org/CRDImages/as/original/DP-41460-001.jpg,1
MET:2025.450,MET_verified_live_2025.352_460_public_domain_primary_image,MET,2025.450,912012,,,Butterfly on Peony and Iris,,https://www.metmuseum.org/art/collection/search/912012,https://images.metmuseum.org/CRDImages/as/web-large/DP-41461-001.jpg,https://images.metmuseum.org/CRDImages/as/original/DP-41461-001.jpg,1
MET:2025.451,MET_verified_live_2025.352_460_public_domain_primary_image,MET,2025.451,912015,,,Butterfly on Buddha's Hand Citron,,https://www.metmuseum.org/art/collection/search/912015,https://images.metmuseum.org/CRDImages/as/web-large/DP-41462-001.jpg,https://images.metmuseum.org/CRDImages/as/original/DP-41462-001.jpg,1
MET:2025.452,MET_verified_live_2025.352_460_public_domain_primary_image,MET,2025.452,912016,,,Poppy and Stone,,https://www.metmuseum.org/art/collection/search/912016,https://images.metmuseum.org/CRDImages/as/web-large/DP-41463-001.jpg,https://images.metmuseum.org/CRDImages/as/original/DP-41463-001.jpg,1
MET:2025.453,MET_verified_live_2025.352_460_public_domain_primary_image,MET,2025.453,912017,,,Orchid and Stone,,https://www.metmuseum.org/art/collection/search/912017,https://images.metmuseum.org/CRDImages/as/web-large/DP-41464-001.jpg,https://images.metmuseum.org/CRDImages/as/original/DP-41464-001.jpg,1
MET:2025.454,MET_verified_live_2025.352_460_public_domain_primary_image,MET,2025.454,912018,,,Roses?,,https://www.metmuseum.org/art/collection/search/912018,https://images.metmuseum.org/CRDImages/as/web-large/DP-41465-001.jpg,https://images.metmuseum.org/CRDImages/as/original/DP-41465-001.jpg,1
MET:2025.455,MET_verified_live_2025.352_460_public_domain_primary_image,MET,2025.455,912023,,,Bird on Viburnum,,https://www.metmuseum.org/art/collection/search/912023,https://images.metmuseum.org/CRDImages/as/web-large/DP-41466-001.jpg,https://images.metmuseum.org/CRDImages/as/original/DP-41466-001.jpg,1
MET:2025.456,MET_verified_live_2025.352_460_public_domain_primary_image,MET,2025.456,912024,,,Mynah Birds,,https://www.metmuseum.org/art/collection/search/912024,https://images.metmuseum.org/CRDImages/as/web-large/DP-41467-001.jpg,https://images.metmuseum.org/CRDImages/as/original/DP-41467-001.jpg,1
MET:2025.457,MET_verified_live_2025.352_460_public_domain_primary_image,MET,2025.457,912025,,,Grasshopper on Pomegranate,,https://www.metmuseum.org/art/collection/search/912025,https://images.metmuseum.org/CRDImages/as/web-large/DP-41468-001.jpg,https://images.metmuseum.org/CRDImages/as/original/DP-41468-001.jpg,1
MET:2025.458,MET_verified_live_2025.352_460_public_domain_primary_image,MET,2025.458,912028,,,Pomegranate in a bronze vase,,https://www.metmuseum.org/art/collection/search/912028,https://images.metmuseum.org/CRDImages/as/web-large/DP-41469-001.jpg,https://images.metmuseum.org/CRDImages/as/original/DP-41469-001.jpg,1
MET:2025.459,MET_verified_live_2025.352_460_public_domain_primary_image,MET,2025.459,912030,,,Chrysanthemum and Begonia in a Bronze Vase,,https://www.metmuseum.org/art/collection/search/912030,https://images.metmuseum.org/CRDImages/as/web-large/DP-41470-001.jpg,https://images.metmuseum.org/CRDImages/as/original/DP-41470-001.jpg,1
MET:2025.460,MET_verified_live_2025.352_460_public_domain_primary_image,MET,2025.460,912945,,,"Wooden chest with print ""Gusu Beauty in Winter"" pasted inside",,https://www.metmuseum.org/art/collection/search/912945,https://images.metmuseum.org/CRDImages/as/web-large/DP-41019-004.jpg,https://images.metmuseum.org/CRDImages/as/original/DP-41019-004.jpg,1
