filename	size_bytes	sha256
README_gusu_v05_ingest.md	1736	8cab0fec804ed9a8e1e6e6761c7f4bd27c54a0244b6ae6fd10171441ec343e0a
README_gusu_v11.md	2615	177f785f3c19767c40684bd475b19c18e20e12778666bcd3897a06c93a021ffe
README_gusu_vonderburg.md	4125	b34bacb58c9a59045241421f5eddf27a08aa9b101a8fe9c5cb4eaaf7ca16e475
a5f0c96d-3a09-4ed1-8e83-afd2865aa097.png	908928	b3ec271a424e6eb0a557a8e66147c9a93e85d362b2911268b4e88c13dd57b0d6
download_cma_gusu_v12.sh	1634	ff0119fcefa0abd9e5ee3f910e4e2dbb5b4fba8a3317c1fc37e0c7c76aef60a1
download_gusu_images.ps1	1289	3a4565a9a99e0b18c73fc3665c2a6553a92d74f569719241e7e1e12aead4d9e9
fetch_book_assets_v05.py	3965	33dbc9300568d1ce91e23744ac705753000424a8474545d5d326fa6db2da8ab3
gusu_vonderburg_book_ingest_template_v05.csv	2245	72cb41f8c450d5787294039a63c9602e58dcb6d306c4a4a29d50399f5c5682ac
gusu_vonderburg_book_samples_v04.csv	3708	613df6620f83d46a8b505527ab6c403a394e14028d27917c6b3073ee3979bac7
gusu_vonderburg_catalogue_bundle.zip	24303	3be7fab4a99d5d1394c27151d87da1d6b5d3aadb4fa66d1916f6fba3af584fb4
gusu_vonderburg_catalogue_manifest_seed.csv	86049	0e67fc7ef1fed445bfcd4c425df2a5a0a9f566b23b75c65fed12e004942cfaa0
gusu_vonderburg_cma_candidate_block.csv	41530	76e0eecd93838c56d5a33ac2191ee8c9f9e7fd9ae4e278360d8cd82ed23643cf
gusu_vonderburg_cma_v07_hard_audit.csv	19655	a83b2d02303d8a76222be8f5bf39e3b0ec8cafe77dd7d4edc8018c8ed9f330f2
gusu_vonderburg_cma_v07_summary.json	928	63597079532622e682544b17977eaf9fe0c5c9308d1bf26810fa2018a01231c6
gusu_vonderburg_cma_v08_exact_site_sweep.csv	21442	f365d45c6a51472dd791684d06180b0b9b8f6e960c43f24f45c3d62b4a9c528b
gusu_vonderburg_cma_v08_summary.json	1387	24ebbf750555e6472aa15f2ada7620a0d0d36018bd793fa1754bda0df23e73a4
gusu_vonderburg_cma_v11_audit.csv	248656	0457f61bb34933b8be8f0fcedfc2fb841b14ef41117b3bffedcb1e3f93442a56
gusu_vonderburg_cma_v12_batch_commands.csv	10741	d5c18402d75550d1a03d9f8e3856769276dddd338cbcadea6bbc68e90897fd60
gusu_vonderburg_cma_v12_download_ready.csv	42035	2999f844dfa59a6d544169714e02782bd7d5c23ae7eda9ab54675ee5f6c3022c
gusu_vonderburg_cma_v12_observed_web_origins.csv	39268	76ae622f8a993013e5df811ff75b698af002f8da49399c34ebf9205694205896
gusu_vonderburg_cma_v13_boundary_audit.csv	1998	86e1001a45e385ede83d1c309c61a154cf468323dc26707c542e87dff2754241
gusu_vonderburg_manifest_v03.ndjson	449075	6b8ee9732466cedac6f9594cf4809d50a16154c23c081242fbdac0d8f798ca96
gusu_vonderburg_manifest_v03_bundle.zip	62281	b08208f1359d907a0d672a20a6c394c58e06b20f633cd97b300ca0a66759793a
gusu_vonderburg_manifest_v03_excel.csv	198935	f313118564adc0771454f8c73cc549574833e05f5f205e10f4acfd6b6cc5142a
gusu_vonderburg_manifest_v03_machine.csv	198932	5338b04a51ef6f0b10657084125d3276b617c8707009e97323e869fe13b6efbc
gusu_vonderburg_manifest_v03_metadata.json	1525	1d9a06a6167dbdb05c84822361975667488d412139ab5ef786c4d30e19e65174
gusu_vonderburg_manifest_v04_bundle.zip	41513	7c83562a31f70af2de40b8d9d636ef56ccec5060533bdebc3e688199319e318c
gusu_vonderburg_manifest_v04_excel.csv	219187	aaf6606d49bd1ab0051e69d39c81ddea37e4b97e5f06bfe3fd6959162ac8ba89
gusu_vonderburg_manifest_v04_machine.csv	219184	8841f2f5be63e1f637030fbc129b1632b5adaf90c6dffcab5756c42b557834e5
gusu_vonderburg_manifest_v05_machine.csv	222820	197eb4440167fc0d862544e350049a41e4e6f72f0f0693b4358f97d992d981ea
gusu_vonderburg_manifest_v06_bundle.zip	54699	6c025237bcd4b2af4ec39d20129fb7db465f2d85d2405513723f4a8c5a777004
gusu_vonderburg_manifest_v06_excel.csv	235931	72767fdcef85a874effc5a3180c96cf6792754e338b6e94733acadd5f36fc32b
gusu_vonderburg_manifest_v06_machine.csv	235928	d0634f432a5db411909126412656616bbd1d4209b1a57ef9d9542763443dde3d
gusu_vonderburg_manifest_v07_bundle.zip	75768	c52c6ee83cc50531d6693b7be20cd1ebf310ed12fc9b48ae5c98382ceaaf5e0a
gusu_vonderburg_manifest_v07_excel.csv	240372	2d9cdbc02b0c1f8cca8f2d77287e64c4a4d4710aee8b7a3fae8f50fdbb77bfd1
gusu_vonderburg_manifest_v07_machine.csv	240369	51cadda525cd7c4de4ca6722d4a5e299dac82c5c129195935b6c70c802c8de88
gusu_vonderburg_manifest_v08_bundle.zip	55854	7d03f544fcce7d5fb11a849facdfe18e6722c34c8f78b520827e407368da1de3
gusu_vonderburg_manifest_v08_excel.csv	275847	5871488ff86c9a74a21ea876551bd2a7083032c6bb1b02acbcb331d8624387d5
gusu_vonderburg_manifest_v08_machine.csv	275844	05c4cd7a2b2bba178b6215dbb4296a59d7c4fef0483debef5fa678badb237d62
gusu_vonderburg_manifest_v09_bundle.zip	68893	bde416262b37dea0d74ed4e6543368eff8a5aa20776bdf49e51e7d625bbfc1f7
gusu_vonderburg_manifest_v09_excel.csv	286720	6e3c2f1c474f22f50f139b5cde4363073192fe5ff33f7623670fbe7463d48587
gusu_vonderburg_manifest_v09_machine.csv	286717	ab3be1585d59aa9dea009e573c698fcb2d91adb3e6788dbdea3485392f1d727a
gusu_vonderburg_manifest_v10_bundle.zip	66899	44852e0cf8a791f1a110428d37e10f75ce9887670fc760bcce97a3a13b1e0add
gusu_vonderburg_manifest_v10_excel.csv	296234	65a8690e800b03106316ceab1c627f838155bca54354e69499d6e1d502dba2e9
gusu_vonderburg_manifest_v10_machine.csv	296231	a7d2ae74d9582ecc633fcc904b6ac795649c75913702b1631ed8abc613d12499
gusu_vonderburg_manifest_v11_bundle.zip	96856	3be84e35fc58d5e53efba1146a3ec4779f58965f33926aa75a224dfe57ab0eae
gusu_vonderburg_manifest_v11_excel.csv	389074	421683203a353db1f58f727219b5a9f3509df26782ed5b1778f6bee695d67a78
gusu_vonderburg_manifest_v11_machine.csv	389071	a89b01be47284bf49efabdbdaf5a615f097651b2f68575bf80a83f4aa409f46c
gusu_vonderburg_manifest_v12_bundle.zip	95421	6b4f460d38dd1f84146fcd3ec1471addd3bcba642dfd9fb06b735f708681b02c
gusu_vonderburg_manifest_v12_excel.csv	402608	5b9f1045c0538a8a23bc4ed73dd20f1f67b45f0cd769626812d4fa02a9231dd2
gusu_vonderburg_manifest_v12_machine.csv	402605	bde0c725fa27dd6d1165dae0bf85d36ebec7dda0c6f94c122ddcbd40217108e6
gusu_vonderburg_manifest_v13_bundle.zip	80135	6f9d73283d3e8857db61586d2c19a530ef3ae09ab022979aa036335a52857dc2
gusu_vonderburg_manifest_v13_excel.csv	406756	d5acd8f3f4f70d636ff0340722142c760b1c2c972ce18180b8138b080738f3f8
gusu_vonderburg_manifest_v13_machine.csv	406753	27631275477db2496087b985d1f66958b55aec41d0b70e7ef64ad27353698faa
gusu_vonderburg_met_v06_sequence_gaps.csv	16291	16d2d324b0547d3379fe21a5b0364a0f91589411404ac3a6765e82b5bf3ea72e
gusu_vonderburg_met_v06_verified_accessions.csv	105281	adb459ec1c100de522e71d6473ea510e0020f0a8591fc3ed1236ce67bcdb8586
gusu_vonderburg_met_v09_direct_image_summary.json	871	391efd1a281a7df074e15b76bf18479538af7561a0f9beffbfa47146facafaac
gusu_vonderburg_met_v09_direct_images.csv	67953	fa590c4d5c9d5924ff93e90c5c506abd2411099e3f669fd86164b8c9850b0d65
gusu_vonderburg_met_v09_download_manifest.csv	10106	fa7fea51bff7eea213b9ed4438707f6e4933f57e6a8c52aba12c1c97f278028d
gusu_vonderburg_met_v09_urls.txt	3400	bc51b9080c548c12ed9cdb6161a60c087b94343b863d2275097b8eab2e3e9f9e
gusu_vonderburg_met_v10_direct_image_exceptions.csv	1396	c08186602ab6c1fd9332fcb9128cc9e5867f35fa4e28b19855f52469a50b7501
gusu_vonderburg_met_v10_direct_images.csv	116900	6d20e8da2851242e43c4ceba413af756731b1e886a5816fdfb027c542bd7199f
gusu_vonderburg_met_v10_download_manifest.csv	17546	f1de4c508b0a08e32ee0bda572f50a705562128f04c0d34bed1679aa8c701f7f
gusu_vonderburg_met_v10_summary.json	789	58e1b73f2255d2d88ca7e4572c2671f98587f0ac13466092b79888399648a3ac
gusu_vonderburg_met_v10_urls.txt	5865	3ab84ac489f8eee41172545810e288e98e0ab606486d6f7d6b1b5db780ae247e
gusu_vonderburg_met_verified.csv	45050	ec2c96df53ec210d0c142fb22971cec9fd853ec745b2cdfadaa4636a0c9c361d
gusu_vonderburg_reject_log_v04.csv	562	6f0f73a7ef2df87a84a3fd752bd68b4cca2c63f1ea8d0a990fc97fb3dd309c0e
gusu_vonderburg_v05_ingest_bundle.zip	23534	850ceda780f6066f04d7f6d1be25e1cac151c5fddb27fef7e93ae8683459206b
gusu_vonderburg_v07_actionable_rows.csv	221516	e2d22911ba7308cb9d323885f2f7c86e5c4be0296d9a0fe521ad0aa3af180507
gusu_vonderburg_v11_summary.json	1141	9e8c6449b4ecb5e5724acbc12b3a1e8a7059d1e54a8ca4d41b848a5ea8e92a2e
gusu_vonderburg_v12_summary.json	1275	4e476c7cdb612c198dbe9fa0d77eb2c9a9d1fce782b052893c92cdb52fa42cb0
gusu_vonderburg_v13_summary.json	1076	0a03701f73648d8d79c1ab8664d5b49e600d6cfee75e55379ca25ca194be211c
resolve_cma_gusu_v11.py	8555	c48ff3e6b9e41aaec274dd747943a0ee32729f008469f872138bd3a9c16c5484
resolve_gusu_manifest.py	12041	df8b4d74ff85e5e2b0284d7c2a86a15657c9414f5f12261131b4fa9a30866b6e
split_book_spreads_v05.py	2767	ecb0a7743b378805bc7e343792f7a4710e9978236874a26eb772bd2b7fb86a75
